{
  "generated_at": "2026-03-26T05:11:25.663737+00:00",
  "source": "JPL Horizons",
  "planets": {
    "Mercúrio": {
      "id": 199,
      "radius": 2440,
      "orbit_km": 57909146.228983685,
      "period_days": 87.96927562632352,
      "eccentricity": 0.2056346356527984,
      "perihelion_arg_deg": 29.20099454893142,
      "a_AU": 0.3870987331438247,
      "i_deg": 7.003394854300798,
      "raan_deg": 48.29805131894101,
      "argp_deg": 29.20099454893142,
      "M_deg": 141.40485297363
    },
    "Vênus": {
      "id": 299,
      "radius": 6052,
      "orbit_km": 108208248.09081276,
      "period_days": 224.6985790097742,
      "eccentricity": 0.006789653875770067,
      "perihelion_arg_deg": 54.94874311186642,
      "a_AU": 0.7233274617110761,
      "i_deg": 3.394386890367999,
      "raan_deg": 76.60687791788652,
      "argp_deg": 54.94874311186642,
      "M_deg": 279.6350380793329
    },
    "Terra": {
      "id": 399,
      "radius": 6371,
      "orbit_km": 149591328.33990458,
      "period_days": 365.2323894469973,
      "eccentricity": 0.0162686149113204,
      "perihelion_arg_deg": 284.2407064701267,
      "a_AU": 0.999956267023957,
      "i_deg": 0.004463796638577853,
      "raan_deg": 178.8407963853499,
      "argp_deg": 284.2407064701267,
      "M_deg": 80.05646999200744
    },
    "Marte": {
      "id": 499,
      "radius": 3390,
      "orbit_km": 227936652.50568566,
      "period_days": 686.9600596207854,
      "eccentricity": 0.09346221594841593,
      "perihelion_arg_deg": 286.6205003055783,
      "a_AU": 1.523662412032484,
      "i_deg": 1.84748106877849,
      "raan_deg": 49.48168428403373,
      "argp_deg": 286.6205003055783,
      "M_deg": 359.8437667384307
    },
    "Júpiter": {
      "id": 599,
      "radius": 69911,
      "orbit_km": 778193694.6137767,
      "period_days": 4331.463723915725,
      "eccentricity": 0.04837127468866189,
      "perihelion_arg_deg": 273.4180676526747,
      "a_AU": 5.201903549645755,
      "i_deg": 1.303887642730225,
      "raan_deg": 100.5216785819669,
      "argp_deg": 273.4180676526747,
      "M_deg": 96.4744598705971
    },
    "Saturno": {
      "id": 699,
      "radius": 58232,
      "orbit_km": 1427524892.300619,
      "period_days": 10765.24179040044,
      "eccentricity": 0.05518095823727701,
      "perihelion_arg_deg": 338.5045820481597,
      "a_AU": 9.542414511790367,
      "i_deg": 2.487794535547823,
      "raan_deg": 113.6251355152768,
      "argp_deg": 338.5045820481597,
      "M_deg": 278.5735924915679
    },
    "Urano": {
      "id": 799,
      "radius": 25362,
      "orbit_km": 2883913348.448762,
      "period_days": 30915.34800731234,
      "eccentricity": 0.0470694949798994,
      "perihelion_arg_deg": 91.69160437783951,
      "a_AU": 19.27777003077867,
      "i_deg": 0.7741486299906148,
      "raan_deg": 73.99211045358919,
      "argp_deg": 91.69160437783951,
      "M_deg": 260.0634502694216
    },
    "Netuno": {
      "id": 899,
      "radius": 24622,
      "orbit_km": 4502997498.105515,
      "period_days": 60318.6598424866,
      "eccentricity": 0.01084002210782312,
      "perihelion_arg_deg": 278.4206472145646,
      "a_AU": 30.10067908744315,
      "i_deg": 1.766362556549888,
      "raan_deg": 131.6391567399273,
      "argp_deg": 278.4206472145646,
      "M_deg": 312.3835114415502
    }
  },
  "moons": {
    "Lua": {
      "id": 301,
      "planet": "Terra",
      "radius": 1737,
      "eccentricity": 0.03428727738730369,
      "orbit_km": 380200.37390162854,
      "period_days": 26.83869682723692
    },
    "Io": {
      "id": 501,
      "planet": "Júpiter",
      "radius": 1821,
      "eccentricity": 0.004717060903947404,
      "orbit_km": 422048.6881475971,
      "period_days": 1.77147292456254
    },
    "Europa": {
      "id": 502,
      "planet": "Júpiter",
      "radius": 1560,
      "eccentricity": 0.009219201070132112,
      "orbit_km": 671301.1330751,
      "period_days": 3.55362407135593
    },
    "Ganymede": {
      "id": 503,
      "planet": "Júpiter",
      "radius": 2634,
      "eccentricity": 0.001534737813664463,
      "orbit_km": 1070581.739755875,
      "period_days": 7.156714658932904
    },
    "Callisto": {
      "id": 504,
      "planet": "Júpiter",
      "radius": 2410,
      "eccentricity": 0.007058289792245449,
      "orbit_km": 1883123.4043910906,
      "period_days": 16.69578211655335
    },
    "Titan": {
      "id": 606,
      "planet": "Saturno",
      "radius": 2575,
      "eccentricity": 0.0287444489498897,
      "orbit_km": 1221963.3045419503,
      "period_days": 15.94790550776263
    }
  }
}