{
  "generated_at": "2026-07-14T05:36:00.939258+00:00",
  "source": "JPL Horizons",
  "planets": {
    "Mercúrio": {
      "id": 199,
      "radius": 2440,
      "orbit_km": 57909060.60083297,
      "period_days": 87.96908051093766,
      "eccentricity": 0.2056369807349133,
      "perihelion_arg_deg": 29.20150345320355,
      "a_AU": 0.3870981607549911,
      "i_deg": 7.003373674769219,
      "raan_deg": 48.2975729029792,
      "argp_deg": 29.20150345320355,
      "M_deg": 231.5617765488024
    },
    "Vênus": {
      "id": 299,
      "radius": 6052,
      "orbit_km": 108207914.64951988,
      "period_days": 224.6975404051166,
      "eccentricity": 0.006781021651164194,
      "perihelion_arg_deg": 54.83669589430828,
      "a_AU": 0.7233252327937036,
      "i_deg": 3.394371595430568,
      "raan_deg": 76.60655107471813,
      "argp_deg": 54.83669589430828,
      "M_deg": 95.98274052700333
    },
    "Terra": {
      "id": 399,
      "radius": 6371,
      "orbit_km": 149738948.73211142,
      "period_days": 365.7731532232224,
      "eccentricity": 0.01572943700968758,
      "perihelion_arg_deg": 259.7665822466004,
      "a_AU": 1.000943048396687,
      "i_deg": 0.002979328475863022,
      "raan_deg": 202.9236774869439,
      "argp_deg": 259.7665822466004,
      "M_deg": 188.8120111474223
    },
    "Marte": {
      "id": 499,
      "radius": 3390,
      "orbit_km": 227926501.25069177,
      "period_days": 686.9141690475724,
      "eccentricity": 0.09342610241767407,
      "perihelion_arg_deg": 286.6084933333252,
      "a_AU": 1.523594555084077,
      "i_deg": 1.84748393697876,
      "raan_deg": 49.48120661297894,
      "argp_deg": 286.6084933333252,
      "M_deg": 57.5035265780203
    },
    "Júpiter": {
      "id": 599,
      "radius": 69911,
      "orbit_km": 778305038.125087,
      "period_days": 4332.393372216968,
      "eccentricity": 0.0482511136708148,
      "perihelion_arg_deg": 273.5775466040599,
      "a_AU": 5.202647835047609,
      "i_deg": 1.303554246616215,
      "raan_deg": 100.5172472579879,
      "argp_deg": 273.5775466040599,
      "M_deg": 105.4708660474319
    },
    "Saturno": {
      "id": 699,
      "radius": 58232,
      "orbit_km": 1426843577.6191533,
      "period_days": 10757.53582101754,
      "eccentricity": 0.05511872763303528,
      "perihelion_arg_deg": 339.0281754070456,
      "a_AU": 9.53786020444443,
      "i_deg": 2.487295997261096,
      "raan_deg": 113.5815307819192,
      "argp_deg": 339.0281754070456,
      "M_deg": 281.7723130861178
    },
    "Urano": {
      "id": 799,
      "radius": 25362,
      "orbit_km": 2882392863.036178,
      "period_days": 30890.90198536571,
      "eccentricity": 0.04736741151366081,
      "perihelion_arg_deg": 92.25167477219597,
      "a_AU": 19.26760621357011,
      "i_deg": 0.7722445080142095,
      "raan_deg": 74.02475703918977,
      "argp_deg": 92.25167477219597,
      "M_deg": 260.7731548688357
    },
    "Netuno": {
      "id": 899,
      "radius": 24622,
      "orbit_km": 4498697542.360297,
      "period_days": 60232.28216699187,
      "eccentricity": 0.01005977327651266,
      "perihelion_arg_deg": 281.3138839284272,
      "a_AU": 30.07193565864235,
      "i_deg": 1.773809889544432,
      "raan_deg": 131.9265908024841,
      "argp_deg": 281.3138839284272,
      "M_deg": 309.835395662764
    }
  },
  "moons": {
    "Lua": {
      "id": 301,
      "planet": "Terra",
      "radius": 1737,
      "eccentricity": 0.06993909275712906,
      "orbit_km": 386066.8135512089,
      "period_days": 27.46226298542383
    },
    "Io": {
      "id": 501,
      "planet": "Júpiter",
      "radius": 1821,
      "eccentricity": 0.003780458627980291,
      "orbit_km": 422022.2642143195,
      "period_days": 1.771306562655723
    },
    "Europa": {
      "id": 502,
      "planet": "Júpiter",
      "radius": 1560,
      "eccentricity": 0.009277484364026733,
      "orbit_km": 671322.2198380365,
      "period_days": 3.553791511152586
    },
    "Ganymede": {
      "id": 503,
      "planet": "Júpiter",
      "radius": 2634,
      "eccentricity": 0.001871619209647608,
      "orbit_km": 1070335.6695660134,
      "period_days": 7.154247374737344
    },
    "Callisto": {
      "id": 504,
      "planet": "Júpiter",
      "radius": 2410,
      "eccentricity": 0.007355541522865312,
      "orbit_km": 1883129.6728433548,
      "period_days": 16.69586548081938
    },
    "Titan": {
      "id": 606,
      "planet": "Saturno",
      "radius": 2575,
      "eccentricity": 0.02877402816651121,
      "orbit_km": 1221930.341833488,
      "period_days": 15.94726021512649
    }
  }
}