{
  "generated_at": "2026-06-28T07:05:43.149214+00:00",
  "source": "JPL Horizons",
  "planets": {
    "Mercúrio": {
      "id": 199,
      "radius": 2440,
      "orbit_km": 57909026.43343385,
      "period_days": 87.96900265591269,
      "eccentricity": 0.2056380577843455,
      "perihelion_arg_deg": 29.20120634779023,
      "a_AU": 0.387097932360035,
      "i_deg": 7.003390066572029,
      "raan_deg": 48.29770264106343,
      "argp_deg": 29.20120634779023,
      "M_deg": 166.0844818430115
    },
    "Vênus": {
      "id": 299,
      "radius": 6052,
      "orbit_km": 108207882.54676752,
      "period_days": 224.6974404113826,
      "eccentricity": 0.006782652259930961,
      "perihelion_arg_deg": 54.83246842755443,
      "a_AU": 0.7233250182000587,
      "i_deg": 3.394372297790355,
      "raan_deg": 76.60654363181939,
      "argp_deg": 54.83246842755443,
      "M_deg": 70.35231970655262
    },
    "Terra": {
      "id": 399,
      "radius": 6371,
      "orbit_km": 149482741.6932253,
      "period_days": 364.8347845564469,
      "eccentricity": 0.01738642462333161,
      "perihelion_arg_deg": 294.2111490821666,
      "a_AU": 0.9992304101239143,
      "i_deg": 0.003724921385565246,
      "raan_deg": 168.0226973253054,
      "argp_deg": 294.2111490821666,
      "M_deg": 173.5215705418045
    },
    "Marte": {
      "id": 499,
      "radius": 3390,
      "orbit_km": 227926497.14237624,
      "period_days": 686.9141504754004,
      "eccentricity": 0.09342700562084849,
      "perihelion_arg_deg": 286.6080939254942,
      "a_AU": 1.523594527621684,
      "i_deg": 1.847486878220187,
      "raan_deg": 49.48118914507556,
      "argp_deg": 286.6080939254942,
      "M_deg": 49.11849268828902
    },
    "Júpiter": {
      "id": 599,
      "radius": 69911,
      "orbit_km": 778439761.8661664,
      "period_days": 4333.518319645106,
      "eccentricity": 0.04823387887411067,
      "perihelion_arg_deg": 273.7903261010801,
      "a_AU": 5.203548407632291,
      "i_deg": 1.303352279224482,
      "raan_deg": 100.5135190251743,
      "argp_deg": 273.7903261010801,
      "M_deg": 103.9281377733452
    },
    "Saturno": {
      "id": 699,
      "radius": 58232,
      "orbit_km": 1426889121.583795,
      "period_days": 10758.05088596409,
      "eccentricity": 0.05513654990492501,
      "perihelion_arg_deg": 339.0025096863141,
      "a_AU": 9.538164647043972,
      "i_deg": 2.487231087074791,
      "raan_deg": 113.5781540767287,
      "argp_deg": 339.0025096863141,
      "M_deg": 281.2674628130839
    },
    "Urano": {
      "id": 799,
      "radius": 25362,
      "orbit_km": 2882780068.6362777,
      "period_days": 30897.12677801156,
      "eccentricity": 0.04732951519238814,
      "perihelion_arg_deg": 92.08623932010767,
      "a_AU": 19.27019452313821,
      "i_deg": 0.771834005480276,
      "raan_deg": 74.03171103576025,
      "argp_deg": 92.08623932010767,
      "M_deg": 260.744207225321
    },
    "Netuno": {
      "id": 899,
      "radius": 24622,
      "orbit_km": 4500429879.933317,
      "period_days": 60267.07646689584,
      "eccentricity": 0.01037133970026098,
      "perihelion_arg_deg": 280.262769068525,
      "a_AU": 30.08351562007438,
      "i_deg": 1.766644245916345,
      "raan_deg": 131.646802170773,
      "argp_deg": 280.262769068525,
      "M_deg": 311.0804614983782
    }
  },
  "moons": {
    "Lua": {
      "id": 301,
      "planet": "Terra",
      "radius": 1737,
      "eccentricity": 0.05193190563904804,
      "orbit_km": 386202.25443391735,
      "period_days": 27.47671581798701
    },
    "Io": {
      "id": 501,
      "planet": "Júpiter",
      "radius": 1821,
      "eccentricity": 0.004084301279122541,
      "orbit_km": 422025.7426730409,
      "period_days": 1.771328462315929
    },
    "Europa": {
      "id": 502,
      "planet": "Júpiter",
      "radius": 1560,
      "eccentricity": 0.009660559872961369,
      "orbit_km": 671229.5001915882,
      "period_days": 3.553055288877287
    },
    "Ganymede": {
      "id": 503,
      "planet": "Júpiter",
      "radius": 2634,
      "eccentricity": 0.002183848755998191,
      "orbit_km": 1070668.8391945704,
      "period_days": 7.157588051152452
    },
    "Callisto": {
      "id": 504,
      "planet": "Júpiter",
      "radius": 2410,
      "eccentricity": 0.007306602039370258,
      "orbit_km": 1883509.6581144177,
      "period_days": 16.70091917129776
    },
    "Titan": {
      "id": 606,
      "planet": "Saturno",
      "radius": 2575,
      "eccentricity": 0.02878999103004328,
      "orbit_km": 1221953.8353326335,
      "period_days": 15.94772013342001
    }
  }
}