{
  "generated_at": "2026-03-07T04:25:17.497795+00:00",
  "source": "JPL Horizons",
  "planets": {
    "Mercúrio": {
      "id": 199,
      "radius": 2440,
      "orbit_km": 57909176.05103737,
      "period_days": 87.96934357996217,
      "eccentricity": 0.2056337004777179,
      "perihelion_arg_deg": 29.20108140328989,
      "a_AU": 0.3870989324919407,
      "i_deg": 7.003387986708069,
      "raan_deg": 48.2981001434992,
      "argp_deg": 29.20108140328989,
      "M_deg": 63.65041658668229
    },
    "Vênus": {
      "id": 299,
      "radius": 6052,
      "orbit_km": 108208281.18501465,
      "period_days": 224.6986820918521,
      "eccentricity": 0.006788873624605117,
      "perihelion_arg_deg": 54.94682579035999,
      "a_AU": 0.7233276829321519,
      "i_deg": 3.39438594412545,
      "raan_deg": 76.60689481680328,
      "argp_deg": 54.94682579035999,
      "M_deg": 249.196083820368
    },
    "Terra": {
      "id": 399,
      "radius": 6371,
      "orbit_km": 149496085.60452816,
      "period_days": 364.8836373363129,
      "eccentricity": 0.01659242420432977,
      "perihelion_arg_deg": 289.9510531095986,
      "a_AU": 0.9993196086615702,
      "i_deg": 0.004875735028030743,
      "raan_deg": 170.6438340212515,
      "argp_deg": 289.9510531095986,
      "M_deg": 63.74063398025473
    },
    "Marte": {
      "id": 499,
      "radius": 3390,
      "orbit_km": 227938638.22476777,
      "period_days": 686.9690365403923,
      "eccentricity": 0.09347036766163071,
      "perihelion_arg_deg": 286.6216769318174,
      "a_AU": 1.523675685744689,
      "i_deg": 1.847479168098683,
      "raan_deg": 49.48200326603945,
      "argp_deg": 286.6216769318174,
      "M_deg": 349.8857735572363
    },
    "Júpiter": {
      "id": 599,
      "radius": 69911,
      "orbit_km": 778330766.3076471,
      "period_days": 4332.608195820759,
      "eccentricity": 0.0481881931809062,
      "perihelion_arg_deg": 273.6126204004205,
      "a_AU": 5.202819817325429,
      "i_deg": 1.303438189978211,
      "raan_deg": 100.5165006556652,
      "argp_deg": 273.6126204004205,
      "M_deg": 94.72411006862521
    },
    "Saturno": {
      "id": 699,
      "radius": 58232,
      "orbit_km": 1427380297.4347737,
      "period_days": 10763.60620497247,
      "eccentricity": 0.05530538317365716,
      "perihelion_arg_deg": 338.697995505104,
      "a_AU": 9.541447954812192,
      "i_deg": 2.486715531956364,
      "raan_deg": 113.5561956078984,
      "argp_deg": 338.697995505104,
      "M_deg": 277.8287932787792
    },
    "Urano": {
      "id": 799,
      "radius": 25362,
      "orbit_km": 2884240285.503619,
      "period_days": 30920.60526961095,
      "eccentricity": 0.04701651932071102,
      "perihelion_arg_deg": 91.50029407109139,
      "a_AU": 19.27995547000536,
      "i_deg": 0.7707502467602503,
      "raan_deg": 74.05342664626377,
      "argp_deg": 91.50029407109139,
      "M_deg": 259.9690921033847
    },
    "Netuno": {
      "id": 899,
      "radius": 24622,
      "orbit_km": 4502159453.835188,
      "period_days": 60301.82193996871,
      "eccentricity": 0.01071350040841064,
      "perihelion_arg_deg": 278.9070798926257,
      "a_AU": 30.09507710750584,
      "i_deg": 1.772342973543311,
      "raan_deg": 131.8677826093516,
      "argp_deg": 278.9070798926257,
      "M_deg": 311.5544583785789
    }
  },
  "moons": {
    "Lua": {
      "id": 301,
      "planet": "Terra",
      "radius": 1737,
      "eccentricity": 0.05489078140116674,
      "orbit_km": 383963.44604949193,
      "period_days": 27.23813927860707
    },
    "Io": {
      "id": 501,
      "planet": "Júpiter",
      "radius": 1821,
      "eccentricity": 0.004454653952893369,
      "orbit_km": 422032.91983142454,
      "period_days": 1.771373648513201
    },
    "Europa": {
      "id": 502,
      "planet": "Júpiter",
      "radius": 1560,
      "eccentricity": 0.0097653469139794,
      "orbit_km": 671239.2054433854,
      "period_days": 3.553132349154433
    },
    "Ganymede": {
      "id": 503,
      "planet": "Júpiter",
      "radius": 2634,
      "eccentricity": 0.00138150583466232,
      "orbit_km": 1070538.0819144174,
      "period_days": 7.156276891992341
    },
    "Callisto": {
      "id": 504,
      "planet": "Júpiter",
      "radius": 2410,
      "eccentricity": 0.00746318226863626,
      "orbit_km": 1883319.386437323,
      "period_days": 16.69838855116119
    },
    "Titan": {
      "id": 606,
      "planet": "Saturno",
      "radius": 2575,
      "eccentricity": 0.02882376209854561,
      "orbit_km": 1221968.217319529,
      "period_days": 15.94800168322599
    }
  }
}