{
  "generated_at": "2026-03-06T04:46:38.894993+00:00",
  "source": "JPL Horizons",
  "planets": {
    "Mercúrio": {
      "id": 199,
      "radius": 2440,
      "orbit_km": 57909175.542509384,
      "period_days": 87.96934242121128,
      "eccentricity": 0.2056336262618269,
      "perihelion_arg_deg": 29.20108316598776,
      "a_AU": 0.3870989290926411,
      "i_deg": 7.003387619167551,
      "raan_deg": 48.29810699091483,
      "argp_deg": 29.20108316598776,
      "M_deg": 59.55808215985626
    },
    "Vênus": {
      "id": 299,
      "radius": 6052,
      "orbit_km": 108208295.42042817,
      "period_days": 224.6987264324339,
      "eccentricity": 0.006788803465668885,
      "perihelion_arg_deg": 54.9458611723857,
      "a_AU": 0.7233277780900138,
      "i_deg": 3.39438587093017,
      "raan_deg": 76.60689674852816,
      "argp_deg": 54.9458611723857,
      "M_deg": 247.5948985422777
    },
    "Terra": {
      "id": 399,
      "radius": 6371,
      "orbit_km": 149479829.52513838,
      "period_days": 364.8241232416699,
      "eccentricity": 0.01648039169708878,
      "perihelion_arg_deg": 290.0422233109782,
      "a_AU": 0.9992109434826227,
      "i_deg": 0.005197704026831302,
      "raan_deg": 170.3290213771275,
      "argp_deg": 290.0422233109782,
      "M_deg": 62.98592556378827
    },
    "Marte": {
      "id": 499,
      "radius": 3390,
      "orbit_km": 227938731.55911285,
      "period_days": 686.969458481658,
      "eccentricity": 0.09347076583686374,
      "perihelion_arg_deg": 286.621727131583,
      "a_AU": 1.52367630964625,
      "i_deg": 1.847479129550158,
      "raan_deg": 49.48202009043604,
      "argp_deg": 286.621727131583,
      "M_deg": 349.3616857609876
    },
    "Júpiter": {
      "id": 599,
      "radius": 69911,
      "orbit_km": 778386989.2612485,
      "period_days": 4333.077655154202,
      "eccentricity": 0.04812509737244094,
      "perihelion_arg_deg": 273.6951311282751,
      "a_AU": 5.203195644557049,
      "i_deg": 1.303249870468952,
      "raan_deg": 100.5144800732141,
      "argp_deg": 273.6951311282751,
      "M_deg": 94.56664328345404
    },
    "Saturno": {
      "id": 699,
      "radius": 58232,
      "orbit_km": 1427415057.1141903,
      "period_days": 10763.99938166773,
      "eccentricity": 0.05536520118766335,
      "perihelion_arg_deg": 338.6835447725381,
      "a_AU": 9.541680308917595,
      "i_deg": 2.486679502677573,
      "raan_deg": 113.553889160524,
      "argp_deg": 338.6835447725381,
      "M_deg": 277.8188049754643
    },
    "Urano": {
      "id": 799,
      "radius": 25362,
      "orbit_km": 2884001491.620877,
      "period_days": 30916.76535103891,
      "eccentricity": 0.04702078513780548,
      "perihelion_arg_deg": 91.60804186678581,
      "a_AU": 19.2783592314919,
      "i_deg": 0.7710437557439295,
      "raan_deg": 74.04807102829041,
      "argp_deg": 91.60804186678581,
      "M_deg": 259.8532895685022
    },
    "Netuno": {
      "id": 899,
      "radius": 24622,
      "orbit_km": 4502492380.411661,
      "period_days": 60308.51088018135,
      "eccentricity": 0.01065341867118087,
      "perihelion_arg_deg": 277.9721517619695,
      "a_AU": 30.09730258421159,
      "i_deg": 1.7754108018035,
      "raan_deg": 131.9837156314571,
      "argp_deg": 277.9721517619695,
      "M_deg": 312.3508929569628
    }
  },
  "moons": {
    "Lua": {
      "id": 301,
      "planet": "Terra",
      "radius": 1737,
      "eccentricity": 0.05177799793818039,
      "orbit_km": 385346.12452662777,
      "period_days": 27.3854012425623
    },
    "Io": {
      "id": 501,
      "planet": "Júpiter",
      "radius": 1821,
      "eccentricity": 0.003632636898052051,
      "orbit_km": 422020.18714626535,
      "period_days": 1.771293485905773
    },
    "Europa": {
      "id": 502,
      "planet": "Júpiter",
      "radius": 1560,
      "eccentricity": 0.009660170728440125,
      "orbit_km": 671235.4815761789,
      "period_days": 3.553102781361215
    },
    "Ganymede": {
      "id": 503,
      "planet": "Júpiter",
      "radius": 2634,
      "eccentricity": 0.001580758153208741,
      "orbit_km": 1070735.2575812472,
      "period_days": 7.158254087380605
    },
    "Callisto": {
      "id": 504,
      "planet": "Júpiter",
      "radius": 2410,
      "eccentricity": 0.007705338909259866,
      "orbit_km": 1883734.5092477438,
      "period_days": 16.70390986422435
    },
    "Titan": {
      "id": 606,
      "planet": "Saturno",
      "radius": 2575,
      "eccentricity": 0.02883530864181758,
      "orbit_km": 1221976.6239857485,
      "period_days": 15.94816625758526
    }
  }
}