{
  "generated_at": "2026-05-27T07:08:07.742296+00:00",
  "source": "JPL Horizons",
  "planets": {
    "Mercúrio": {
      "id": 199,
      "radius": 2440,
      "orbit_km": 57909162.468740374,
      "period_days": 87.96931263083383,
      "eccentricity": 0.2056346711170809,
      "perihelion_arg_deg": 29.20195962093895,
      "a_AU": 0.3870988416998931,
      "i_deg": 7.003383127625236,
      "raan_deg": 48.29785525190925,
      "argp_deg": 29.20195962093895,
      "M_deg": 35.12886963063823
    },
    "Vênus": {
      "id": 299,
      "radius": 6052,
      "orbit_km": 108208607.77396055,
      "period_days": 224.6996993544909,
      "eccentricity": 0.006788766980521812,
      "perihelion_arg_deg": 54.86217885394547,
      "a_AU": 0.723329866044414,
      "i_deg": 3.394371800242728,
      "raan_deg": 76.60667845889915,
      "argp_deg": 54.86217885394547,
      "M_deg": 19.0535898663886
    },
    "Terra": {
      "id": 399,
      "radius": 6371,
      "orbit_km": 149515000.59505576,
      "period_days": 364.9528898738258,
      "eccentricity": 0.01690995856457505,
      "perihelion_arg_deg": 267.0570234700026,
      "a_AU": 0.9994460475636688,
      "i_deg": 0.004314585255485416,
      "raan_deg": 194.0351684059602,
      "argp_deg": 267.0570234700026,
      "M_deg": 143.1419953206372
    },
    "Marte": {
      "id": 499,
      "radius": 3390,
      "orbit_km": 227928757.6559249,
      "period_days": 686.9243694447614,
      "eccentricity": 0.0934337032744599,
      "perihelion_arg_deg": 286.6120821821781,
      "a_AU": 1.523609638221441,
      "i_deg": 1.847491182928359,
      "raan_deg": 49.48112767585516,
      "argp_deg": 286.6120821821781,
      "M_deg": 32.34401277832428
    },
    "Júpiter": {
      "id": 599,
      "radius": 69911,
      "orbit_km": 778189163.657536,
      "period_days": 4331.425894688581,
      "eccentricity": 0.0482999030061088,
      "perihelion_arg_deg": 273.4027201762639,
      "a_AU": 5.201873262074018,
      "i_deg": 1.303824388447821,
      "raan_deg": 100.5218362621944,
      "argp_deg": 273.4027201762639,
      "M_deg": 101.6514123683121
    },
    "Saturno": {
      "id": 699,
      "radius": 58232,
      "orbit_km": 1427005956.854885,
      "period_days": 10759.37223480101,
      "eccentricity": 0.05517725611318739,
      "perihelion_arg_deg": 338.930955262038,
      "a_AU": 9.538945642592527,
      "i_deg": 2.487117548777558,
      "raan_deg": 113.5733324159418,
      "argp_deg": 338.930955262038,
      "M_deg": 280.2765676845006
    },
    "Urano": {
      "id": 799,
      "radius": 25362,
      "orbit_km": 2883379319.721338,
      "period_days": 30906.76127932817,
      "eccentricity": 0.0472427940429114,
      "perihelion_arg_deg": 91.88484590781532,
      "a_AU": 19.27420026922441,
      "i_deg": 0.7741595945758,
      "raan_deg": 73.99312002305194,
      "argp_deg": 91.88484590781532,
      "M_deg": 260.6066326599229
    },
    "Netuno": {
      "id": 899,
      "radius": 24622,
      "orbit_km": 4500401606.957839,
      "period_days": 60266.50854551575,
      "eccentricity": 0.01025132697909856,
      "perihelion_arg_deg": 279.3813650480001,
      "a_AU": 30.08332662690659,
      "i_deg": 1.775478620551957,
      "raan_deg": 131.9894938176024,
      "argp_deg": 279.3813650480001,
      "M_deg": 311.4106004282153
    }
  },
  "moons": {
    "Lua": {
      "id": 301,
      "planet": "Terra",
      "radius": 1737,
      "eccentricity": 0.05545276589537931,
      "orbit_km": 383092.9130269266,
      "period_days": 27.14555915836337
    },
    "Io": {
      "id": 501,
      "planet": "Júpiter",
      "radius": 1821,
      "eccentricity": 0.004591291728164916,
      "orbit_km": 422036.04793032754,
      "period_days": 1.771393342624633
    },
    "Europa": {
      "id": 502,
      "planet": "Júpiter",
      "radius": 1560,
      "eccentricity": 0.009620322782933498,
      "orbit_km": 671166.5876484899,
      "period_days": 3.55255577304979
    },
    "Ganymede": {
      "id": 503,
      "planet": "Júpiter",
      "radius": 2634,
      "eccentricity": 0.001305644648711915,
      "orbit_km": 1070676.5149807555,
      "period_days": 7.157665022030755
    },
    "Callisto": {
      "id": 504,
      "planet": "Júpiter",
      "radius": 2410,
      "eccentricity": 0.007155041375275688,
      "orbit_km": 1882525.8257405495,
      "period_days": 16.68783554382584
    },
    "Titan": {
      "id": 606,
      "planet": "Saturno",
      "radius": 2575,
      "eccentricity": 0.02880399058157464,
      "orbit_km": 1221969.5117005722,
      "period_days": 15.94802702283331
    }
  }
}