{
  "generated_at": "2026-04-01T05:28:37.254388+00:00",
  "source": "JPL Horizons",
  "planets": {
    "Mercúrio": {
      "id": 199,
      "radius": 2440,
      "orbit_km": 57909154.31880008,
      "period_days": 87.96929406007777,
      "eccentricity": 0.2056345420368931,
      "perihelion_arg_deg": 29.20104927324113,
      "a_AU": 0.3870987872209072,
      "i_deg": 7.003393135029971,
      "raan_deg": 48.29804810693359,
      "argp_deg": 29.20104927324113,
      "M_deg": 165.9588072408919
    },
    "Vênus": {
      "id": 299,
      "radius": 6052,
      "orbit_km": 108208326.25995043,
      "period_days": 224.6988224916387,
      "eccentricity": 0.00678988521992727,
      "perihelion_arg_deg": 54.94295002844012,
      "a_AU": 0.7233279842394872,
      "i_deg": 3.394386619116703,
      "raan_deg": 76.60687960242365,
      "argp_deg": 54.94295002844012,
      "M_deg": 289.2537087568346
    },
    "Terra": {
      "id": 399,
      "radius": 6371,
      "orbit_km": 149466901.79107398,
      "period_days": 364.7767966496549,
      "eccentricity": 0.01655086690757203,
      "perihelion_arg_deg": 279.9398716895457,
      "a_AU": 0.9991245269179757,
      "i_deg": 0.005457776850518557,
      "raan_deg": 180.1489322169329,
      "argp_deg": 279.9398716895457,
      "M_deg": 88.92700000021283
    },
    "Marte": {
      "id": 499,
      "radius": 3390,
      "orbit_km": 227935944.0308911,
      "period_days": 686.9568567999348,
      "eccentricity": 0.0934594210195081,
      "perihelion_arg_deg": 286.6200153018809,
      "a_AU": 1.523657676170996,
      "i_deg": 1.847482122490121,
      "raan_deg": 49.48158558964983,
      "argp_deg": 286.6200153018809,
      "M_deg": 2.988551830638203
    },
    "Júpiter": {
      "id": 599,
      "radius": 69911,
      "orbit_km": 778374105.3411112,
      "period_days": 4332.970073457283,
      "eccentricity": 0.04832300246077467,
      "perihelion_arg_deg": 273.6940298525041,
      "a_AU": 5.203109520870415,
      "i_deg": 1.303574442971085,
      "raan_deg": 100.5178622270025,
      "argp_deg": 273.6940298525041,
      "M_deg": 96.70178286803578
    },
    "Saturno": {
      "id": 699,
      "radius": 58232,
      "orbit_km": 1427966680.4715378,
      "period_days": 10770.2395923161,
      "eccentricity": 0.0553940962219698,
      "perihelion_arg_deg": 338.1482136820617,
      "a_AU": 9.545367683308463,
      "i_deg": 2.488840705824147,
      "raan_deg": 113.6942112162474,
      "argp_deg": 338.1482136820617,
      "M_deg": 279.0831321403617
    },
    "Urano": {
      "id": 799,
      "radius": 25362,
      "orbit_km": 2883798152.922474,
      "period_days": 30913.49569391546,
      "eccentricity": 0.04709930545712793,
      "perihelion_arg_deg": 91.66159047422269,
      "a_AU": 19.2769999962471,
      "i_deg": 0.7700212012323644,
      "raan_deg": 74.06554871162183,
      "argp_deg": 91.66159047422269,
      "M_deg": 260.0923143779119
    },
    "Netuno": {
      "id": 899,
      "radius": 24622,
      "orbit_km": 4502982505.882314,
      "period_days": 60318.35860645687,
      "eccentricity": 0.01082500894495361,
      "perihelion_arg_deg": 278.3822631564379,
      "a_AU": 30.10057887062101,
      "i_deg": 1.766108285626377,
      "raan_deg": 131.6291454939508,
      "argp_deg": 278.3822631564379,
      "M_deg": 312.4657404035871
    }
  },
  "moons": {
    "Lua": {
      "id": 301,
      "planet": "Terra",
      "radius": 1737,
      "eccentricity": 0.03995323412933175,
      "orbit_km": 386743.2037563692,
      "period_days": 27.53446553672716
    },
    "Io": {
      "id": 501,
      "planet": "Júpiter",
      "radius": 1821,
      "eccentricity": 0.003743615396938662,
      "orbit_km": 422021.8045735184,
      "period_days": 1.771303668858589
    },
    "Europa": {
      "id": 502,
      "planet": "Júpiter",
      "radius": 1560,
      "eccentricity": 0.009642612004231003,
      "orbit_km": 671229.8131901509,
      "period_days": 3.553057774095819
    },
    "Ganymede": {
      "id": 503,
      "planet": "Júpiter",
      "radius": 2634,
      "eccentricity": 0.001498491687079749,
      "orbit_km": 1070502.1814811048,
      "period_days": 7.155916917006264
    },
    "Callisto": {
      "id": 504,
      "planet": "Júpiter",
      "radius": 2410,
      "eccentricity": 0.006898227938831597,
      "orbit_km": 1883574.4030527219,
      "period_days": 16.70178031045011
    },
    "Titan": {
      "id": 606,
      "planet": "Saturno",
      "radius": 2575,
      "eccentricity": 0.02868122698120561,
      "orbit_km": 1221966.7686392227,
      "period_days": 15.94797332297637
    }
  }
}