{
  "generated_at": "2026-07-04T06:24:12.114305+00:00",
  "source": "JPL Horizons",
  "planets": {
    "Mercúrio": {
      "id": 199,
      "radius": 2440,
      "orbit_km": 57909044.70219561,
      "period_days": 87.96904428374627,
      "eccentricity": 0.2056376743212711,
      "perihelion_arg_deg": 29.20127080045988,
      "a_AU": 0.3870980544791645,
      "i_deg": 7.003383775191287,
      "raan_deg": 48.29767444097124,
      "argp_deg": 29.20127080045988,
      "M_deg": 190.6385262517063
    },
    "Vênus": {
      "id": 299,
      "radius": 6052,
      "orbit_km": 108207858.63490841,
      "period_days": 224.697365930673,
      "eccentricity": 0.006781992927738021,
      "perihelion_arg_deg": 54.83201895909296,
      "a_AU": 0.7233248583591532,
      "i_deg": 3.394372361163595,
      "raan_deg": 76.60654220907747,
      "argp_deg": 54.83201895909296,
      "M_deg": 79.96577027902805
    },
    "Terra": {
      "id": 399,
      "radius": 6371,
      "orbit_km": 149512076.9061233,
      "period_days": 364.9421852270895,
      "eccentricity": 0.01722438266004883,
      "perihelion_arg_deg": 315.6508852787967,
      "a_AU": 0.9994265039102814,
      "i_deg": 0.004561276433026771,
      "raan_deg": 148.2042417042895,
      "argp_deg": 315.6508852787967,
      "M_deg": 177.7643005585066
    },
    "Marte": {
      "id": 499,
      "radius": 3390,
      "orbit_km": 227926405.1611571,
      "period_days": 686.9137346624382,
      "eccentricity": 0.09342654081700458,
      "perihelion_arg_deg": 286.6080176167578,
      "a_AU": 1.523593912765211,
      "i_deg": 1.847485847150975,
      "raan_deg": 49.48119704032887,
      "argp_deg": 286.6080176167578,
      "M_deg": 52.263095585092
    },
    "Júpiter": {
      "id": 599,
      "radius": 69911,
      "orbit_km": 778359096.2097816,
      "period_days": 4332.844747210705,
      "eccentricity": 0.04826455985918091,
      "perihelion_arg_deg": 273.6695671971044,
      "a_AU": 5.203009191024413,
      "i_deg": 1.303478223394771,
      "raan_deg": 100.5158121539091,
      "argp_deg": 273.6695671971044,
      "M_deg": 104.5451344324157
    },
    "Saturno": {
      "id": 699,
      "radius": 58232,
      "orbit_km": 1427524088.7453787,
      "period_days": 10765.23270075309,
      "eccentricity": 0.05522804854820649,
      "perihelion_arg_deg": 338.4259659185904,
      "a_AU": 9.542409140355357,
      "i_deg": 2.488847569850372,
      "raan_deg": 113.708168778305,
      "argp_deg": 338.4259659185904,
      "M_deg": 281.9186160703396
    },
    "Urano": {
      "id": 799,
      "radius": 25362,
      "orbit_km": 2882519736.0304503,
      "period_days": 30892.94157428242,
      "eccentricity": 0.04734449176775453,
      "perihelion_arg_deg": 92.2188216673431,
      "a_AU": 19.26845430715379,
      "i_deg": 0.7732961258878989,
      "raan_deg": 74.00776932323983,
      "argp_deg": 92.2188216673431,
      "M_deg": 260.704907220043
    },
    "Netuno": {
      "id": 899,
      "radius": 24622,
      "orbit_km": 4500469622.64438,
      "period_days": 60267.8747847316,
      "eccentricity": 0.01036027875774864,
      "perihelion_arg_deg": 280.1556324290035,
      "a_AU": 30.08378128368895,
      "i_deg": 1.766390909689875,
      "raan_deg": 131.6366326902512,
      "argp_deg": 280.1556324290035,
      "M_deg": 311.2310699248947
    }
  },
  "moons": {
    "Lua": {
      "id": 301,
      "planet": "Terra",
      "radius": 1737,
      "eccentricity": 0.05216989872039085,
      "orbit_km": 383572.3320877489,
      "period_days": 27.19653178975628
    },
    "Io": {
      "id": 501,
      "planet": "Júpiter",
      "radius": 1821,
      "eccentricity": 0.003924270240333514,
      "orbit_km": 422023.1282338086,
      "period_days": 1.771312002336177
    },
    "Europa": {
      "id": 502,
      "planet": "Júpiter",
      "radius": 1560,
      "eccentricity": 0.00962941205409997,
      "orbit_km": 671222.5142876632,
      "period_days": 3.552999820728989
    },
    "Ganymede": {
      "id": 503,
      "planet": "Júpiter",
      "radius": 2634,
      "eccentricity": 0.001987363531866739,
      "orbit_km": 1070691.6287368175,
      "period_days": 7.15781657983094
    },
    "Callisto": {
      "id": 504,
      "planet": "Júpiter",
      "radius": 2410,
      "eccentricity": 0.007177999784746775,
      "orbit_km": 1882413.8339167933,
      "period_days": 16.68634642215013
    },
    "Titan": {
      "id": 606,
      "planet": "Saturno",
      "radius": 2575,
      "eccentricity": 0.02866851059093212,
      "orbit_km": 1221951.8081119773,
      "period_days": 15.94768044754973
    }
  }
}