{
  "generated_at": "2026-06-30T06:59:13.738012+00:00",
  "source": "JPL Horizons",
  "planets": {
    "Mercúrio": {
      "id": 199,
      "radius": 2440,
      "orbit_km": 57909031.41222785,
      "period_days": 87.96901400076456,
      "eccentricity": 0.2056379577261022,
      "perihelion_arg_deg": 29.20122096814868,
      "a_AU": 0.3870979656412172,
      "i_deg": 7.003388159306787,
      "raan_deg": 48.29769611125293,
      "argp_deg": 29.20122096814868,
      "M_deg": 174.2691722668433
    },
    "Vênus": {
      "id": 299,
      "radius": 6052,
      "orbit_km": 108207869.52886443,
      "period_days": 224.6973998631894,
      "eccentricity": 0.006782420463728483,
      "perihelion_arg_deg": 54.83204096481548,
      "a_AU": 0.7233249311807514,
      "i_deg": 3.394372352577444,
      "raan_deg": 76.60654241998027,
      "argp_deg": 54.83204096481548,
      "M_deg": 73.55708105748228
    },
    "Terra": {
      "id": 399,
      "radius": 6371,
      "orbit_km": 149473408.99828964,
      "period_days": 364.8006183520835,
      "eccentricity": 0.01746643118482807,
      "perihelion_arg_deg": 305.5120529222905,
      "a_AU": 0.9991680249115314,
      "i_deg": 0.004055595717912649,
      "raan_deg": 157.2494738996613,
      "argp_deg": 305.5120529222905,
      "M_deg": 174.9480108161998
    },
    "Marte": {
      "id": 499,
      "radius": 3390,
      "orbit_km": 227926453.56648746,
      "period_days": 686.9139534849654,
      "eccentricity": 0.09342682966986188,
      "perihelion_arg_deg": 286.6080377402262,
      "a_AU": 1.523594236334859,
      "i_deg": 1.847486496093326,
      "raan_deg": 49.4811923117097,
      "argp_deg": 286.6080377402262,
      "M_deg": 50.16672224071491
    },
    "Júpiter": {
      "id": 599,
      "radius": 69911,
      "orbit_km": 778303811.3713226,
      "period_days": 4332.383129232167,
      "eccentricity": 0.04822508114237273,
      "perihelion_arg_deg": 273.5680266209287,
      "a_AU": 5.202639634705193,
      "i_deg": 1.303538621299579,
      "raan_deg": 100.5170167005883,
      "argp_deg": 273.5680266209287,
      "M_deg": 104.3204762314002
    },
    "Saturno": {
      "id": 699,
      "radius": 58232,
      "orbit_km": 1427112031.5229604,
      "period_days": 10760.57193341681,
      "eccentricity": 0.05509495373015801,
      "perihelion_arg_deg": 338.770200523153,
      "a_AU": 9.539654707952742,
      "i_deg": 2.487975424393162,
      "raan_deg": 113.6379931724267,
      "argp_deg": 338.770200523153,
      "M_deg": 281.4997396806882
    },
    "Urano": {
      "id": 799,
      "radius": 25362,
      "orbit_km": 2882619453.0398283,
      "period_days": 30894.54463965675,
      "eccentricity": 0.04733459614118203,
      "perihelion_arg_deg": 92.17741204567682,
      "a_AU": 19.26912087419055,
      "i_deg": 0.7732575459798937,
      "raan_deg": 74.00839097614244,
      "argp_deg": 92.17741204567682,
      "M_deg": 260.6988176915721
    },
    "Netuno": {
      "id": 899,
      "radius": 24622,
      "orbit_km": 4501100839.597524,
      "period_days": 60280.55460751429,
      "eccentricity": 0.01027525034888156,
      "perihelion_arg_deg": 278.5066061039746,
      "a_AU": 30.0880007084053,
      "i_deg": 1.77112184843694,
      "raan_deg": 131.8219086087381,
      "argp_deg": 278.5066061039746,
      "M_deg": 312.643879807436
    }
  },
  "moons": {
    "Lua": {
      "id": 301,
      "planet": "Terra",
      "radius": 1737,
      "eccentricity": 0.04854188730653156,
      "orbit_km": 387226.5990759446,
      "period_days": 27.58610519012213
    },
    "Io": {
      "id": 501,
      "planet": "Júpiter",
      "radius": 1821,
      "eccentricity": 0.003603698828388332,
      "orbit_km": 422021.4203788427,
      "period_days": 1.771301250054834
    },
    "Europa": {
      "id": 502,
      "planet": "Júpiter",
      "radius": 1560,
      "eccentricity": 0.009381816679588413,
      "orbit_km": 671306.9703237655,
      "period_days": 3.553670421864159
    },
    "Ganymede": {
      "id": 503,
      "planet": "Júpiter",
      "radius": 2634,
      "eccentricity": 0.002087135824794859,
      "orbit_km": 1070394.2505715312,
      "period_days": 7.15483472609542
    },
    "Callisto": {
      "id": 504,
      "planet": "Júpiter",
      "radius": 2410,
      "eccentricity": 0.007306380981584191,
      "orbit_km": 1883112.6719577408,
      "period_days": 16.69563938604
    },
    "Titan": {
      "id": 606,
      "planet": "Saturno",
      "radius": 2575,
      "eccentricity": 0.02872694859863129,
      "orbit_km": 1221939.198967766,
      "period_days": 15.94743360546988
    }
  }
}