{
  "generated_at": "2026-02-02T05:02:36.753022+00:00",
  "source": "JPL Horizons",
  "planets": {
    "Mercúrio": {
      "id": 199,
      "radius": 2440,
      "orbit_km": 57909227.23907052,
      "period_days": 87.9694602189556,
      "eccentricity": 0.2056331641781656,
      "perihelion_arg_deg": 29.20041929035142,
      "a_AU": 0.3870992746628079,
      "i_deg": 7.003385142400557,
      "raan_deg": 48.29822707153807,
      "argp_deg": 29.20041929035142,
      "M_deg": 288.6038653648607
    },
    "Vênus": {
      "id": 299,
      "radius": 6052,
      "orbit_km": 108209046.07346772,
      "period_days": 224.7010645767579,
      "eccentricity": 0.006783946358720702,
      "perihelion_arg_deg": 54.90329232801878,
      "a_AU": 0.7233327958956552,
      "i_deg": 3.394385694722175,
      "raan_deg": 76.60702957828164,
      "argp_deg": 54.90329232801878,
      "M_deg": 196.3690188223619
    },
    "Terra": {
      "id": 399,
      "radius": 6371,
      "orbit_km": 149457569.07763737,
      "period_days": 364.7426321878767,
      "eccentricity": 0.01589288926418975,
      "perihelion_arg_deg": 301.0607574281678,
      "a_AU": 0.9990621415819214,
      "i_deg": 0.005118070887055255,
      "raan_deg": 160.3743140877622,
      "argp_deg": 301.0607574281678,
      "M_deg": 30.4049354920063
    },
    "Marte": {
      "id": 499,
      "radius": 3390,
      "orbit_km": 227941170.1964086,
      "period_days": 686.9804829824865,
      "eccentricity": 0.09348161001859065,
      "perihelion_arg_deg": 286.6222600375137,
      "a_AU": 1.523692610929713,
      "i_deg": 1.847481453642975,
      "raan_deg": 49.48259620044336,
      "argp_deg": 286.6222600375137,
      "M_deg": 332.5920130420529
    },
    "Júpiter": {
      "id": 599,
      "radius": 69911,
      "orbit_km": 778236450.6140034,
      "period_days": 4331.820701765218,
      "eccentricity": 0.04823477667009,
      "perihelion_arg_deg": 273.4728035619635,
      "a_AU": 5.202189355854271,
      "i_deg": 1.303605770260243,
      "raan_deg": 100.5182751176094,
      "argp_deg": 273.4728035619635,
      "M_deg": 92.11617153131886
    },
    "Saturno": {
      "id": 699,
      "radius": 58232,
      "orbit_km": 1427592263.22043,
      "period_days": 10766.00388513061,
      "eccentricity": 0.0553857312173547,
      "perihelion_arg_deg": 338.5529634410088,
      "a_AU": 9.54286485857335,
      "i_deg": 2.486668313607308,
      "raan_deg": 113.5575791549438,
      "argp_deg": 338.5529634410088,
      "M_deg": 276.8769545895394
    },
    "Urano": {
      "id": 799,
      "radius": 25362,
      "orbit_km": 2884469793.626025,
      "period_days": 30924.29601857499,
      "eccentricity": 0.04691512237082952,
      "perihelion_arg_deg": 91.44841884477812,
      "a_AU": 19.28148963704485,
      "i_deg": 0.7721664336439655,
      "raan_deg": 74.02799269305399,
      "argp_deg": 91.44841884477812,
      "M_deg": 259.6525227351077
    },
    "Netuno": {
      "id": 899,
      "radius": 24622,
      "orbit_km": 4505414417.59068,
      "period_days": 60367.22912483251,
      "eccentricity": 0.01113995814099676,
      "perihelion_arg_deg": 276.0764973173389,
      "a_AU": 30.11683519630925,
      "i_deg": 1.766288943693748,
      "raan_deg": 131.6381959347273,
      "argp_deg": 276.0764973173389,
      "M_deg": 314.4086448666444
    }
  },
  "moons": {
    "Lua": {
      "id": 301,
      "planet": "Terra",
      "radius": 1737,
      "eccentricity": 0.05610084985201504,
      "orbit_km": 386750.7633465264,
      "period_days": 27.53527285650602
    },
    "Io": {
      "id": 501,
      "planet": "Júpiter",
      "radius": 1821,
      "eccentricity": 0.003514102555820675,
      "orbit_km": 422020.66274251626,
      "period_days": 1.771296480149191
    },
    "Europa": {
      "id": 502,
      "planet": "Júpiter",
      "radius": 1560,
      "eccentricity": 0.009465241167989882,
      "orbit_km": 671297.336756881,
      "period_days": 3.553593926906441
    },
    "Ganymede": {
      "id": 503,
      "planet": "Júpiter",
      "radius": 2634,
      "eccentricity": 0.001830947164367257,
      "orbit_km": 1070355.6044246154,
      "period_days": 7.154447246017828
    },
    "Callisto": {
      "id": 504,
      "planet": "Júpiter",
      "radius": 2410,
      "eccentricity": 0.007350883833190625,
      "orbit_km": 1883245.463170904,
      "period_days": 16.69740540354316
    },
    "Titan": {
      "id": 606,
      "planet": "Saturno",
      "radius": 2575,
      "eccentricity": 0.02881785719393463,
      "orbit_km": 1221950.9622360724,
      "period_days": 15.94766388827602
    }
  }
}