{
  "generated_at": "2026-02-18T04:58:40.035821+00:00",
  "source": "JPL Horizons",
  "planets": {
    "Mercúrio": {
      "id": 199,
      "radius": 2440,
      "orbit_km": 57909089.27440217,
      "period_days": 87.96914584754829,
      "eccentricity": 0.2056321395129383,
      "perihelion_arg_deg": 29.20102549525427,
      "a_AU": 0.3870983524259625,
      "i_deg": 7.003389617171485,
      "raan_deg": 48.29817950180547,
      "argp_deg": 29.20102549525427,
      "M_deg": 354.0807315032263
    },
    "Vênus": {
      "id": 299,
      "radius": 6052,
      "orbit_km": 108208655.46904904,
      "period_days": 224.699847915776,
      "eccentricity": 0.006786785177009307,
      "perihelion_arg_deg": 54.92337421795167,
      "a_AU": 0.7233301848663882,
      "i_deg": 3.394385033823067,
      "raan_deg": 76.60694046438674,
      "argp_deg": 54.92337421795167,
      "M_deg": 221.983072930614
    },
    "Terra": {
      "id": 399,
      "radius": 6371,
      "orbit_km": 149732100.40958923,
      "period_days": 365.7480605145109,
      "eccentricity": 0.01724243590336322,
      "perihelion_arg_deg": 257.7065914883225,
      "a_AU": 1.000897270188146,
      "i_deg": 0.001745480227467661,
      "raan_deg": 207.4431667222091,
      "argp_deg": 257.7065914883225,
      "M_deg": 42.46556571675927
    },
    "Marte": {
      "id": 499,
      "radius": 3390,
      "orbit_km": 227940147.10997003,
      "period_days": 686.9758578441684,
      "eccentricity": 0.09347696654659948,
      "perihelion_arg_deg": 286.6223118888467,
      "a_AU": 1.523685772019281,
      "i_deg": 1.847479329265522,
      "raan_deg": 49.48227215850264,
      "argp_deg": 286.6223118888467,
      "M_deg": 340.9765681072682
    },
    "Júpiter": {
      "id": 599,
      "radius": 69911,
      "orbit_km": 778282550.5968202,
      "period_days": 4332.205610137985,
      "eccentricity": 0.04822429805596371,
      "perihelion_arg_deg": 273.5419908705019,
      "a_AU": 5.202497515205745,
      "i_deg": 1.303554252969649,
      "raan_deg": 100.5177823827756,
      "argp_deg": 273.5419908705019,
      "M_deg": 93.37761170396986
    },
    "Saturno": {
      "id": 699,
      "radius": 58232,
      "orbit_km": 1427505729.9315865,
      "period_days": 10765.0250304216,
      "eccentricity": 0.05537223304736762,
      "perihelion_arg_deg": 338.6156841025334,
      "a_AU": 9.542286419265102,
      "i_deg": 2.486683698034391,
      "raan_deg": 113.556394765793,
      "argp_deg": 338.6156841025334,
      "M_deg": 277.3493529603429
    },
    "Urano": {
      "id": 799,
      "radius": 25362,
      "orbit_km": 2884238863.0786204,
      "period_days": 30920.58239587359,
      "eccentricity": 0.04696701129915746,
      "perihelion_arg_deg": 91.52874025192381,
      "a_AU": 19.27994596168153,
      "i_deg": 0.7717033851925068,
      "raan_deg": 74.03634824221363,
      "argp_deg": 91.52874025192381,
      "M_deg": 259.7539800171992
    },
    "Netuno": {
      "id": 899,
      "radius": 24622,
      "orbit_km": 4503140827.4072,
      "period_days": 60321.53975754072,
      "eccentricity": 0.01090012568847931,
      "perihelion_arg_deg": 278.3735670640982,
      "a_AU": 30.10163718464744,
      "i_deg": 1.769124725730215,
      "raan_deg": 131.7456297293419,
      "argp_deg": 278.3735670640982,
      "M_deg": 312.1152802296903
    }
  },
  "moons": {
    "Lua": {
      "id": 301,
      "planet": "Terra",
      "radius": 1737,
      "eccentricity": 0.0429527427514113,
      "orbit_km": 386982.526715846,
      "period_days": 27.5600276502426
    },
    "Io": {
      "id": 501,
      "planet": "Júpiter",
      "radius": 1821,
      "eccentricity": 0.003478252356583888,
      "orbit_km": 422021.0667139345,
      "period_days": 1.77129902346064
    },
    "Europa": {
      "id": 502,
      "planet": "Júpiter",
      "radius": 1560,
      "eccentricity": 0.009515131573569017,
      "orbit_km": 671286.531034963,
      "period_days": 3.553508125151044
    },
    "Ganymede": {
      "id": 503,
      "planet": "Júpiter",
      "radius": 2634,
      "eccentricity": 0.001501605971963723,
      "orbit_km": 1070402.5293538969,
      "period_days": 7.154917733035236
    },
    "Callisto": {
      "id": 504,
      "planet": "Júpiter",
      "radius": 2410,
      "eccentricity": 0.007358777691709514,
      "orbit_km": 1883009.4994089305,
      "period_days": 16.69426731619422
    },
    "Titan": {
      "id": 606,
      "planet": "Saturno",
      "radius": 2575,
      "eccentricity": 0.02881727507141497,
      "orbit_km": 1221948.5726992264,
      "period_days": 15.94761710958398
    }
  }
}