{
  "generated_at": "2026-03-17T04:57:33.590365+00:00",
  "source": "JPL Horizons",
  "planets": {
    "Mercúrio": {
      "id": 199,
      "radius": 2440,
      "orbit_km": 57909155.68203269,
      "period_days": 87.96929716639002,
      "eccentricity": 0.2056343610493469,
      "perihelion_arg_deg": 29.20100351489602,
      "a_AU": 0.3870987963335543,
      "i_deg": 7.003393314633549,
      "raan_deg": 48.29805569005405,
      "argp_deg": 29.20100351489602,
      "M_deg": 104.5738260009836
    },
    "Vênus": {
      "id": 299,
      "radius": 6052,
      "orbit_km": 108208207.12896307,
      "period_days": 224.6984514215075,
      "eccentricity": 0.006789358266993595,
      "perihelion_arg_deg": 54.95184606858059,
      "a_AU": 0.7233271878980232,
      "i_deg": 3.39438665130179,
      "raan_deg": 76.60688092035124,
      "argp_deg": 54.95184606858059,
      "M_deg": 265.212579256076
    },
    "Terra": {
      "id": 399,
      "radius": 6371,
      "orbit_km": 149721370.99387214,
      "period_days": 365.7087483762641,
      "eccentricity": 0.01706343862655224,
      "perihelion_arg_deg": 294.0544574922136,
      "a_AU": 1.000825548474014,
      "i_deg": 0.001268221646346691,
      "raan_deg": 171.3085687147099,
      "argp_deg": 294.0544574922136,
      "M_deg": 68.83944832211105
    },
    "Marte": {
      "id": 499,
      "radius": 3390,
      "orbit_km": 227937645.02408293,
      "period_days": 686.964546533479,
      "eccentricity": 0.09346622236557145,
      "perihelion_arg_deg": 286.6211139670773,
      "a_AU": 1.523669046608181,
      "i_deg": 1.847479889104588,
      "raan_deg": 49.48183582550188,
      "argp_deg": 286.6211139670773,
      "M_deg": 355.1267402810778
    },
    "Júpiter": {
      "id": 599,
      "radius": 69911,
      "orbit_km": 778205145.0684216,
      "period_days": 4331.559324943538,
      "eccentricity": 0.04832766581307149,
      "perihelion_arg_deg": 273.4298878419073,
      "a_AU": 5.201980091207419,
      "i_deg": 1.303823519462378,
      "raan_deg": 100.5207641114146,
      "argp_deg": 273.4298878419073,
      "M_deg": 95.72028396068912
    },
    "Saturno": {
      "id": 699,
      "radius": 58232,
      "orbit_km": 1427954422.8834665,
      "period_days": 10770.10091589019,
      "eccentricity": 0.05543081203492575,
      "perihelion_arg_deg": 338.1851419734568,
      "a_AU": 9.545285746393091,
      "i_deg": 2.488515249933117,
      "raan_deg": 113.6713529225468,
      "argp_deg": 338.1851419734568,
      "M_deg": 278.572021835994
    },
    "Urano": {
      "id": 799,
      "radius": 25362,
      "orbit_km": 2884155964.2550726,
      "period_days": 30919.24932589888,
      "eccentricity": 0.04704369313516639,
      "perihelion_arg_deg": 91.54968678500738,
      "a_AU": 19.27939181727319,
      "i_deg": 0.7717684341591574,
      "raan_deg": 74.03469657447972,
      "argp_deg": 91.54968678500738,
      "M_deg": 260.0572445316963
    },
    "Netuno": {
      "id": 899,
      "radius": 24622,
      "orbit_km": 4503049978.984836,
      "period_days": 60319.71433525486,
      "eccentricity": 0.01066758107838251,
      "perihelion_arg_deg": 277.1778886270039,
      "a_AU": 30.10102990045323,
      "i_deg": 1.774432282626501,
      "raan_deg": 131.9471825677701,
      "argp_deg": 277.1778886270039,
      "M_deg": 313.2366851175005
    }
  },
  "moons": {
    "Lua": {
      "id": 301,
      "planet": "Terra",
      "radius": 1737,
      "eccentricity": 0.05689616788192764,
      "orbit_km": 385569.44791463536,
      "period_days": 27.40921108337776
    },
    "Io": {
      "id": 501,
      "planet": "Júpiter",
      "radius": 1821,
      "eccentricity": 0.004477341958842414,
      "orbit_km": 422032.9976442891,
      "period_days": 1.771374138412178
    },
    "Europa": {
      "id": 502,
      "planet": "Júpiter",
      "radius": 1560,
      "eccentricity": 0.009647461697238345,
      "orbit_km": 671171.3708327486,
      "period_days": 3.552593749968127
    },
    "Ganymede": {
      "id": 503,
      "planet": "Júpiter",
      "radius": 2634,
      "eccentricity": 0.001331667901464051,
      "orbit_km": 1070644.1976321363,
      "period_days": 7.157340953546409
    },
    "Callisto": {
      "id": 504,
      "planet": "Júpiter",
      "radius": 2410,
      "eccentricity": 0.007113675663138233,
      "orbit_km": 1882724.3694072927,
      "period_days": 16.69047562825796
    },
    "Titan": {
      "id": 606,
      "planet": "Saturno",
      "radius": 2575,
      "eccentricity": 0.02872191073787957,
      "orbit_km": 1221917.00506428,
      "period_days": 15.94699913107607
    }
  }
}