{
  "generated_at": "2026-04-22T05:30:40.384025+00:00",
  "source": "JPL Horizons",
  "planets": {
    "Mercúrio": {
      "id": 199,
      "radius": 2440,
      "orbit_km": 57909157.54038029,
      "period_days": 87.9693014008897,
      "eccentricity": 0.2056337391354193,
      "perihelion_arg_deg": 29.20144173820874,
      "a_AU": 0.3870988087558408,
      "i_deg": 7.003384490815241,
      "raan_deg": 48.29795956272326,
      "argp_deg": 29.20144173820874,
      "M_deg": 251.8973969951879
    },
    "Vênus": {
      "id": 299,
      "radius": 6052,
      "orbit_km": 108208738.60266511,
      "period_days": 224.7001068615286,
      "eccentricity": 0.006791064025392029,
      "perihelion_arg_deg": 54.90971479241284,
      "a_AU": 0.7233307405802877,
      "i_deg": 3.39438226570027,
      "raan_deg": 76.6068748077284,
      "argp_deg": 54.90971479241284,
      "M_deg": 322.9317326912925
    },
    "Terra": {
      "id": 399,
      "radius": 6371,
      "orbit_km": 149663030.34707946,
      "period_days": 365.4950152977675,
      "eccentricity": 0.01619391485722625,
      "perihelion_arg_deg": 280.1327727768278,
      "a_AU": 1.000435565337759,
      "i_deg": 0.004177171746495487,
      "raan_deg": 183.9199285479687,
      "argp_deg": 280.1327727768278,
      "M_deg": 105.6923042512873
    },
    "Marte": {
      "id": 499,
      "radius": 3390,
      "orbit_km": 227933295.1458632,
      "period_days": 686.944881959017,
      "eccentricity": 0.09344938357763646,
      "perihelion_arg_deg": 286.6177440413817,
      "a_AU": 1.52363996946825,
      "i_deg": 1.847486800788709,
      "raan_deg": 49.48129684114965,
      "argp_deg": 286.6177440413817,
      "M_deg": 13.99600361564495
    },
    "Júpiter": {
      "id": 599,
      "radius": 69911,
      "orbit_km": 778342686.0416584,
      "period_days": 4332.707723689683,
      "eccentricity": 0.04830679680146507,
      "perihelion_arg_deg": 273.6447461158927,
      "a_AU": 5.202899495825902,
      "i_deg": 1.303621512697831,
      "raan_deg": 100.518485536426,
      "argp_deg": 273.6447461158927,
      "M_deg": 98.49794141174948
    },
    "Saturno": {
      "id": 699,
      "radius": 58232,
      "orbit_km": 1427262491.6059651,
      "period_days": 10762.27370508934,
      "eccentricity": 0.05537077177809024,
      "perihelion_arg_deg": 338.7876007188971,
      "a_AU": 9.54066047148601,
      "i_deg": 2.486927609136772,
      "raan_deg": 113.5637068930642,
      "argp_deg": 338.7876007188971,
      "M_deg": 279.2787900550816
    },
    "Urano": {
      "id": 799,
      "radius": 25362,
      "orbit_km": 2883649170.341832,
      "period_days": 30911.1001485424,
      "eccentricity": 0.04714760306781264,
      "perihelion_arg_deg": 91.7934609356931,
      "a_AU": 19.2760041092071,
      "i_deg": 0.774426804210039,
      "raan_deg": 73.98779347688983,
      "argp_deg": 91.7934609356931,
      "M_deg": 260.2870269861222
    },
    "Netuno": {
      "id": 899,
      "radius": 24622,
      "orbit_km": 4501119653.262891,
      "period_days": 60280.93254818082,
      "eccentricity": 0.01041794865396158,
      "perihelion_arg_deg": 279.0295094087356,
      "a_AU": 30.08812646999053,
      "i_deg": 1.77546271167898,
      "raan_deg": 131.9875092599493,
      "argp_deg": 279.0295094087356,
      "M_deg": 311.5649624701136
    }
  },
  "moons": {
    "Lua": {
      "id": 301,
      "planet": "Terra",
      "radius": 1737,
      "eccentricity": 0.05339035112405585,
      "orbit_km": 381590.4376291346,
      "period_days": 26.98602011151533
    },
    "Io": {
      "id": 501,
      "planet": "Júpiter",
      "radius": 1821,
      "eccentricity": 0.004072947375716569,
      "orbit_km": 422024.54105101415,
      "period_days": 1.771320897140751
    },
    "Europa": {
      "id": 502,
      "planet": "Júpiter",
      "radius": 1560,
      "eccentricity": 0.009656267455896645,
      "orbit_km": 671198.6786482439,
      "period_days": 3.552810567681881
    },
    "Ganymede": {
      "id": 503,
      "planet": "Júpiter",
      "radius": 2634,
      "eccentricity": 0.001134333924131148,
      "orbit_km": 1070592.2983677764,
      "period_days": 7.156820533836353
    },
    "Callisto": {
      "id": 504,
      "planet": "Júpiter",
      "radius": 2410,
      "eccentricity": 0.007201470866170579,
      "orbit_km": 1882807.8484185888,
      "period_days": 16.69158571096892
    },
    "Titan": {
      "id": 606,
      "planet": "Saturno",
      "radius": 2575,
      "eccentricity": 0.02880528879990021,
      "orbit_km": 1221939.5409012872,
      "period_days": 15.9474402992921
    }
  }
}