{
  "generated_at": "2026-07-02T06:45:28.054462+00:00",
  "source": "JPL Horizons",
  "planets": {
    "Mercúrio": {
      "id": 199,
      "radius": 2440,
      "orbit_km": 57909037.779877774,
      "period_days": 87.96902851031226,
      "eccentricity": 0.2056378261690426,
      "perihelion_arg_deg": 29.20124273253879,
      "a_AU": 0.3870980082063279,
      "i_deg": 7.003386036543398,
      "raan_deg": 48.29768679164882,
      "argp_deg": 29.20124273253879,
      "M_deg": 182.4538535230872
    },
    "Vênus": {
      "id": 299,
      "radius": 6052,
      "orbit_km": 108207861.57158588,
      "period_days": 224.6973750778419,
      "eccentricity": 0.006782201486366719,
      "perihelion_arg_deg": 54.83189006423588,
      "a_AU": 0.7233248779896296,
      "i_deg": 3.394372375323283,
      "raan_deg": 76.60654196735757,
      "argp_deg": 54.83189006423588,
      "M_deg": 76.76156579428675
    },
    "Terra": {
      "id": 399,
      "radius": 6371,
      "orbit_km": 149483307.9881248,
      "period_days": 364.8368577483517,
      "eccentricity": 0.01741217084548633,
      "perihelion_arg_deg": 312.6197581475169,
      "a_AU": 0.999234195571507,
      "i_deg": 0.00439049911699546,
      "raan_deg": 150.7138122224415,
      "argp_deg": 312.6197581475169,
      "M_deg": 176.3298476535159
    },
    "Marte": {
      "id": 499,
      "radius": 3390,
      "orbit_km": 227926423.48850518,
      "period_days": 686.9138175135714,
      "eccentricity": 0.09342667749966244,
      "perihelion_arg_deg": 286.608012989085,
      "a_AU": 1.523594035275966,
      "i_deg": 1.847486153166212,
      "raan_deg": 49.48119491005548,
      "argp_deg": 286.608012989085,
      "M_deg": 51.21492246997901
    },
    "Júpiter": {
      "id": 599,
      "radius": 69911,
      "orbit_km": 778272970.6799772,
      "period_days": 4332.125622397515,
      "eccentricity": 0.04824101429759876,
      "perihelion_arg_deg": 273.5223160588617,
      "a_AU": 5.202433477416983,
      "i_deg": 1.303618353019402,
      "raan_deg": 100.5185114492033,
      "argp_deg": 273.5223160588617,
      "M_deg": 104.5304357622928
    },
    "Saturno": {
      "id": 699,
      "radius": 58232,
      "orbit_km": 1427344874.499222,
      "period_days": 10763.2055309222,
      "eccentricity": 0.05513486114249325,
      "perihelion_arg_deg": 338.5613279215764,
      "a_AU": 9.54121116711337,
      "i_deg": 2.48855013511678,
      "raan_deg": 113.684214802391,
      "argp_deg": 338.5613279215764,
      "M_deg": 281.731454423472
    },
    "Urano": {
      "id": 799,
      "radius": 25362,
      "orbit_km": 2882596930.130785,
      "period_days": 30894.18255561947,
      "eccentricity": 0.04733798693321569,
      "perihelion_arg_deg": 92.19092152299616,
      "a_AU": 19.2689703178428,
      "i_deg": 0.7735355600670047,
      "raan_deg": 74.00386510713864,
      "argp_deg": 92.19092152299616,
      "M_deg": 260.7133343191582
    },
    "Netuno": {
      "id": 899,
      "radius": 24622,
      "orbit_km": 4498983006.459448,
      "period_days": 60238.01530128391,
      "eccentricity": 0.01008616143260048,
      "perihelion_arg_deg": 280.9385794338497,
      "a_AU": 30.0738438682834,
      "i_deg": 1.774653502810461,
      "raan_deg": 131.9589650000796,
      "argp_deg": 280.9385794338497,
      "M_deg": 310.1045751291617
    }
  },
  "moons": {
    "Lua": {
      "id": 301,
      "planet": "Terra",
      "radius": 1737,
      "eccentricity": 0.04902480375247667,
      "orbit_km": 386137.8742944541,
      "period_days": 27.46984552766936
    },
    "Io": {
      "id": 501,
      "planet": "Júpiter",
      "radius": 1821,
      "eccentricity": 0.003528773580840867,
      "orbit_km": 422020.9145924952,
      "period_days": 1.771298065738785
    },
    "Europa": {
      "id": 502,
      "planet": "Júpiter",
      "radius": 1560,
      "eccentricity": 0.00942425292178042,
      "orbit_km": 671291.5987872438,
      "period_days": 3.553548365045772
    },
    "Ganymede": {
      "id": 503,
      "planet": "Júpiter",
      "radius": 2634,
      "eccentricity": 0.002055817923259693,
      "orbit_km": 1070359.241012079,
      "period_days": 7.154483707444975
    },
    "Callisto": {
      "id": 504,
      "planet": "Júpiter",
      "radius": 2410,
      "eccentricity": 0.007304952075040301,
      "orbit_km": 1883097.3851971019,
      "period_days": 16.69543608828025
    },
    "Titan": {
      "id": 606,
      "planet": "Saturno",
      "radius": 2575,
      "eccentricity": 0.02870201846856267,
      "orbit_km": 1221923.4539732046,
      "period_days": 15.94712537641059
    }
  }
}