{
  "generated_at": "2026-04-20T05:46:04.888961+00:00",
  "source": "JPL Horizons",
  "planets": {
    "Mercúrio": {
      "id": 199,
      "radius": 2440,
      "orbit_km": 57909163.93136288,
      "period_days": 87.96931596361983,
      "eccentricity": 0.2056337947600103,
      "perihelion_arg_deg": 29.20138837116443,
      "a_AU": 0.3870988514769207,
      "i_deg": 7.00338480964419,
      "raan_deg": 48.29797135284841,
      "argp_deg": 29.20138837116443,
      "M_deg": 243.7127825167415
    },
    "Vênus": {
      "id": 299,
      "radius": 6052,
      "orbit_km": 108208701.99698777,
      "period_days": 224.6999928416394,
      "eccentricity": 0.006790959129458429,
      "perihelion_arg_deg": 54.91315033281555,
      "a_AU": 0.7233304958864484,
      "i_deg": 3.394382878176071,
      "raan_deg": 76.60687772844622,
      "argp_deg": 54.91315033281555,
      "M_deg": 319.7240512142691
    },
    "Terra": {
      "id": 399,
      "radius": 6371,
      "orbit_km": 149711029.0444361,
      "period_days": 365.6708572317437,
      "eccentricity": 0.01624403120690787,
      "perihelion_arg_deg": 289.7435939728675,
      "a_AU": 1.000756416811995,
      "i_deg": 0.003261428062972747,
      "raan_deg": 175.5251832001426,
      "argp_deg": 289.7435939728675,
      "M_deg": 102.4908153175799
    },
    "Marte": {
      "id": 499,
      "radius": 3390,
      "orbit_km": 227933554.01402295,
      "period_days": 686.9460522238164,
      "eccentricity": 0.09345033765242602,
      "perihelion_arg_deg": 286.6179952001804,
      "a_AU": 1.523641699895017,
      "i_deg": 1.847486302004604,
      "raan_deg": 49.48132073922493,
      "argp_deg": 286.6179952001804,
      "M_deg": 12.94763003022504
    },
    "Júpiter": {
      "id": 599,
      "radius": 69911,
      "orbit_km": 778233379.6269228,
      "period_days": 4331.795061192336,
      "eccentricity": 0.04831641226159281,
      "perihelion_arg_deg": 273.474701618066,
      "a_AU": 5.202168827573579,
      "i_deg": 1.303766385259878,
      "raan_deg": 100.5204850533324,
      "argp_deg": 273.474701618066,
      "M_deg": 98.5020778389013
    },
    "Saturno": {
      "id": 699,
      "radius": 58232,
      "orbit_km": 1427546177.7706854,
      "period_days": 10765.4825680786,
      "eccentricity": 0.05544309097094301,
      "perihelion_arg_deg": 338.5449183503995,
      "a_AU": 9.542556796369466,
      "i_deg": 2.487626254183661,
      "raan_deg": 113.6123383382073,
      "argp_deg": 338.5449183503995,
      "M_deg": 279.4122065284048
    },
    "Urano": {
      "id": 799,
      "radius": 25362,
      "orbit_km": 2883654856.4112716,
      "period_days": 30911.19157579559,
      "eccentricity": 0.0471439787479111,
      "perihelion_arg_deg": 91.78022895142531,
      "a_AU": 19.27604211823365,
      "i_deg": 0.7737613323886496,
      "raan_deg": 73.99933069713394,
      "argp_deg": 91.78022895142531,
      "M_deg": 260.2650583194437
    },
    "Netuno": {
      "id": 899,
      "radius": 24622,
      "orbit_km": 4503238718.303967,
      "period_days": 60323.50670525733,
      "eccentricity": 0.0107050370431331,
      "perihelion_arg_deg": 277.279845139159,
      "a_AU": 30.10229154487536,
      "i_deg": 1.768605303537628,
      "raan_deg": 131.724936242551,
      "argp_deg": 277.279845139159,
      "M_deg": 313.5611600520016
    }
  },
  "moons": {
    "Lua": {
      "id": 301,
      "planet": "Terra",
      "radius": 1737,
      "eccentricity": 0.05916814850063939,
      "orbit_km": 384330.3819084708,
      "period_days": 27.27719392408348
    },
    "Io": {
      "id": 501,
      "planet": "Júpiter",
      "radius": 1821,
      "eccentricity": 0.004547657829270699,
      "orbit_km": 422037.3849443461,
      "period_days": 1.771401760316506
    },
    "Europa": {
      "id": 502,
      "planet": "Júpiter",
      "radius": 1560,
      "eccentricity": 0.009215513339596427,
      "orbit_km": 671325.0110577366,
      "period_days": 3.553813675076765
    },
    "Ganymede": {
      "id": 503,
      "planet": "Júpiter",
      "radius": 2634,
      "eccentricity": 0.001241714180999015,
      "orbit_km": 1070495.9992353315,
      "period_days": 7.155854928006138
    },
    "Callisto": {
      "id": 504,
      "planet": "Júpiter",
      "radius": 2410,
      "eccentricity": 0.007141500126717942,
      "orbit_km": 1882636.0299211526,
      "period_days": 16.6893009389868
    },
    "Titan": {
      "id": 606,
      "planet": "Saturno",
      "radius": 2575,
      "eccentricity": 0.02877007759204279,
      "orbit_km": 1221956.9439078092,
      "period_days": 15.94778098848303
    }
  }
}