{
  "generated_at": "2026-07-03T06:36:20.295170+00:00",
  "source": "JPL Horizons",
  "planets": {
    "Mercúrio": {
      "id": 199,
      "radius": 2440,
      "orbit_km": 57909041.22487817,
      "period_days": 87.9690363602098,
      "eccentricity": 0.2056377520471942,
      "perihelion_arg_deg": 29.20125601086547,
      "a_AU": 0.3870980312347332,
      "i_deg": 7.003384917878591,
      "raan_deg": 48.29768100392977,
      "argp_deg": 29.20125601086547,
      "M_deg": 186.5461909210825
    },
    "Vênus": {
      "id": 299,
      "radius": 6052,
      "orbit_km": 108207859.4801353,
      "period_days": 224.6973685633875,
      "eccentricity": 0.006782096058229919,
      "perihelion_arg_deg": 54.83191949926181,
      "a_AU": 0.7233248640091461,
      "i_deg": 3.394372373145376,
      "raan_deg": 76.60654200579226,
      "argp_deg": 54.83191949926181,
      "M_deg": 78.36370313085044
    },
    "Terra": {
      "id": 399,
      "radius": 6371,
      "orbit_km": 149495439.38821843,
      "period_days": 364.8812714532683,
      "eccentricity": 0.01733428944128134,
      "perihelion_arg_deg": 314.6258252260033,
      "a_AU": 0.999315288972348,
      "i_deg": 0.004504890583960248,
      "raan_deg": 148.9811118736383,
      "argp_deg": 314.6258252260033,
      "M_deg": 177.0340659628323
    },
    "Marte": {
      "id": 499,
      "radius": 3390,
      "orbit_km": 227926412.93768692,
      "period_days": 686.9137698172404,
      "eccentricity": 0.09342660736260232,
      "perihelion_arg_deg": 286.6080119077062,
      "a_AU": 1.523593964748102,
      "i_deg": 1.847486002420304,
      "raan_deg": 49.48119598076223,
      "argp_deg": 286.6080119077062,
      "M_deg": 51.739012219414
    },
    "Júpiter": {
      "id": 599,
      "radius": 69911,
      "orbit_km": 778071260.7053782,
      "period_days": 4330.441554543736,
      "eccentricity": 0.04837722865780391,
      "perihelion_arg_deg": 273.2352796996868,
      "a_AU": 5.201085129518345,
      "i_deg": 1.3040274892778,
      "raan_deg": 100.5262771595159,
      "argp_deg": 273.2352796996868,
      "M_deg": 104.8862413395125
    },
    "Saturno": {
      "id": 699,
      "radius": 58232,
      "orbit_km": 1427455487.6077824,
      "period_days": 10764.45670858972,
      "eccentricity": 0.05517274080343405,
      "perihelion_arg_deg": 338.4698911116912,
      "a_AU": 9.541950570074407,
      "i_deg": 2.488778036695177,
      "raan_deg": 113.7025656965158,
      "argp_deg": 338.4698911116912,
      "M_deg": 281.8411829752707
    },
    "Urano": {
      "id": 799,
      "radius": 25362,
      "orbit_km": 2882600313.6944304,
      "period_days": 30894.23695056236,
      "eccentricity": 0.04734160659133416,
      "perihelion_arg_deg": 92.17599376500368,
      "a_AU": 19.26899293556877,
      "i_deg": 0.772751751418873,
      "raan_deg": 74.01662906105044,
      "argp_deg": 92.17599376500368,
      "M_deg": 260.7276052527419
    },
    "Netuno": {
      "id": 899,
      "radius": 24622,
      "orbit_km": 4499286002.100425,
      "period_days": 60244.10073103517,
      "eccentricity": 0.01021551361252502,
      "perihelion_arg_deg": 281.2325018094703,
      "a_AU": 30.07586926904318,
      "i_deg": 1.770186867019316,
      "raan_deg": 131.7853772154191,
      "argp_deg": 281.2325018094703,
      "M_deg": 310.0030644681132
    }
  },
  "moons": {
    "Lua": {
      "id": 301,
      "planet": "Terra",
      "radius": 1737,
      "eccentricity": 0.05040873459549507,
      "orbit_km": 384954.99432805233,
      "period_days": 27.34371713725035
    },
    "Io": {
      "id": 501,
      "planet": "Júpiter",
      "radius": 1821,
      "eccentricity": 0.004625518515774916,
      "orbit_km": 422038.7632544554,
      "period_days": 1.771410438017941
    },
    "Europa": {
      "id": 502,
      "planet": "Júpiter",
      "radius": 1560,
      "eccentricity": 0.009127959826196436,
      "orbit_km": 671310.3458188532,
      "period_days": 3.553697224979563
    },
    "Ganymede": {
      "id": 503,
      "planet": "Júpiter",
      "radius": 2634,
      "eccentricity": 0.0017432799880314,
      "orbit_km": 1070737.8840604376,
      "period_days": 7.15828042584774
    },
    "Callisto": {
      "id": 504,
      "planet": "Júpiter",
      "radius": 2410,
      "eccentricity": 0.007175060507717377,
      "orbit_km": 1883363.941545594,
      "period_days": 16.69898112423896
    },
    "Titan": {
      "id": 606,
      "planet": "Saturno",
      "radius": 2575,
      "eccentricity": 0.02866820887002335,
      "orbit_km": 1221956.035769919,
      "period_days": 15.94776321030161
    }
  }
}