{
  "generated_at": "2026-02-01T05:06:16.608634+00:00",
  "source": "JPL Horizons",
  "planets": {
    "Mercúrio": {
      "id": 199,
      "radius": 2440,
      "orbit_km": 57909245.121804774,
      "period_days": 87.96950096724416,
      "eccentricity": 0.2056333046073184,
      "perihelion_arg_deg": 29.20033373582793,
      "a_AU": 0.387099394201503,
      "i_deg": 7.003384512989895,
      "raan_deg": 48.29823981644113,
      "argp_deg": 29.20033373582793,
      "M_deg": 284.5116252000764
    },
    "Vênus": {
      "id": 299,
      "radius": 6052,
      "orbit_km": 108209065.69769546,
      "period_days": 224.701125702679,
      "eccentricity": 0.006783789064211382,
      "perihelion_arg_deg": 54.90231050215971,
      "a_AU": 0.7233329270755153,
      "i_deg": 3.394385817068244,
      "raan_deg": 76.60703533889047,
      "argp_deg": 54.90231050215971,
      "M_deg": 194.7678745305483
    },
    "Terra": {
      "id": 399,
      "radius": 6371,
      "orbit_km": 149460427.11418435,
      "period_days": 364.7530945494996,
      "eccentricity": 0.01585793997472269,
      "perihelion_arg_deg": 299.842397119007,
      "a_AU": 0.9990812463762184,
      "i_deg": 0.004869451633146445,
      "raan_deg": 161.9506358698181,
      "argp_deg": 299.842397119007,
      "M_deg": 29.07170576180165
    },
    "Marte": {
      "id": 499,
      "radius": 3390,
      "orbit_km": 227941209.30667514,
      "period_days": 686.9806597912059,
      "eccentricity": 0.09348180508662936,
      "perihelion_arg_deg": 286.622260126452,
      "a_AU": 1.523692872365697,
      "i_deg": 1.847481645115902,
      "raan_deg": 49.48261614602172,
      "argp_deg": 286.622260126452,
      "M_deg": 332.0679746495874
    },
    "Júpiter": {
      "id": 599,
      "radius": 69911,
      "orbit_km": 778086798.7246768,
      "period_days": 4330.571273035672,
      "eccentricity": 0.04832133674769752,
      "perihelion_arg_deg": 273.2448460625893,
      "a_AU": 5.201188994762055,
      "i_deg": 1.303966409349477,
      "raan_deg": 100.5213654516976,
      "argp_deg": 273.2448460625893,
      "M_deg": 92.25014185495364
    },
    "Saturno": {
      "id": 699,
      "radius": 58232,
      "orbit_km": 1427687902.9945686,
      "period_days": 10767.08578587859,
      "eccentricity": 0.05543692381093368,
      "perihelion_arg_deg": 338.4773531099258,
      "a_AU": 9.543504170975936,
      "i_deg": 2.48687930916463,
      "raan_deg": 113.5702887877372,
      "argp_deg": 338.4773531099258,
      "M_deg": 276.9119264979486
    },
    "Urano": {
      "id": 799,
      "radius": 25362,
      "orbit_km": 2884340412.622334,
      "period_days": 30922.21540833594,
      "eccentricity": 0.0469144038803123,
      "perihelion_arg_deg": 91.52167596968032,
      "a_AU": 19.28062477845371,
      "i_deg": 0.7730739768408932,
      "raan_deg": 74.01105449031206,
      "argp_deg": 91.52167596968032,
      "M_deg": 259.5832213162533
    },
    "Netuno": {
      "id": 899,
      "radius": 24622,
      "orbit_km": 4504406563.28249,
      "period_days": 60346.97417257372,
      "eccentricity": 0.01108083994774521,
      "perihelion_arg_deg": 277.359834621634,
      "a_AU": 30.1100981063796,
      "i_deg": 1.76655160788179,
      "raan_deg": 131.6481891122368,
      "argp_deg": 277.359834621634,
      "M_deg": 313.1239999312205
    }
  },
  "moons": {
    "Lua": {
      "id": 301,
      "planet": "Terra",
      "radius": 1737,
      "eccentricity": 0.05385549128217587,
      "orbit_km": 386370.6667409098,
      "period_days": 27.49469055071732
    },
    "Io": {
      "id": 501,
      "planet": "Júpiter",
      "radius": 1821,
      "eccentricity": 0.004589383638356949,
      "orbit_km": 422037.9970093494,
      "period_days": 1.771405613814286
    },
    "Europa": {
      "id": 502,
      "planet": "Júpiter",
      "radius": 1560,
      "eccentricity": 0.009180015191131315,
      "orbit_km": 671310.9990414515,
      "period_days": 3.55370241190074
    },
    "Ganymede": {
      "id": 503,
      "planet": "Júpiter",
      "radius": 2634,
      "eccentricity": 0.001550365114131591,
      "orbit_km": 1070734.4471122695,
      "period_days": 7.158245959962923
    },
    "Callisto": {
      "id": 504,
      "planet": "Júpiter",
      "radius": 2410,
      "eccentricity": 0.007198696702803356,
      "orbit_km": 1883041.3704151488,
      "period_days": 16.69469115793449
    },
    "Titan": {
      "id": 606,
      "planet": "Saturno",
      "radius": 2575,
      "eccentricity": 0.02880958275903881,
      "orbit_km": 1221951.7221832962,
      "period_days": 15.94767876536825
    }
  }
}