{
  "generated_at": "2026-04-29T06:04:49.606643+00:00",
  "source": "JPL Horizons",
  "planets": {
    "Mercúrio": {
      "id": 199,
      "radius": 2440,
      "orbit_km": 57909122.235261366,
      "period_days": 87.96922095334982,
      "eccentricity": 0.2056335444503519,
      "perihelion_arg_deg": 29.20165439416353,
      "a_AU": 0.3870985727556975,
      "i_deg": 7.00338469122975,
      "raan_deg": 48.29792256789106,
      "argp_deg": 29.20165439416353,
      "M_deg": 280.5435446545775
    },
    "Vênus": {
      "id": 299,
      "radius": 6052,
      "orbit_km": 108208839.3862959,
      "period_days": 224.7004207839276,
      "eccentricity": 0.006791308822624369,
      "perihelion_arg_deg": 54.89810222991424,
      "a_AU": 0.7233314142772482,
      "i_deg": 3.394379949930802,
      "raan_deg": 76.6068580399568,
      "argp_deg": 54.89810222991424,
      "M_deg": 334.1581829990753
    },
    "Terra": {
      "id": 399,
      "radius": 6371,
      "orbit_km": 149485761.7879897,
      "period_days": 364.8458410955712,
      "eccentricity": 0.01679331390597762,
      "perihelion_arg_deg": 271.7805534498575,
      "a_AU": 0.9992505982104845,
      "i_deg": 0.004982771545185185,
      "raan_deg": 188.6701282311787,
      "argp_deg": 271.7805534498575,
      "M_deg": 116.175820904113
    },
    "Marte": {
      "id": 499,
      "radius": 3390,
      "orbit_km": 227932391.7356158,
      "period_days": 686.9407979192292,
      "eccentricity": 0.09344609785083914,
      "perihelion_arg_deg": 286.6168155554004,
      "a_AU": 1.523633930543744,
      "i_deg": 1.847488496478242,
      "raan_deg": 49.48122375199505,
      "argp_deg": 286.6168155554004,
      "M_deg": 17.66537390154697
    },
    "Júpiter": {
      "id": 599,
      "radius": 69911,
      "orbit_km": 778211469.2130322,
      "period_days": 4331.612126181208,
      "eccentricity": 0.04835831141065419,
      "perihelion_arg_deg": 273.4481826286739,
      "a_AU": 5.202022365503042,
      "i_deg": 1.30386253974377,
      "raan_deg": 100.5219616884043,
      "argp_deg": 273.4481826286739,
      "M_deg": 99.27091455601641
    },
    "Saturno": {
      "id": 699,
      "radius": 58232,
      "orbit_km": 1427627586.4850013,
      "period_days": 10766.40346640371,
      "eccentricity": 0.05519870986400902,
      "perihelion_arg_deg": 338.3755243340662,
      "a_AU": 9.543100980012822,
      "i_deg": 2.488579986021147,
      "raan_deg": 113.679857039155,
      "argp_deg": 338.3755243340662,
      "M_deg": 279.7861758325013
    },
    "Urano": {
      "id": 799,
      "radius": 25362,
      "orbit_km": 2883639701.637415,
      "period_days": 30910.94789987433,
      "eccentricity": 0.04717264330294765,
      "perihelion_arg_deg": 91.743476347452,
      "a_AU": 19.27594081482749,
      "i_deg": 0.7716089812709698,
      "raan_deg": 74.03669766913183,
      "argp_deg": 91.743476347452,
      "M_deg": 260.3724774021212
    },
    "Netuno": {
      "id": 899,
      "radius": 24622,
      "orbit_km": 4500664171.244778,
      "period_days": 60271.78276269318,
      "eccentricity": 0.01046794024052564,
      "perihelion_arg_deg": 280.1382035339777,
      "a_AU": 30.08508176075783,
      "i_deg": 1.771861399419334,
      "raan_deg": 131.8500431345694,
      "argp_deg": 280.1382035339777,
      "M_deg": 310.6529302901586
    }
  },
  "moons": {
    "Lua": {
      "id": 301,
      "planet": "Terra",
      "radius": 1737,
      "eccentricity": 0.04501408093652595,
      "orbit_km": 385213.26793859474,
      "period_days": 27.37123988038937
    },
    "Io": {
      "id": 501,
      "planet": "Júpiter",
      "radius": 1821,
      "eccentricity": 0.004184847793088364,
      "orbit_km": 422026.2443021369,
      "period_days": 1.771331620476922
    },
    "Europa": {
      "id": 502,
      "planet": "Júpiter",
      "radius": 1560,
      "eccentricity": 0.009659567899681906,
      "orbit_km": 671189.9916617795,
      "period_days": 3.55274159454822
    },
    "Ganymede": {
      "id": 503,
      "planet": "Júpiter",
      "radius": 2634,
      "eccentricity": 0.001373610645267071,
      "orbit_km": 1070596.5780251937,
      "period_days": 7.156863447610444
    },
    "Callisto": {
      "id": 504,
      "planet": "Júpiter",
      "radius": 2410,
      "eccentricity": 0.006932054857274803,
      "orbit_km": 1883382.3021144378,
      "period_days": 16.69922531777988
    },
    "Titan": {
      "id": 606,
      "planet": "Saturno",
      "radius": 2575,
      "eccentricity": 0.02871017293183688,
      "orbit_km": 1221910.1544097238,
      "period_days": 15.94686502144095
    }
  }
}