{
  "generated_at": "2026-06-02T07:59:58.765053+00:00",
  "source": "JPL Horizons",
  "planets": {
    "Mercúrio": {
      "id": 199,
      "radius": 2440,
      "orbit_km": 57909191.84717229,
      "period_days": 87.96937957362874,
      "eccentricity": 0.2056355924507977,
      "perihelion_arg_deg": 29.20195621930018,
      "a_AU": 0.3870990380825808,
      "i_deg": 7.00338414846494,
      "raan_deg": 48.29779405496914,
      "argp_deg": 29.20195621930018,
      "M_deg": 59.68284350709519
    },
    "Vênus": {
      "id": 299,
      "radius": 6052,
      "orbit_km": 108208435.32517755,
      "period_days": 224.6991622090403,
      "eccentricity": 0.006787392220738498,
      "perihelion_arg_deg": 54.85536337271564,
      "a_AU": 0.7233287132954999,
      "i_deg": 3.394371311973215,
      "raan_deg": 76.60663668865267,
      "argp_deg": 54.85536337271564,
      "M_deg": 28.67326783924102
    },
    "Terra": {
      "id": 399,
      "radius": 6371,
      "orbit_km": 149478283.14554843,
      "period_days": 364.8184620586109,
      "eccentricity": 0.01737936730348158,
      "perihelion_arg_deg": 302.1806745246919,
      "a_AU": 0.9992006065735296,
      "i_deg": 0.003505536623959227,
      "raan_deg": 159.7389679617388,
      "argp_deg": 302.1806745246919,
      "M_deg": 148.1798924713254
    },
    "Marte": {
      "id": 499,
      "radius": 3390,
      "orbit_km": 227928109.4154598,
      "period_days": 686.9214389774036,
      "eccentricity": 0.09343174868318796,
      "perihelion_arg_deg": 286.6109679332643,
      "a_AU": 1.523605305001576,
      "i_deg": 1.847490468763552,
      "raan_deg": 49.48114195290825,
      "argp_deg": 286.6109679332643,
      "M_deg": 35.48954756016428
    },
    "Júpiter": {
      "id": 599,
      "radius": 69911,
      "orbit_km": 778265183.9582928,
      "period_days": 4332.060607344793,
      "eccentricity": 0.04824356560857863,
      "perihelion_arg_deg": 273.5119076390625,
      "a_AU": 5.202381426397488,
      "i_deg": 1.303614825690242,
      "raan_deg": 100.5184109728441,
      "argp_deg": 273.5119076390625,
      "M_deg": 102.047903592616
    },
    "Saturno": {
      "id": 699,
      "radius": 58232,
      "orbit_km": 1427640773.695087,
      "period_days": 10766.55264307303,
      "eccentricity": 0.05524863843100914,
      "perihelion_arg_deg": 338.3463472712979,
      "a_AU": 9.543189131067539,
      "i_deg": 2.488903115196807,
      "raan_deg": 113.7073374368803,
      "argp_deg": 338.3463472712979,
      "M_deg": 280.9303145618188
    },
    "Urano": {
      "id": 799,
      "radius": 25362,
      "orbit_km": 2882911665.663811,
      "period_days": 30899.24245264595,
      "eccentricity": 0.04727542610834218,
      "perihelion_arg_deg": 92.04484084215467,
      "a_AU": 19.27107419493379,
      "i_deg": 0.7721127013803976,
      "raan_deg": 74.02745234826884,
      "argp_deg": 92.04484084215467,
      "M_deg": 260.4817904287382
    },
    "Netuno": {
      "id": 899,
      "radius": 24622,
      "orbit_km": 4500103623.269298,
      "period_days": 60260.52303328557,
      "eccentricity": 0.01021345869325204,
      "perihelion_arg_deg": 279.682043444948,
      "a_AU": 30.08133472897952,
      "i_deg": 1.775546985048186,
      "raan_deg": 131.9923463967403,
      "argp_deg": 279.682043444948,
      "M_deg": 311.1436758166549
    }
  },
  "moons": {
    "Lua": {
      "id": 301,
      "planet": "Terra",
      "radius": 1737,
      "eccentricity": 0.05105816082725783,
      "orbit_km": 386575.33663247124,
      "period_days": 27.51654034802137
    },
    "Io": {
      "id": 501,
      "planet": "Júpiter",
      "radius": 1821,
      "eccentricity": 0.003490467786076891,
      "orbit_km": 422021.04097903735,
      "period_days": 1.77129886143959
    },
    "Europa": {
      "id": 502,
      "planet": "Júpiter",
      "radius": 1560,
      "eccentricity": 0.009529005169192493,
      "orbit_km": 671265.5510413325,
      "period_days": 3.553341537579547
    },
    "Ganymede": {
      "id": 503,
      "planet": "Júpiter",
      "radius": 2634,
      "eccentricity": 0.001528460923638621,
      "orbit_km": 1070393.022977516,
      "period_days": 7.154822417691624
    },
    "Callisto": {
      "id": 504,
      "planet": "Júpiter",
      "radius": 2410,
      "eccentricity": 0.007207472218929026,
      "orbit_km": 1883143.88609853,
      "period_days": 16.6960545036846
    },
    "Titan": {
      "id": 606,
      "planet": "Saturno",
      "radius": 2575,
      "eccentricity": 0.02867103178077132,
      "orbit_km": 1221949.3630338605,
      "period_days": 15.94763258153973
    }
  }
}