{
  "generated_at": "2026-03-10T04:46:48.905553+00:00",
  "source": "JPL Horizons",
  "planets": {
    "Mercúrio": {
      "id": 199,
      "radius": 2440,
      "orbit_km": 57909173.490703836,
      "period_days": 87.96933774589043,
      "eccentricity": 0.2056339135428855,
      "perihelion_arg_deg": 29.20106595743819,
      "a_AU": 0.3870989153771681,
      "i_deg": 7.00338944062499,
      "raan_deg": 48.2980814025668,
      "argp_deg": 29.20106595743819,
      "M_deg": 75.9274295826707
    },
    "Vênus": {
      "id": 299,
      "radius": 6052,
      "orbit_km": 108208245.76872157,
      "period_days": 224.6985717769071,
      "eccentricity": 0.006789055318290377,
      "perihelion_arg_deg": 54.94923846743627,
      "a_AU": 0.7233274461888552,
      "i_deg": 3.394386168984327,
      "raan_deg": 76.60688954557776,
      "argp_deg": 54.94923846743627,
      "M_deg": 254.0001234526273
    },
    "Terra": {
      "id": 399,
      "radius": 6371,
      "orbit_km": 149563129.48607025,
      "period_days": 365.1291216021702,
      "eccentricity": 0.01689740748093123,
      "perihelion_arg_deg": 290.0905825693052,
      "a_AU": 0.9997677693287533,
      "i_deg": 0.003623130579446905,
      "raan_deg": 171.6927644253177,
      "argp_deg": 290.0905825693052,
      "M_deg": 65.49560435707097
    },
    "Marte": {
      "id": 499,
      "radius": 3390,
      "orbit_km": 227938351.22525805,
      "period_days": 686.9677390878223,
      "eccentricity": 0.09346915295254132,
      "perihelion_arg_deg": 286.6215167997815,
      "a_AU": 1.523673767271462,
      "i_deg": 1.847479315779393,
      "raan_deg": 49.48195433303582,
      "argp_deg": 286.6215167997815,
      "M_deg": 351.4580476086834
    },
    "Júpiter": {
      "id": 599,
      "radius": 69911,
      "orbit_km": 778109743.9765344,
      "period_days": 4330.762832861515,
      "eccentricity": 0.04835102254920746,
      "perihelion_arg_deg": 273.2837998957059,
      "a_AU": 5.201342374297139,
      "i_deg": 1.303993591576311,
      "raan_deg": 100.5225472216517,
      "argp_deg": 273.2837998957059,
      "M_deg": 95.28222774740567
    },
    "Saturno": {
      "id": 699,
      "radius": 58232,
      "orbit_km": 1427608321.5607638,
      "period_days": 10766.18553851132,
      "eccentricity": 0.05519695398855589,
      "perihelion_arg_deg": 338.4479860800243,
      "a_AU": 9.542972201948352,
      "i_deg": 2.487782687502143,
      "raan_deg": 113.6245945868815,
      "argp_deg": 338.4479860800243,
      "M_deg": 278.0970180906978
    },
    "Urano": {
      "id": 799,
      "radius": 25362,
      "orbit_km": 2884212258.6447673,
      "period_days": 30920.15457623151,
      "eccentricity": 0.04701372850744028,
      "perihelion_arg_deg": 91.59902656538807,
      "a_AU": 19.2797681220256,
      "i_deg": 0.775506902305833,
      "raan_deg": 73.96740680119929,
      "argp_deg": 91.59902656538807,
      "M_deg": 259.9907088194578
    },
    "Netuno": {
      "id": 899,
      "radius": 24622,
      "orbit_km": 4504389516.24011,
      "period_days": 60346.63159588627,
      "eccentricity": 0.01089531612194031,
      "perihelion_arg_deg": 276.3634361138679,
      "a_AU": 30.10998415393964,
      "i_deg": 1.769207879552331,
      "raan_deg": 131.7486314863605,
      "argp_deg": 276.3634361138679,
      "M_deg": 314.211899762679
    }
  },
  "moons": {
    "Lua": {
      "id": 301,
      "planet": "Terra",
      "radius": 1737,
      "eccentricity": 0.0636764615364758,
      "orbit_km": 380194.73489500425,
      "period_days": 26.83809973539373
    },
    "Io": {
      "id": 501,
      "planet": "Júpiter",
      "radius": 1821,
      "eccentricity": 0.004562697369983234,
      "orbit_km": 422035.8925573941,
      "period_days": 1.771392364414752
    },
    "Europa": {
      "id": 502,
      "planet": "Júpiter",
      "radius": 1560,
      "eccentricity": 0.009657425098712561,
      "orbit_km": 671168.6130171847,
      "period_days": 3.552571853798169
    },
    "Ganymede": {
      "id": 503,
      "planet": "Júpiter",
      "radius": 2634,
      "eccentricity": 0.001248734704549722,
      "orbit_km": 1070658.9301784837,
      "period_days": 7.157488686407103
    },
    "Callisto": {
      "id": 504,
      "planet": "Júpiter",
      "radius": 2410,
      "eccentricity": 0.006927284773869465,
      "orbit_km": 1883823.5637974178,
      "period_days": 16.70509440754343
    },
    "Titan": {
      "id": 606,
      "planet": "Saturno",
      "radius": 2575,
      "eccentricity": 0.02874454722256938,
      "orbit_km": 1221927.7608567984,
      "period_days": 15.94720968914673
    }
  }
}