{
  "generated_at": "2026-02-12T05:03:13.708279+00:00",
  "source": "JPL Horizons",
  "planets": {
    "Mercúrio": {
      "id": 199,
      "radius": 2440,
      "orbit_km": 57909091.070090756,
      "period_days": 87.96914993926846,
      "eccentricity": 0.205632097318725,
      "perihelion_arg_deg": 29.20097159068884,
      "a_AU": 0.3870983644293993,
      "i_deg": 7.003389906551411,
      "raan_deg": 48.29818060932675,
      "argp_deg": 29.20097159068884,
      "M_deg": 329.5267028268186
    },
    "Vênus": {
      "id": 299,
      "radius": 6052,
      "orbit_km": 108208815.7227116,
      "period_days": 224.7003470762191,
      "eccentricity": 0.006785685672808094,
      "perihelion_arg_deg": 54.91478601465982,
      "a_AU": 0.7233312560959573,
      "i_deg": 3.394384992241362,
      "raan_deg": 76.60696948261692,
      "argp_deg": 54.91478601465982,
      "M_deg": 212.3788365916347
    },
    "Terra": {
      "id": 399,
      "radius": 6371,
      "orbit_km": 149659069.50790426,
      "period_days": 365.4805061294708,
      "eccentricity": 0.01717237149981552,
      "perihelion_arg_deg": 286.6534467716135,
      "a_AU": 1.000409088763215,
      "i_deg": 0.002989659369205822,
      "raan_deg": 176.3205470040961,
      "argp_deg": 286.6534467716135,
      "M_deg": 38.68280288002449
    },
    "Marte": {
      "id": 499,
      "radius": 3390,
      "orbit_km": 227940613.62218943,
      "period_days": 686.9779668372537,
      "eccentricity": 0.09347903942281394,
      "perihelion_arg_deg": 286.6223240267523,
      "a_AU": 1.523688890460855,
      "i_deg": 1.847479863767286,
      "raan_deg": 49.48238620367967,
      "argp_deg": 286.6223240267523,
      "M_deg": 337.8323397845605
    },
    "Júpiter": {
      "id": 599,
      "radius": 69911,
      "orbit_km": 778507192.3540182,
      "period_days": 4334.081402872593,
      "eccentricity": 0.04832041149980867,
      "perihelion_arg_deg": 273.8935433420871,
      "a_AU": 5.203999152603034,
      "i_deg": 1.303301776355172,
      "raan_deg": 100.5154255185626,
      "argp_deg": 273.8935433420871,
      "M_deg": 92.51519362312389
    },
    "Saturno": {
      "id": 699,
      "radius": 58232,
      "orbit_km": 1428184551.0188177,
      "period_days": 10772.7045736723,
      "eccentricity": 0.05540872500309502,
      "perihelion_arg_deg": 337.9941944872447,
      "a_AU": 9.54682405796313,
      "i_deg": 2.488869416163948,
      "raan_deg": 113.6907581580551,
      "argp_deg": 337.9941944872447,
      "M_deg": 277.6368714816701
    },
    "Urano": {
      "id": 799,
      "radius": 25362,
      "orbit_km": 2884522382.5390034,
      "period_days": 30925.1417281721,
      "eccentricity": 0.04693434798252624,
      "perihelion_arg_deg": 91.46433660397342,
      "a_AU": 19.28184117221532,
      "i_deg": 0.7744907505530227,
      "raan_deg": 73.98501589555322,
      "argp_deg": 91.46433660397342,
      "M_deg": 259.798749088976
    },
    "Netuno": {
      "id": 899,
      "radius": 24622,
      "orbit_km": 4503192544.331212,
      "period_days": 60322.57891672914,
      "eccentricity": 0.01090692280361045,
      "perihelion_arg_deg": 278.3018099404799,
      "a_AU": 30.1019828909317,
      "i_deg": 1.769720827587111,
      "raan_deg": 131.7683085785452,
      "argp_deg": 278.3018099404799,
      "M_deg": 312.1284323816063
    }
  },
  "moons": {
    "Lua": {
      "id": 301,
      "planet": "Terra",
      "radius": 1737,
      "eccentricity": 0.06163142920345913,
      "orbit_km": 381173.69308538653,
      "period_days": 26.94182401387179
    },
    "Io": {
      "id": 501,
      "planet": "Júpiter",
      "radius": 1821,
      "eccentricity": 0.004574437535965738,
      "orbit_km": 422037.68813117646,
      "period_days": 1.771403669148996
    },
    "Europa": {
      "id": 502,
      "planet": "Júpiter",
      "radius": 1560,
      "eccentricity": 0.009217322327602123,
      "orbit_km": 671308.3863353613,
      "period_days": 3.55368166569463
    },
    "Ganymede": {
      "id": 503,
      "planet": "Júpiter",
      "radius": 2634,
      "eccentricity": 0.001907294489143943,
      "orbit_km": 1070811.2314861298,
      "period_days": 7.159015970616771
    },
    "Callisto": {
      "id": 504,
      "planet": "Júpiter",
      "radius": 2410,
      "eccentricity": 0.007197821782326553,
      "orbit_km": 1884053.8229924417,
      "period_days": 16.70815728922869
    },
    "Titan": {
      "id": 606,
      "planet": "Saturno",
      "radius": 2575,
      "eccentricity": 0.02870541096435715,
      "orbit_km": 1221928.5470959893,
      "period_days": 15.94722508079712
    }
  }
}