{
  "generated_at": "2026-02-21T04:41:14.254151+00:00",
  "source": "JPL Horizons",
  "planets": {
    "Mercúrio": {
      "id": 199,
      "radius": 2440,
      "orbit_km": 57909107.080020465,
      "period_days": 87.96918642006914,
      "eccentricity": 0.2056323845537097,
      "perihelion_arg_deg": 29.20102919936651,
      "a_AU": 0.3870984714491693,
      "i_deg": 7.003388788374929,
      "raan_deg": 48.29817552458849,
      "argp_deg": 29.20102919936651,
      "M_deg": 6.357760448284485
    },
    "Vênus": {
      "id": 299,
      "radius": 6052,
      "orbit_km": 108208574.83798368,
      "period_days": 224.6995967650986,
      "eccentricity": 0.006787294825953929,
      "perihelion_arg_deg": 54.92802524242119,
      "a_AU": 0.7233296458810071,
      "i_deg": 3.394385133898363,
      "raan_deg": 76.6069294149504,
      "argp_deg": 54.92802524242119,
      "M_deg": 226.784842728917
    },
    "Terra": {
      "id": 399,
      "radius": 6371,
      "orbit_km": 149693421.2805237,
      "period_days": 365.606348389147,
      "eccentricity": 0.01687898929649468,
      "perihelion_arg_deg": 268.2895925058604,
      "a_AU": 1.000638716180094,
      "i_deg": 0.00202672569479844,
      "raan_deg": 196.8932910137929,
      "argp_deg": 268.2895925058604,
      "M_deg": 45.41579130621164
    },
    "Marte": {
      "id": 499,
      "radius": 3390,
      "orbit_km": 227939891.35722488,
      "period_days": 686.9747016464922,
      "eccentricity": 0.09347583513365079,
      "perihelion_arg_deg": 286.6222635671202,
      "a_AU": 1.523684062417774,
      "i_deg": 1.847479168662137,
      "raan_deg": 49.48221942938814,
      "argp_deg": 286.6222635671202,
      "M_deg": 342.5487187808268
    },
    "Júpiter": {
      "id": 599,
      "radius": 69911,
      "orbit_km": 778288284.0056376,
      "period_days": 4332.253481604912,
      "eccentricity": 0.0482020078883047,
      "perihelion_arg_deg": 273.5495444329152,
      "a_AU": 5.202535840676492,
      "i_deg": 1.303501350318422,
      "raan_deg": 100.5172671377791,
      "argp_deg": 273.5495444329152,
      "M_deg": 93.6223365095868
    },
    "Saturno": {
      "id": 699,
      "radius": 58232,
      "orbit_km": 1427555909.5958753,
      "period_days": 10765.59265345583,
      "eccentricity": 0.05522399750890163,
      "perihelion_arg_deg": 338.5244361088264,
      "a_AU": 9.542621849602806,
      "i_deg": 2.487243252927475,
      "raan_deg": 113.5912240069802,
      "argp_deg": 338.5244361088264,
      "M_deg": 277.4888178400438
    },
    "Urano": {
      "id": 799,
      "radius": 25362,
      "orbit_km": 2884297963.3450446,
      "period_days": 30921.53278041467,
      "eccentricity": 0.04696749047182019,
      "perihelion_arg_deg": 91.54809640553836,
      "a_AU": 19.28034102256139,
      "i_deg": 0.7741606649081929,
      "raan_deg": 73.99126834086707,
      "argp_deg": 91.54809640553836,
      "M_deg": 259.8152504758777
    },
    "Netuno": {
      "id": 899,
      "radius": 24622,
      "orbit_km": 4504385605.192665,
      "period_days": 60346.55299972336,
      "eccentricity": 0.01087337144555083,
      "perihelion_arg_deg": 276.1392356990649,
      "a_AU": 30.10995801020225,
      "i_deg": 1.772366322447867,
      "raan_deg": 131.8685363547698,
      "argp_deg": 276.1392356990649,
      "M_deg": 314.211480130993
    }
  },
  "moons": {
    "Lua": {
      "id": 301,
      "planet": "Terra",
      "radius": 1737,
      "eccentricity": 0.03340367125517671,
      "orbit_km": 383548.05862021376,
      "period_days": 27.19395022834508
    },
    "Io": {
      "id": 501,
      "planet": "Júpiter",
      "radius": 1821,
      "eccentricity": 0.004249029770788672,
      "orbit_km": 422029.37767529616,
      "period_days": 1.771351347638442
    },
    "Europa": {
      "id": 502,
      "planet": "Júpiter",
      "radius": 1560,
      "eccentricity": 0.00972612280384968,
      "orbit_km": 671226.3241977299,
      "period_days": 3.55303007141793
    },
    "Ganymede": {
      "id": 503,
      "planet": "Júpiter",
      "radius": 2634,
      "eccentricity": 0.00145714788424207,
      "orbit_km": 1070564.467103278,
      "period_days": 7.156541461115052
    },
    "Callisto": {
      "id": 504,
      "planet": "Júpiter",
      "radius": 2410,
      "eccentricity": 0.007289653388628863,
      "orbit_km": 1883013.7296294111,
      "period_days": 16.69432357226026
    },
    "Titan": {
      "id": 606,
      "planet": "Saturno",
      "radius": 2575,
      "eccentricity": 0.02878373386888449,
      "orbit_km": 1221962.7184956057,
      "period_days": 15.94789403498283
    }
  }
}