{
  "generated_at": "2026-03-13T04:49:29.284071+00:00",
  "source": "JPL Horizons",
  "planets": {
    "Mercúrio": {
      "id": 199,
      "radius": 2440,
      "orbit_km": 57909166.618313536,
      "period_days": 87.96932208620555,
      "eccentricity": 0.2056341164550855,
      "perihelion_arg_deg": 29.20103964594979,
      "a_AU": 0.3870988694380764,
      "i_deg": 7.003391175733222,
      "raan_deg": 48.29806697044189,
      "argp_deg": 29.20103964594979,
      "M_deg": 88.20445445365647
    },
    "Vênus": {
      "id": 299,
      "radius": 6052,
      "orbit_km": 108208221.57122158,
      "period_days": 224.6984964063564,
      "eccentricity": 0.006789201594228792,
      "perihelion_arg_deg": 54.95088910263803,
      "a_AU": 0.7233272844385584,
      "i_deg": 3.394386390430204,
      "raan_deg": 76.60688517246972,
      "argp_deg": 54.95088910263803,
      "M_deg": 258.8049279048819
    },
    "Terra": {
      "id": 399,
      "radius": 6371,
      "orbit_km": 149640585.68687522,
      "period_days": 365.4127995645057,
      "eccentricity": 0.01708914729615257,
      "perihelion_arg_deg": 291.0323849906996,
      "a_AU": 1.000285532051194,
      "i_deg": 0.002310004274952939,
      "raan_deg": 172.3582052849508,
      "argp_deg": 291.0323849906996,
      "M_deg": 66.84588484770991
    },
    "Marte": {
      "id": 499,
      "radius": 3390,
      "orbit_km": 227938057.09653822,
      "period_days": 686.9664094067351,
      "eccentricity": 0.09346792254744568,
      "perihelion_arg_deg": 286.621347907483,
      "a_AU": 1.523671801142409,
      "i_deg": 1.847479516185619,
      "raan_deg": 49.48190531506211,
      "argp_deg": 286.621347907483,
      "M_deg": 353.0303355335367
    },
    "Júpiter": {
      "id": 599,
      "radius": 69911,
      "orbit_km": 778407426.5136414,
      "period_days": 4333.248309566809,
      "eccentricity": 0.04819942079191269,
      "perihelion_arg_deg": 273.7325892053228,
      "a_AU": 5.203332259151209,
      "i_deg": 1.303308909681439,
      "raan_deg": 100.5149441431793,
      "argp_deg": 273.7325892053228,
      "M_deg": 95.10121629773677
    },
    "Saturno": {
      "id": 699,
      "radius": 58232,
      "orbit_km": 1427968742.8037543,
      "period_days": 10770.26292460433,
      "eccentricity": 0.05525204708603502,
      "perihelion_arg_deg": 338.1209249995772,
      "a_AU": 9.54538146914784,
      "i_deg": 2.488919474048299,
      "raan_deg": 113.6975070490302,
      "argp_deg": 338.1209249995772,
      "M_deg": 278.4556953268322
    },
    "Urano": {
      "id": 799,
      "radius": 25362,
      "orbit_km": 2883878711.4105525,
      "period_days": 30914.791049069,
      "eccentricity": 0.04703468528301934,
      "perihelion_arg_deg": 91.72292837881301,
      "a_AU": 19.2775384964791,
      "i_deg": 0.7746245551750681,
      "raan_deg": 73.98326557280944,
      "argp_deg": 91.72292837881301,
      "M_deg": 259.8851783237928
    },
    "Netuno": {
      "id": 899,
      "radius": 24622,
      "orbit_km": 4502041404.147463,
      "period_days": 60299.45022324306,
      "eccentricity": 0.01070353137067123,
      "perihelion_arg_deg": 279.0696462823351,
      "a_AU": 30.09428799408348,
      "i_deg": 1.771726800886749,
      "raan_deg": 131.8444664016153,
      "argp_deg": 279.0696462823351,
      "M_deg": 311.4521069114453
    }
  },
  "moons": {
    "Lua": {
      "id": 301,
      "planet": "Terra",
      "radius": 1737,
      "eccentricity": 0.06423205481311489,
      "orbit_km": 380378.25359671377,
      "period_days": 26.85753406894218
    },
    "Io": {
      "id": 501,
      "planet": "Júpiter",
      "radius": 1821,
      "eccentricity": 0.003562509879352349,
      "orbit_km": 422019.17544921895,
      "period_days": 1.771287116502002
    },
    "Europa": {
      "id": 502,
      "planet": "Júpiter",
      "radius": 1560,
      "eccentricity": 0.009661635592192517,
      "orbit_km": 671240.3262219948,
      "period_days": 3.553141248239208
    },
    "Ganymede": {
      "id": 503,
      "planet": "Júpiter",
      "radius": 2634,
      "eccentricity": 0.001807071290079083,
      "orbit_km": 1070790.4929937562,
      "period_days": 7.158807997715157
    },
    "Callisto": {
      "id": 504,
      "planet": "Júpiter",
      "radius": 2410,
      "eccentricity": 0.007343989495008849,
      "orbit_km": 1882323.9406693887,
      "period_days": 16.68515117066053
    },
    "Titan": {
      "id": 606,
      "planet": "Saturno",
      "radius": 2575,
      "eccentricity": 0.02867322071539781,
      "orbit_km": 1221960.7987934074,
      "period_days": 15.94785645380942
    }
  }
}