{
  "generated_at": "2026-03-18T05:01:55.137271+00:00",
  "source": "JPL Horizons",
  "planets": {
    "Mercúrio": {
      "id": 199,
      "radius": 2440,
      "orbit_km": 57909153.27562244,
      "period_days": 87.96929168305462,
      "eccentricity": 0.2056344139589383,
      "perihelion_arg_deg": 29.20099654078997,
      "a_AU": 0.3870987802476954,
      "i_deg": 7.0033937437159,
      "raan_deg": 48.29805414952996,
      "argp_deg": 29.20099654078997,
      "M_deg": 108.6661676301888
    },
    "Vênus": {
      "id": 299,
      "radius": 6052,
      "orbit_km": 108208206.71433356,
      "period_days": 224.6984501300167,
      "eccentricity": 0.006789392887292942,
      "perihelion_arg_deg": 54.95185889918211,
      "a_AU": 0.7233271851263962,
      "i_deg": 3.394386705953616,
      "raan_deg": 76.60688015059479,
      "argp_deg": 54.95185889918211,
      "M_deg": 266.814718364995
    },
    "Terra": {
      "id": 399,
      "radius": 6371,
      "orbit_km": 149730915.48688582,
      "period_days": 365.7437189372335,
      "eccentricity": 0.01699810443634531,
      "perihelion_arg_deg": 294.4266605648621,
      "a_AU": 1.000889349469102,
      "i_deg": 0.001251832429899832,
      "raan_deg": 171.2479271875673,
      "argp_deg": 294.4266605648621,
      "M_deg": 69.52280883004423
    },
    "Marte": {
      "id": 499,
      "radius": 3390,
      "orbit_km": 227937539.43102247,
      "period_days": 686.9640691747663,
      "eccentricity": 0.09346579033819577,
      "perihelion_arg_deg": 286.6210502679695,
      "a_AU": 1.523668340762169,
      "i_deg": 1.847479990961381,
      "raan_deg": 49.48181963698881,
      "argp_deg": 286.6210502679695,
      "M_deg": 355.6508467601136
    },
    "Júpiter": {
      "id": 599,
      "radius": 69911,
      "orbit_km": 778410926.4067736,
      "period_days": 4333.277534473705,
      "eccentricity": 0.04826435023564204,
      "perihelion_arg_deg": 273.7434911634204,
      "a_AU": 5.203355654491769,
      "i_deg": 1.303442085445488,
      "raan_deg": 100.5163753304798,
      "argp_deg": 273.7434911634204,
      "M_deg": 95.49665857801445
    },
    "Saturno": {
      "id": 699,
      "radius": 58232,
      "orbit_km": 1427866788.190493,
      "period_days": 10769.10947667741,
      "eccentricity": 0.05545803957598278,
      "perihelion_arg_deg": 338.2750224879235,
      "a_AU": 9.544699944652978,
      "i_deg": 2.488175133658754,
      "raan_deg": 113.6492881977752,
      "argp_deg": 338.2750224879235,
      "M_deg": 278.5413174689006
    },
    "Urano": {
      "id": 799,
      "radius": 25362,
      "orbit_km": 2884028889.1612105,
      "period_days": 30917.20590837212,
      "eccentricity": 0.04704611981534633,
      "perihelion_arg_deg": 91.63489485305965,
      "a_AU": 19.2785423727372,
      "i_deg": 0.7734824874474722,
      "raan_deg": 74.00389075455249,
      "argp_deg": 91.63489485305965,
      "M_deg": 260.0135727086839
    },
    "Netuno": {
      "id": 899,
      "radius": 24622,
      "orbit_km": 4501935926.993974,
      "period_days": 60297.33112552413,
      "eccentricity": 0.01059290419559419,
      "perihelion_arg_deg": 278.5805583747131,
      "a_AU": 30.09358292286158,
      "i_deg": 1.775091646081451,
      "raan_deg": 131.9721121471296,
      "argp_deg": 278.5805583747131,
      "M_deg": 311.8289267346531
    }
  },
  "moons": {
    "Lua": {
      "id": 301,
      "planet": "Terra",
      "radius": 1737,
      "eccentricity": 0.05540632455825891,
      "orbit_km": 386440.9468514343,
      "period_days": 27.50219274197912
    },
    "Io": {
      "id": 501,
      "planet": "Júpiter",
      "radius": 1821,
      "eccentricity": 0.003575197408035385,
      "orbit_km": 422021.329813715,
      "period_days": 1.771300679877205
    },
    "Europa": {
      "id": 502,
      "planet": "Júpiter",
      "radius": 1560,
      "eccentricity": 0.009600263253260013,
      "orbit_km": 671248.6023455443,
      "period_days": 3.553206961647919
    },
    "Ganymede": {
      "id": 503,
      "planet": "Júpiter",
      "radius": 2634,
      "eccentricity": 0.001561590070990452,
      "orbit_km": 1070430.04752616,
      "period_days": 7.155193645393523
    },
    "Callisto": {
      "id": 504,
      "planet": "Júpiter",
      "radius": 2410,
      "eccentricity": 0.007214999119006296,
      "orbit_km": 1883525.5274277888,
      "period_days": 16.70113023951051
    },
    "Titan": {
      "id": 606,
      "planet": "Saturno",
      "radius": 2575,
      "eccentricity": 0.02873015650132732,
      "orbit_km": 1221949.5062159097,
      "period_days": 15.94763538453818
    }
  }
}