{
  "generated_at": "2026-05-24T06:40:27.364292+00:00",
  "source": "JPL Horizons",
  "planets": {
    "Mercúrio": {
      "id": 199,
      "radius": 2440,
      "orbit_km": 57909133.865630366,
      "period_days": 87.96924745473278,
      "eccentricity": 0.2056342074554566,
      "perihelion_arg_deg": 29.20193728244383,
      "a_AU": 0.3870986504999123,
      "i_deg": 7.00338389929187,
      "raan_deg": 48.2978760681336,
      "argp_deg": 29.20193728244383,
      "M_deg": 22.8518869330733
    },
    "Vênus": {
      "id": 299,
      "radius": 6052,
      "orbit_km": 108208684.31602345,
      "period_days": 224.699937768725,
      "eccentricity": 0.006789383145138202,
      "perihelion_arg_deg": 54.86547521013178,
      "a_AU": 0.723330377696502,
      "i_deg": 3.394372269461828,
      "raan_deg": 76.60670242213023,
      "argp_deg": 54.86547521013178,
      "M_deg": 14.24387980882322
    },
    "Terra": {
      "id": 399,
      "radius": 6371,
      "orbit_km": 149588473.18014437,
      "period_days": 365.2219330402935,
      "eccentricity": 0.01644788130894508,
      "perihelion_arg_deg": 262.5282193364086,
      "a_AU": 0.9999371814597919,
      "i_deg": 0.004693594432206541,
      "raan_deg": 199.3134410680028,
      "argp_deg": 262.5282193364086,
      "M_deg": 139.4473505024685
    },
    "Marte": {
      "id": 499,
      "radius": 3390,
      "orbit_km": 227929117.84741974,
      "period_days": 686.9259977457428,
      "eccentricity": 0.09343483106108802,
      "perihelion_arg_deg": 286.6126654555758,
      "a_AU": 1.523612045952869,
      "i_deg": 1.847491428927883,
      "raan_deg": 49.48112222632139,
      "argp_deg": 286.6126654555758,
      "M_deg": 30.77122378109842
    },
    "Júpiter": {
      "id": 599,
      "radius": 69911,
      "orbit_km": 778519924.3513454,
      "period_days": 4334.187725085785,
      "eccentricity": 0.0481513105313849,
      "perihelion_arg_deg": 273.8974500994975,
      "a_AU": 5.204084260748409,
      "i_deg": 1.303174838325022,
      "raan_deg": 100.5112893119834,
      "argp_deg": 273.8974500994975,
      "M_deg": 100.9226972864168
    },
    "Saturno": {
      "id": 699,
      "radius": 58232,
      "orbit_km": 1427095836.7049267,
      "period_days": 10760.38876803859,
      "eccentricity": 0.05533751693411062,
      "perihelion_arg_deg": 338.9065009669812,
      "a_AU": 9.539546452280666,
      "i_deg": 2.486967968722894,
      "raan_deg": 113.5620994805937,
      "argp_deg": 338.9065009669812,
      "M_deg": 280.229628655663
    },
    "Urano": {
      "id": 799,
      "radius": 25362,
      "orbit_km": 2883143198.0016913,
      "period_days": 30902.96489629653,
      "eccentricity": 0.04725166401408539,
      "perihelion_arg_deg": 91.92674212300835,
      "a_AU": 19.27262189301797,
      "i_deg": 0.7707389357006627,
      "raan_deg": 74.0508989927953,
      "argp_deg": 91.92674212300835,
      "M_deg": 260.470917506296
    },
    "Netuno": {
      "id": 899,
      "radius": 24622,
      "orbit_km": 4501590693.474117,
      "period_days": 60290.39535574291,
      "eccentricity": 0.01056364497359831,
      "perihelion_arg_deg": 279.34003500173,
      "a_AU": 30.09127517932057,
      "i_deg": 1.766075803610171,
      "raan_deg": 131.6258636589747,
      "argp_deg": 279.34003500173,
      "M_deg": 311.8188144990696
    }
  },
  "moons": {
    "Lua": {
      "id": 301,
      "planet": "Terra",
      "radius": 1737,
      "eccentricity": 0.06096798122519772,
      "orbit_km": 380228.0348938723,
      "period_days": 26.84162580313379
    },
    "Io": {
      "id": 501,
      "planet": "Júpiter",
      "radius": 1821,
      "eccentricity": 0.00358722200313363,
      "orbit_km": 422019.510824998,
      "period_days": 1.771289227947225
    },
    "Europa": {
      "id": 502,
      "planet": "Júpiter",
      "radius": 1560,
      "eccentricity": 0.009627229101749882,
      "orbit_km": 671236.5288766677,
      "period_days": 3.553111096999691
    },
    "Ganymede": {
      "id": 503,
      "planet": "Júpiter",
      "radius": 2634,
      "eccentricity": 0.001834676716772832,
      "orbit_km": 1070774.5366967455,
      "period_days": 7.158647983722886
    },
    "Callisto": {
      "id": 504,
      "planet": "Júpiter",
      "radius": 2410,
      "eccentricity": 0.007507005561119504,
      "orbit_km": 1884014.6517639423,
      "period_days": 16.70763622477936
    },
    "Titan": {
      "id": 606,
      "planet": "Saturno",
      "radius": 2575,
      "eccentricity": 0.02880928326953791,
      "orbit_km": 1221949.0174867269,
      "period_days": 15.94762581694886
    }
  }
}