{
  "generated_at": "2026-07-21T05:55:09.146252+00:00",
  "source": "JPL Horizons",
  "planets": {
    "Mercúrio": {
      "id": 199,
      "radius": 2440,
      "orbit_km": 57909035.88527476,
      "period_days": 87.9690241932041,
      "eccentricity": 0.205636764480035,
      "perihelion_arg_deg": 29.20174931934742,
      "a_AU": 0.387097995541689,
      "i_deg": 7.003371189150481,
      "raan_deg": 48.29749399358386,
      "argp_deg": 29.20174931934742,
      "M_deg": 260.2079796398272
    },
    "Vênus": {
      "id": 299,
      "radius": 6052,
      "orbit_km": 108208013.28880821,
      "period_days": 224.6978476471136,
      "eccentricity": 0.006780315453093672,
      "perihelion_arg_deg": 54.84334800804871,
      "a_AU": 0.7233258921566202,
      "i_deg": 3.394370238197277,
      "raan_deg": 76.60656051865139,
      "argp_deg": 54.84334800804871,
      "M_deg": 107.1912075930739
    },
    "Terra": {
      "id": 399,
      "radius": 6371,
      "orbit_km": 149619156.06235275,
      "period_days": 365.3343077031981,
      "eccentricity": 0.01662121997111863,
      "perihelion_arg_deg": 263.418416003943,
      "a_AU": 1.000142283859076,
      "i_deg": 0.003053453396330256,
      "raan_deg": 198.2373010939968,
      "argp_deg": 263.418416003943,
      "M_deg": 196.7961910735855
    },
    "Marte": {
      "id": 499,
      "radius": 3390,
      "orbit_km": 227926765.02724245,
      "period_days": 686.9153614839597,
      "eccentricity": 0.09342596130595758,
      "perihelion_arg_deg": 286.6093257005536,
      "a_AU": 1.523596318321411,
      "i_deg": 1.847482574182556,
      "raan_deg": 49.48120978947121,
      "argp_deg": 286.6093257005536,
      "M_deg": 61.17134598480915
    },
    "Júpiter": {
      "id": 599,
      "radius": 69911,
      "orbit_km": 778183745.1450855,
      "period_days": 4331.380655345668,
      "eccentricity": 0.04829315900103649,
      "perihelion_arg_deg": 273.393067858162,
      "a_AU": 5.201837041555469,
      "i_deg": 1.303755644919684,
      "raan_deg": 100.5213318538054,
      "argp_deg": 273.393067858162,
      "M_deg": 106.2341771185123
    },
    "Saturno": {
      "id": 699,
      "radius": 58232,
      "orbit_km": 1427468205.733395,
      "period_days": 10764.60057018684,
      "eccentricity": 0.05526237704280654,
      "perihelion_arg_deg": 338.4833159056175,
      "a_AU": 9.542035585493098,
      "i_deg": 2.488709908206321,
      "raan_deg": 113.6994176497475,
      "argp_deg": 338.4833159056175,
      "M_deg": 282.443103463239
    },
    "Urano": {
      "id": 799,
      "radius": 25362,
      "orbit_km": 2882459519.308851,
      "period_days": 30891.97353479765,
      "eccentricity": 0.04737356452217399,
      "perihelion_arg_deg": 92.2412156148945,
      "a_AU": 19.26805178323204,
      "i_deg": 0.7734485215803396,
      "raan_deg": 74.00546120487544,
      "argp_deg": 92.2412156148945,
      "M_deg": 260.8857943869899
    },
    "Netuno": {
      "id": 899,
      "radius": 24622,
      "orbit_km": 4499340093.901393,
      "period_days": 60245.18714470009,
      "eccentricity": 0.01020884740513677,
      "perihelion_arg_deg": 281.1842802130766,
      "a_AU": 30.07623085039935,
      "i_deg": 1.768443404937184,
      "raan_deg": 131.7168460153176,
      "argp_deg": 281.1842802130766,
      "M_deg": 310.2252543712846
    }
  },
  "moons": {
    "Lua": {
      "id": 301,
      "planet": "Terra",
      "radius": 1737,
      "eccentricity": 0.0684514194191038,
      "orbit_km": 380082.4412669054,
      "period_days": 26.82621033463696
    },
    "Io": {
      "id": 501,
      "planet": "Júpiter",
      "radius": 1821,
      "eccentricity": 0.003884194503151881,
      "orbit_km": 422023.06117415766,
      "period_days": 1.771311580142872
    },
    "Europa": {
      "id": 502,
      "planet": "Júpiter",
      "radius": 1560,
      "eccentricity": 0.00923364008793526,
      "orbit_km": 671328.3528936275,
      "period_days": 3.553840211277576
    },
    "Ganymede": {
      "id": 503,
      "planet": "Júpiter",
      "radius": 2634,
      "eccentricity": 0.001865803339378345,
      "orbit_km": 1070345.4085260308,
      "period_days": 7.154345019461721
    },
    "Callisto": {
      "id": 504,
      "planet": "Júpiter",
      "radius": 2410,
      "eccentricity": 0.007174042761779528,
      "orbit_km": 1883399.338305207,
      "period_days": 16.69945189830304
    },
    "Titan": {
      "id": 606,
      "planet": "Saturno",
      "radius": 2575,
      "eccentricity": 0.02869340981605824,
      "orbit_km": 1221921.8842068284,
      "period_days": 15.94709464626982
    }
  }
}