{
  "generated_at": "2026-06-20T07:03:53.571758+00:00",
  "source": "JPL Horizons",
  "planets": {
    "Mercúrio": {
      "id": 199,
      "radius": 2440,
      "orbit_km": 57909034.7808198,
      "period_days": 87.96902167655476,
      "eccentricity": 0.20563798190891,
      "perihelion_arg_deg": 29.20125181351029,
      "a_AU": 0.3870979881588636,
      "i_deg": 7.003394428691486,
      "raan_deg": 48.29770973722165,
      "argp_deg": 29.20125181351029,
      "M_deg": 133.3456109975707
    },
    "Vênus": {
      "id": 299,
      "radius": 6052,
      "orbit_km": 108207984.14826563,
      "period_days": 224.6977568800361,
      "eccentricity": 0.006783749133902669,
      "perihelion_arg_deg": 54.83673229257155,
      "a_AU": 0.7233256973641246,
      "i_deg": 3.394371868027136,
      "raan_deg": 76.60655702488367,
      "argp_deg": 54.83673229257155,
      "M_deg": 57.53072819017209
    },
    "Terra": {
      "id": 399,
      "radius": 6371,
      "orbit_km": 149659254.57769412,
      "period_days": 365.4811840645424,
      "eccentricity": 0.01617482374466531,
      "perihelion_arg_deg": 254.2875010063404,
      "a_AU": 1.000410325878349,
      "i_deg": 0.003969417064636143,
      "raan_deg": 207.8683061892579,
      "argp_deg": 254.2875010063404,
      "M_deg": 165.7403762339798
    },
    "Marte": {
      "id": 499,
      "radius": 3390,
      "orbit_km": 227926788.2842057,
      "period_days": 686.9154666201362,
      "eccentricity": 0.09342794217357722,
      "perihelion_arg_deg": 286.6085753038211,
      "a_AU": 1.523596473784608,
      "i_deg": 1.847488147303129,
      "raan_deg": 49.48117638618635,
      "argp_deg": 286.6085753038211,
      "M_deg": 44.92533445307767
    },
    "Júpiter": {
      "id": 599,
      "radius": 69911,
      "orbit_km": 778368984.88967,
      "period_days": 4332.92731755196,
      "eccentricity": 0.04826029927553436,
      "perihelion_arg_deg": 273.6832743327923,
      "a_AU": 5.203075292766651,
      "i_deg": 1.303461110366182,
      "raan_deg": 100.515612777361,
      "argp_deg": 273.6832743327923,
      "M_deg": 103.3685635153814
    },
    "Saturno": {
      "id": 699,
      "radius": 58232,
      "orbit_km": 1427573860.417329,
      "period_days": 10765.79571223388,
      "eccentricity": 0.05533215004851073,
      "perihelion_arg_deg": 338.4297305925738,
      "a_AU": 9.54274184343273,
      "i_deg": 2.48864975038388,
      "raan_deg": 113.6901086466767,
      "argp_deg": 338.4297305925738,
      "M_deg": 281.4763458910762
    },
    "Urano": {
      "id": 799,
      "radius": 25362,
      "orbit_km": 2882864319.148986,
      "period_days": 30898.48126104322,
      "eccentricity": 0.0473159346196669,
      "perihelion_arg_deg": 92.03201573243169,
      "a_AU": 19.2707577030305,
      "i_deg": 0.7705884581136669,
      "raan_deg": 74.05248513989177,
      "argp_deg": 92.03201573243169,
      "M_deg": 260.683612942051
    },
    "Netuno": {
      "id": 899,
      "radius": 24622,
      "orbit_km": 4499355994.494766,
      "period_days": 60245.50650250155,
      "eccentricity": 0.01012484373016568,
      "perihelion_arg_deg": 280.4896123323024,
      "a_AU": 30.07633713930105,
      "i_deg": 1.775251903056549,
      "raan_deg": 131.9816698376711,
      "argp_deg": 280.4896123323024,
      "M_deg": 310.4570419509406
    }
  },
  "moons": {
    "Lua": {
      "id": 301,
      "planet": "Terra",
      "radius": 1737,
      "eccentricity": 0.06936027163730428,
      "orbit_km": 381197.79146961035,
      "period_days": 26.94437900927216
    },
    "Io": {
      "id": 501,
      "planet": "Júpiter",
      "radius": 1821,
      "eccentricity": 0.004141527397186333,
      "orbit_km": 422026.9262626183,
      "period_days": 1.771335913972893
    },
    "Europa": {
      "id": 502,
      "planet": "Júpiter",
      "radius": 1560,
      "eccentricity": 0.00966489308217634,
      "orbit_km": 671221.3982134997,
      "period_days": 3.552990959115509
    },
    "Ganymede": {
      "id": 503,
      "planet": "Júpiter",
      "radius": 2634,
      "eccentricity": 0.001910898488832068,
      "orbit_km": 1070610.9009049279,
      "period_days": 7.157007069268754
    },
    "Callisto": {
      "id": 504,
      "planet": "Júpiter",
      "radius": 2410,
      "eccentricity": 0.007108365709611758,
      "orbit_km": 1882790.0251084697,
      "period_days": 16.69134869904706
    },
    "Titan": {
      "id": 606,
      "planet": "Saturno",
      "radius": 2575,
      "eccentricity": 0.02868889736281535,
      "orbit_km": 1221948.6185131897,
      "period_days": 15.94761800645914
    }
  }
}