{
  "generated_at": "2026-02-10T05:09:27.147265+00:00",
  "source": "JPL Horizons",
  "planets": {
    "Mercúrio": {
      "id": 199,
      "radius": 2440,
      "orbit_km": 57909106.492405236,
      "period_days": 87.96918508110787,
      "eccentricity": 0.2056322295141243,
      "perihelion_arg_deg": 29.2009150397342,
      "a_AU": 0.3870984675212041,
      "i_deg": 7.003389434941503,
      "raan_deg": 48.29818222473627,
      "argp_deg": 29.2009150397342,
      "M_deg": 321.3420670885959
    },
    "Vênus": {
      "id": 299,
      "radius": 6052,
      "orbit_km": 108208866.38356535,
      "period_days": 224.7005048754614,
      "eccentricity": 0.006785318264938635,
      "perihelion_arg_deg": 54.91221279083341,
      "a_AU": 0.7233315947428479,
      "i_deg": 3.394385048412241,
      "raan_deg": 76.60698097117353,
      "argp_deg": 54.91221279083341,
      "M_deg": 209.177140652402
    },
    "Terra": {
      "id": 399,
      "radius": 6371,
      "orbit_km": 149609083.70670918,
      "period_days": 365.2974168874611,
      "eccentricity": 0.01694534099993567,
      "perihelion_arg_deg": 293.5549267711928,
      "a_AU": 1.00007495432025,
      "i_deg": 0.003761204590551,
      "raan_deg": 168.5986988522561,
      "argp_deg": 293.5549267711928,
      "M_deg": 37.52725386970884
    },
    "Marte": {
      "id": 499,
      "radius": 3390,
      "orbit_km": 227940748.275502,
      "period_days": 686.9785755739182,
      "eccentricity": 0.09347964395188561,
      "perihelion_arg_deg": 286.6223104233442,
      "a_AU": 1.523689790562654,
      "i_deg": 1.847480116736253,
      "raan_deg": 49.4824276762041,
      "argp_deg": 286.6223104233442,
      "M_deg": 336.7842763731254
    },
    "Júpiter": {
      "id": 599,
      "radius": 69911,
      "orbit_km": 778290776.6002494,
      "period_days": 4332.274293739478,
      "eccentricity": 0.04839793246242584,
      "perihelion_arg_deg": 273.5627255323783,
      "a_AU": 5.202552502642336,
      "i_deg": 1.303777835463894,
      "raan_deg": 100.519811202539,
      "argp_deg": 273.5627255323783,
      "M_deg": 92.6699322719551
    },
    "Saturno": {
      "id": 699,
      "radius": 58232,
      "orbit_km": 1428199570.9852722,
      "period_days": 10772.87451608621,
      "eccentricity": 0.05530759590785289,
      "perihelion_arg_deg": 337.9541276566971,
      "a_AU": 9.54692446023747,
      "i_deg": 2.489119414768927,
      "raan_deg": 113.7059663739082,
      "argp_deg": 337.9541276566971,
      "M_deg": 277.5831872101305
    },
    "Urano": {
      "id": 799,
      "radius": 25362,
      "orbit_km": 2884559015.837107,
      "period_days": 30925.73085180289,
      "eccentricity": 0.04693278069266827,
      "perihelion_arg_deg": 91.41213108247688,
      "a_AU": 19.28208605068807,
      "i_deg": 0.7725051035034983,
      "raan_deg": 74.021685075893,
      "argp_deg": 91.41213108247688,
      "M_deg": 259.7911738504083
    },
    "Netuno": {
      "id": 899,
      "radius": 24622,
      "orbit_km": 4503754213.144395,
      "period_days": 60333.86503233365,
      "eccentricity": 0.01080520525590422,
      "perihelion_arg_deg": 276.7121835768037,
      "a_AU": 30.10573741504728,
      "i_deg": 1.775080613792635,
      "raan_deg": 131.9704241523758,
      "argp_deg": 276.7121835768037,
      "M_deg": 313.4753843502147
    }
  },
  "moons": {
    "Lua": {
      "id": 301,
      "planet": "Terra",
      "radius": 1737,
      "eccentricity": 0.06578141062684303,
      "orbit_km": 379633.9918747191,
      "period_days": 26.7787470193692
    },
    "Io": {
      "id": 501,
      "planet": "Júpiter",
      "radius": 1821,
      "eccentricity": 0.00475092868716863,
      "orbit_km": 422042.83622599003,
      "period_days": 1.771436081118738
    },
    "Europa": {
      "id": 502,
      "planet": "Júpiter",
      "radius": 1560,
      "eccentricity": 0.009632965967305687,
      "orbit_km": 671156.2661749152,
      "period_days": 3.552473824387037
    },
    "Ganymede": {
      "id": 503,
      "planet": "Júpiter",
      "radius": 2634,
      "eccentricity": 0.001600942000162185,
      "orbit_km": 1070696.4252008835,
      "period_days": 7.157864678061393
    },
    "Callisto": {
      "id": 504,
      "planet": "Júpiter",
      "radius": 2410,
      "eccentricity": 0.006779231183037875,
      "orbit_km": 1883707.9929481554,
      "period_days": 16.70355716777159
    },
    "Titan": {
      "id": 606,
      "planet": "Saturno",
      "radius": 2575,
      "eccentricity": 0.02866068076075685,
      "orbit_km": 1221970.319583339,
      "period_days": 15.94804283845498
    }
  }
}