{
  "generated_at": "2026-05-11T06:43:53.354846+00:00",
  "source": "JPL Horizons",
  "planets": {
    "Mercúrio": {
      "id": 199,
      "radius": 2440,
      "orbit_km": 57909060.90786176,
      "period_days": 87.96908121054425,
      "eccentricity": 0.2056331585989697,
      "perihelion_arg_deg": 29.20192775055786,
      "a_AU": 0.3870981628073518,
      "i_deg": 7.003386901986895,
      "raan_deg": 48.2978972662867,
      "argp_deg": 29.20192775055786,
      "M_deg": 329.6514151346444
    },
    "Vênus": {
      "id": 299,
      "radius": 6052,
      "orbit_km": 108208875.04136057,
      "period_days": 224.7005318429049,
      "eccentricity": 0.00679104168384202,
      "perihelion_arg_deg": 54.88056605495636,
      "a_AU": 0.7233316526166343,
      "i_deg": 3.39437583701195,
      "raan_deg": 76.60680211608839,
      "argp_deg": 54.88056605495636,
      "M_deg": 353.401132004572
    },
    "Terra": {
      "id": 399,
      "radius": 6371,
      "orbit_km": 149635687.0248853,
      "period_days": 365.3948563795018,
      "eccentricity": 0.0168086843657433,
      "perihelion_arg_deg": 327.06455546973,
      "a_AU": 1.00025278651834,
      "i_deg": 0.00284958029243839,
      "raan_deg": 137.3084706475971,
      "argp_deg": 327.06455546973,
      "M_deg": 124.0132375679626
    },
    "Marte": {
      "id": 499,
      "radius": 3390,
      "orbit_km": 227930829.006443,
      "period_days": 686.9337333205341,
      "eccentricity": 0.09344055892338798,
      "perihelion_arg_deg": 286.6150404526753,
      "a_AU": 1.52362348434444,
      "i_deg": 1.847490972866937,
      "raan_deg": 49.48113650447673,
      "argp_deg": 286.6150404526753,
      "M_deg": 23.9559573783024
    },
    "Júpiter": {
      "id": 599,
      "radius": 69911,
      "orbit_km": 778156495.15599,
      "period_days": 4331.153146656853,
      "eccentricity": 0.04823860514971746,
      "perihelion_arg_deg": 273.3384779775239,
      "a_AU": 5.201654886629279,
      "i_deg": 1.303807380891276,
      "raan_deg": 100.5213570798051,
      "argp_deg": 273.3384779775239,
      "M_deg": 100.394617420326
    },
    "Saturno": {
      "id": 699,
      "radius": 58232,
      "orbit_km": 1427097750.7722652,
      "period_days": 10760.41041632079,
      "eccentricity": 0.05519228060242085,
      "perihelion_arg_deg": 338.8646173375134,
      "a_AU": 9.539559247030548,
      "i_deg": 2.487126466689302,
      "raan_deg": 113.5759135068883,
      "argp_deg": 338.8646173375134,
      "M_deg": 279.8059051212172
    },
    "Urano": {
      "id": 799,
      "radius": 25362,
      "orbit_km": 2883307162.0249186,
      "period_days": 30905.60110588355,
      "eccentricity": 0.0472092505348406,
      "perihelion_arg_deg": 91.90395969854686,
      "a_AU": 19.27371792481615,
      "i_deg": 0.7730430469992707,
      "raan_deg": 74.01182962569875,
      "argp_deg": 91.90395969854686,
      "M_deg": 260.3778642146481
    },
    "Netuno": {
      "id": 899,
      "radius": 24622,
      "orbit_km": 4500484399.520486,
      "period_days": 60268.17161097129,
      "eccentricity": 0.01044668675172307,
      "perihelion_arg_deg": 280.3725265822639,
      "a_AU": 30.08388006100468,
      "i_deg": 1.770643156636471,
      "raan_deg": 131.8032368254896,
      "argp_deg": 280.3725265822639,
      "M_deg": 310.5377307140727
    }
  },
  "moons": {
    "Lua": {
      "id": 301,
      "planet": "Terra",
      "radius": 1737,
      "eccentricity": 0.06941491993822835,
      "orbit_km": 380380.3076423535,
      "period_days": 26.857751615587
    },
    "Io": {
      "id": 501,
      "planet": "Júpiter",
      "radius": 1821,
      "eccentricity": 0.004733114905446151,
      "orbit_km": 422049.1515353345,
      "period_days": 1.771475842042485
    },
    "Europa": {
      "id": 502,
      "planet": "Júpiter",
      "radius": 1560,
      "eccentricity": 0.009192231080757068,
      "orbit_km": 671299.8452337227,
      "period_days": 3.553613845314969
    },
    "Ganymede": {
      "id": 503,
      "planet": "Júpiter",
      "radius": 2634,
      "eccentricity": 0.001772492270537417,
      "orbit_km": 1070598.9864993405,
      "period_days": 7.15688759834654
    },
    "Callisto": {
      "id": 504,
      "planet": "Júpiter",
      "radius": 2410,
      "eccentricity": 0.007330939425441388,
      "orbit_km": 1883179.5067048462,
      "period_days": 16.69652822722846
    },
    "Titan": {
      "id": 606,
      "planet": "Saturno",
      "radius": 2575,
      "eccentricity": 0.02879102036063759,
      "orbit_km": 1221955.957535458,
      "period_days": 15.94776167874327
    }
  }
}