{
  "generated_at": "2026-02-08T05:07:42.246284+00:00",
  "source": "JPL Horizons",
  "planets": {
    "Mercúrio": {
      "id": 199,
      "radius": 2440,
      "orbit_km": 57909129.19279591,
      "period_days": 87.9692368070415,
      "eccentricity": 0.2056324171050912,
      "perihelion_arg_deg": 29.20083094081045,
      "a_AU": 0.3870986192639433,
      "i_deg": 7.003388670722285,
      "raan_deg": 48.29818633273015,
      "argp_deg": 29.20083094081045,
      "M_deg": 313.1574639117243
    },
    "Vênus": {
      "id": 299,
      "radius": 6052,
      "orbit_km": 108208914.94569416,
      "period_days": 224.7006561375962,
      "eccentricity": 0.006784958259857527,
      "perihelion_arg_deg": 54.909786006892,
      "a_AU": 0.7233319193606288,
      "i_deg": 3.394385147175138,
      "raan_deg": 76.60699302114143,
      "argp_deg": 54.909786006892,
      "M_deg": 205.9753015175659
    },
    "Terra": {
      "id": 399,
      "radius": 6371,
      "orbit_km": 149556660.84337747,
      "period_days": 365.1054339697883,
      "eccentricity": 0.01666116735942286,
      "perihelion_arg_deg": 297.9044235610953,
      "a_AU": 0.9997245291231106,
      "i_deg": 0.00449752378765402,
      "raan_deg": 163.57741791238,
      "argp_deg": 297.9044235610953,
      "M_deg": 36.22949385155987
    },
    "Marte": {
      "id": 499,
      "radius": 3390,
      "orbit_km": 227940871.2655121,
      "period_days": 686.9791315836313,
      "eccentricity": 0.0934802032809466,
      "perihelion_arg_deg": 286.6222974564868,
      "a_AU": 1.523690612700092,
      "i_deg": 1.847480394078827,
      "raan_deg": 49.48246835289252,
      "argp_deg": 286.6222974564868,
      "M_deg": 335.7362129629348
    },
    "Júpiter": {
      "id": 599,
      "radius": 69911,
      "orbit_km": 778074251.4440384,
      "period_days": 4330.466522497327,
      "eccentricity": 0.04836953074253234,
      "perihelion_arg_deg": 273.2279531565024,
      "a_AU": 5.20110512137148,
      "i_deg": 1.304047326636821,
      "raan_deg": 100.5222386275909,
      "argp_deg": 273.2279531565024,
      "M_deg": 92.84278549466222
    },
    "Saturno": {
      "id": 699,
      "radius": 58232,
      "orbit_km": 1428008375.1783051,
      "period_days": 10770.71131052817,
      "eccentricity": 0.05522637120814893,
      "perihelion_arg_deg": 338.1140079032091,
      "a_AU": 9.545646395208387,
      "i_deg": 2.488591430514923,
      "raan_deg": 113.6739782457456,
      "argp_deg": 338.1140079032091,
      "M_deg": 277.380017228777
    },
    "Urano": {
      "id": 799,
      "radius": 25362,
      "orbit_km": 2884446958.306047,
      "period_days": 30923.92879434615,
      "eccentricity": 0.0469314759218761,
      "perihelion_arg_deg": 91.45700675280679,
      "a_AU": 19.28133699235899,
      "i_deg": 0.772288300210963,
      "raan_deg": 74.02569138876927,
      "argp_deg": 91.45700675280679,
      "M_deg": 259.7177813355063
    },
    "Netuno": {
      "id": 899,
      "radius": 24622,
      "orbit_km": 4505308134.490759,
      "period_days": 60365.09303551476,
      "eccentricity": 0.01110777627822612,
      "perihelion_arg_deg": 276.0698575663819,
      "a_AU": 30.1161247376682,
      "i_deg": 1.76663449249993,
      "raan_deg": 131.6511591567723,
      "argp_deg": 276.0698575663819,
      "M_deg": 314.4355573083119
    }
  },
  "moons": {
    "Lua": {
      "id": 301,
      "planet": "Terra",
      "radius": 1737,
      "eccentricity": 0.06531808107694873,
      "orbit_km": 380275.9237503308,
      "period_days": 26.84669692540838
    },
    "Io": {
      "id": 501,
      "planet": "Júpiter",
      "radius": 1821,
      "eccentricity": 0.004502349098553986,
      "orbit_km": 422034.7923103569,
      "period_days": 1.771385437392793
    },
    "Europa": {
      "id": 502,
      "planet": "Júpiter",
      "radius": 1560,
      "eccentricity": 0.00920367102653408,
      "orbit_km": 671319.5702315157,
      "period_days": 3.553770471762874
    },
    "Ganymede": {
      "id": 503,
      "planet": "Júpiter",
      "radius": 2634,
      "eccentricity": 0.001483263722690424,
      "orbit_km": 1070765.200559931,
      "period_days": 7.158554359011508
    },
    "Callisto": {
      "id": 504,
      "planet": "Júpiter",
      "radius": 2410,
      "eccentricity": 0.006781338848102565,
      "orbit_km": 1883554.2728737236,
      "period_days": 16.70151256769857
    },
    "Titan": {
      "id": 606,
      "planet": "Saturno",
      "radius": 2575,
      "eccentricity": 0.0286997374746586,
      "orbit_km": 1221949.7388296826,
      "period_days": 15.94763993829404
    }
  }
}