{
  "generated_at": "2026-04-13T05:46:42.915251+00:00",
  "source": "JPL Horizons",
  "planets": {
    "Mercúrio": {
      "id": 199,
      "radius": 2440,
      "orbit_km": 57909172.391892955,
      "period_days": 87.96933524209892,
      "eccentricity": 0.2056340388193321,
      "perihelion_arg_deg": 29.20123342026374,
      "a_AU": 0.3870989080320711,
      "i_deg": 7.003387177721697,
      "raan_deg": 48.29801034601298,
      "argp_deg": 29.20123342026374,
      "M_deg": 215.0666121758013
    },
    "Vênus": {
      "id": 299,
      "radius": 6052,
      "orbit_km": 108208559.12490451,
      "period_days": 224.6995478218088,
      "eccentricity": 0.00679053848364471,
      "perihelion_arg_deg": 54.92518269848556,
      "a_AU": 0.7233295408455604,
      "i_deg": 3.394384744494851,
      "raan_deg": 76.60688257443458,
      "argp_deg": 54.92518269848556,
      "M_deg": 308.4971273178335
    },
    "Terra": {
      "id": 399,
      "radius": 6371,
      "orbit_km": 149674290.3567344,
      "period_days": 365.5362635084812,
      "eccentricity": 0.01689659834350646,
      "perihelion_arg_deg": 322.4774865317661,
      "a_AU": 1.000510833853295,
      "i_deg": 0.001907198121409197,
      "raan_deg": 142.3074404327314,
      "argp_deg": 322.4774865317661,
      "M_deg": 96.01049616700229
    },
    "Marte": {
      "id": 499,
      "radius": 3390,
      "orbit_km": 227934451.57225117,
      "period_days": 686.9501098187446,
      "eccentricity": 0.09345368869215762,
      "perihelion_arg_deg": 286.6188227216953,
      "a_AU": 1.523647699701191,
      "i_deg": 1.847484656283794,
      "raan_deg": 49.48140902131131,
      "argp_deg": 286.6188227216953,
      "M_deg": 9.278393006363109
    },
    "Júpiter": {
      "id": 599,
      "radius": 69911,
      "orbit_km": 778150112.4992009,
      "period_days": 4331.099858775453,
      "eccentricity": 0.04834714123106942,
      "perihelion_arg_deg": 273.3487520047455,
      "a_AU": 5.201612221203901,
      "i_deg": 1.303915465432448,
      "raan_deg": 100.5224035558468,
      "argp_deg": 273.3487520047455,
      "M_deg": 98.04324544354371
    },
    "Saturno": {
      "id": 699,
      "radius": 58232,
      "orbit_km": 1427702118.8064344,
      "period_days": 10767.24660174729,
      "eccentricity": 0.05519880153837498,
      "perihelion_arg_deg": 338.3226569216842,
      "a_AU": 9.543599197808867,
      "i_deg": 2.488595255481461,
      "raan_deg": 113.679440886476,
      "argp_deg": 338.3226569216842,
      "M_deg": 279.3039474610276
    },
    "Urano": {
      "id": 799,
      "radius": 25362,
      "orbit_km": 2883650057.8722677,
      "period_days": 30911.11441928546,
      "eccentricity": 0.0471311598841613,
      "perihelion_arg_deg": 91.74970539263063,
      "a_AU": 19.27601004198162,
      "i_deg": 0.7717445767524755,
      "raan_deg": 74.03461029173825,
      "argp_deg": 91.74970539263063,
      "M_deg": 260.1772354059123
    },
    "Netuno": {
      "id": 899,
      "radius": 24622,
      "orbit_km": 4502916585.175814,
      "period_days": 60317.03407957165,
      "eccentricity": 0.01078370047932601,
      "perihelion_arg_deg": 278.2955956203022,
      "a_AU": 30.10013821791525,
      "i_deg": 1.765887666825982,
      "raan_deg": 131.6201712219959,
      "argp_deg": 278.2955956203022,
      "M_deg": 312.6281196420765
    }
  },
  "moons": {
    "Lua": {
      "id": 301,
      "planet": "Terra",
      "radius": 1737,
      "eccentricity": 0.06664669521140952,
      "orbit_km": 381894.99959513877,
      "period_days": 27.01833442393894
    },
    "Io": {
      "id": 501,
      "planet": "Júpiter",
      "radius": 1821,
      "eccentricity": 0.004457187772631772,
      "orbit_km": 422033.8993670687,
      "period_days": 1.771379815536742
    },
    "Europa": {
      "id": 502,
      "planet": "Júpiter",
      "radius": 1560,
      "eccentricity": 0.0092344977707782,
      "orbit_km": 671331.977085951,
      "period_days": 3.553868989634115
    },
    "Ganymede": {
      "id": 503,
      "planet": "Júpiter",
      "radius": 2634,
      "eccentricity": 0.001190558987194824,
      "orbit_km": 1070439.301246584,
      "period_days": 7.155286429090354
    },
    "Callisto": {
      "id": 504,
      "planet": "Júpiter",
      "radius": 2410,
      "eccentricity": 0.007007716346481309,
      "orbit_km": 1883745.0017047166,
      "period_days": 16.70404942632722
    },
    "Titan": {
      "id": 606,
      "planet": "Saturno",
      "radius": 2575,
      "eccentricity": 0.0286948298066353,
      "orbit_km": 1221952.2776761956,
      "period_days": 15.94768963996726
    }
  }
}