{
  "generated_at": "2026-06-23T06:55:00.848880+00:00",
  "source": "JPL Horizons",
  "planets": {
    "Mercúrio": {
      "id": 199,
      "radius": 2440,
      "orbit_km": 57909025.01490159,
      "period_days": 87.96899942359619,
      "eccentricity": 0.2056381112800842,
      "perihelion_arg_deg": 29.20121094575421,
      "a_AU": 0.3870979228777325,
      "i_deg": 7.003393500540558,
      "raan_deg": 48.29770945789613,
      "argp_deg": 29.20121094575421,
      "M_deg": 145.6227099856282
    },
    "Vênus": {
      "id": 299,
      "radius": 6052,
      "orbit_km": 108207937.01596369,
      "period_days": 224.697610072181,
      "eccentricity": 0.006783302102848947,
      "perihelion_arg_deg": 54.83468769913085,
      "a_AU": 0.723325382304146,
      "i_deg": 3.394372055878159,
      "raan_deg": 76.6065503244792,
      "argp_deg": 54.83468769913085,
      "M_deg": 62.33926823908661
    },
    "Terra": {
      "id": 399,
      "radius": 6371,
      "orbit_km": 149576761.62584376,
      "period_days": 365.1790430432686,
      "eccentricity": 0.01671582582901626,
      "perihelion_arg_deg": 261.4854256164113,
      "a_AU": 0.9998588945547322,
      "i_deg": 0.003739762635323622,
      "raan_deg": 200.1683316875152,
      "argp_deg": 261.4854256164113,
      "M_deg": 169.2016419025277
    },
    "Marte": {
      "id": 499,
      "radius": 3390,
      "orbit_km": 227926656.5960974,
      "period_days": 686.9148713067068,
      "eccentricity": 0.09342754488354169,
      "perihelion_arg_deg": 286.6083444799953,
      "a_AU": 1.523595593503975,
      "i_deg": 1.847487629433446,
      "raan_deg": 49.48118203222247,
      "argp_deg": 286.6083444799953,
      "M_deg": 46.49781457339291
    },
    "Júpiter": {
      "id": 599,
      "radius": 69911,
      "orbit_km": 778310153.99741,
      "period_days": 4332.436088131707,
      "eccentricity": 0.04828389280208883,
      "perihelion_arg_deg": 273.5948929623279,
      "a_AU": 5.202682032541858,
      "i_deg": 1.303570227925491,
      "raan_deg": 100.5175920707079,
      "argp_deg": 273.5948929623279,
      "M_deg": 103.7040593221708
    },
    "Saturno": {
      "id": 699,
      "radius": 58232,
      "orbit_km": 1427218451.759251,
      "period_days": 10761.77558519464,
      "eccentricity": 0.05537622895975172,
      "perihelion_arg_deg": 338.7854820247322,
      "a_AU": 9.540366083293799,
      "i_deg": 2.487551092887951,
      "raan_deg": 113.6034646407158,
      "argp_deg": 338.7854820247322,
      "M_deg": 281.3163371191478
    },
    "Urano": {
      "id": 799,
      "radius": 25362,
      "orbit_km": 2882906917.0430427,
      "period_days": 30899.16610861895,
      "eccentricity": 0.04731532944871524,
      "perihelion_arg_deg": 92.04521942048268,
      "a_AU": 19.27104245236455,
      "i_deg": 0.7724836289752968,
      "raan_deg": 74.02113093323864,
      "argp_deg": 92.04521942048268,
      "M_deg": 260.7370231536131
    },
    "Netuno": {
      "id": 899,
      "radius": 24622,
      "orbit_km": 4501434393.7945175,
      "period_days": 60287.25536979535,
      "eccentricity": 0.01043624158592872,
      "perihelion_arg_deg": 278.9520172695198,
      "a_AU": 30.0902303804951,
      "i_deg": 1.766482433798977,
      "raan_deg": 131.6406637967328,
      "argp_deg": 278.9520172695198,
      "M_deg": 312.3551185296549
    }
  },
  "moons": {
    "Lua": {
      "id": 301,
      "planet": "Terra",
      "radius": 1737,
      "eccentricity": 0.06601993822548233,
      "orbit_km": 380370.82401338284,
      "period_days": 26.85674719701464
    },
    "Io": {
      "id": 501,
      "planet": "Júpiter",
      "radius": 1821,
      "eccentricity": 0.003542821057703721,
      "orbit_km": 422021.2649554421,
      "period_days": 1.771300271544176
    },
    "Europa": {
      "id": 502,
      "planet": "Júpiter",
      "radius": 1560,
      "eccentricity": 0.009426846647152546,
      "orbit_km": 671296.497431803,
      "period_days": 3.553587262304771
    },
    "Ganymede": {
      "id": 503,
      "planet": "Júpiter",
      "radius": 2634,
      "eccentricity": 0.002000187373787885,
      "orbit_km": 1070389.6684257998,
      "period_days": 7.154788783499554
    },
    "Callisto": {
      "id": 504,
      "planet": "Júpiter",
      "radius": 2410,
      "eccentricity": 0.007056809362662028,
      "orbit_km": 1882990.5221701737,
      "period_days": 16.69401494601343
    },
    "Titan": {
      "id": 606,
      "planet": "Saturno",
      "radius": 2575,
      "eccentricity": 0.02878350700276226,
      "orbit_km": 1221967.7963918126,
      "period_days": 15.94799344288644
    }
  }
}