{
  "generated_at": "2026-07-20T06:21:36.812972+00:00",
  "source": "JPL Horizons",
  "planets": {
    "Mercúrio": {
      "id": 199,
      "radius": 2440,
      "orbit_km": 57909040.98831128,
      "period_days": 87.96903582116023,
      "eccentricity": 0.2056367860533356,
      "perihelion_arg_deg": 29.20171216175939,
      "a_AU": 0.3870980296533812,
      "i_deg": 7.003371275376169,
      "raan_deg": 48.2975039727247,
      "argp_deg": 29.20171216175939,
      "M_deg": 256.1156651914571
    },
    "Vênus": {
      "id": 299,
      "radius": 6052,
      "orbit_km": 108207996.77669582,
      "period_days": 224.697796215119,
      "eccentricity": 0.00678042071106363,
      "perihelion_arg_deg": 54.84226422789676,
      "a_AU": 0.7233257817799664,
      "i_deg": 3.394370476645157,
      "raan_deg": 76.60655920888071,
      "argp_deg": 54.84226422789676,
      "M_deg": 105.5901336815902
    },
    "Terra": {
      "id": 399,
      "radius": 6371,
      "orbit_km": 149645902.20444945,
      "period_days": 365.4322736344975,
      "eccentricity": 0.01644162802654341,
      "perihelion_arg_deg": 256.6165622094546,
      "a_AU": 1.000321070776106,
      "i_deg": 0.003016997381378195,
      "raan_deg": 204.9255665161785,
      "argp_deg": 256.6165622094546,
      "M_deg": 195.9224135921499
    },
    "Marte": {
      "id": 499,
      "radius": 3390,
      "orbit_km": 227926717.8901225,
      "period_days": 686.9151483943948,
      "eccentricity": 0.09342597779733883,
      "perihelion_arg_deg": 286.6091819753317,
      "a_AU": 1.523596003229226,
      "i_deg": 1.847482800113329,
      "raan_deg": 49.48120946532929,
      "argp_deg": 286.6091819753317,
      "M_deg": 60.64739598040618
    },
    "Júpiter": {
      "id": 599,
      "radius": 69911,
      "orbit_km": 778394572.5055658,
      "period_days": 4333.140976227757,
      "eccentricity": 0.04810056286414065,
      "perihelion_arg_deg": 273.6758372601337,
      "a_AU": 5.203246335414357,
      "i_deg": 1.303306317139467,
      "raan_deg": 100.5122085593281,
      "argp_deg": 273.6758372601337,
      "M_deg": 105.8896871847204
    },
    "Saturno": {
      "id": 699,
      "radius": 58232,
      "orbit_km": 1427459837.6769602,
      "period_days": 10764.50591450271,
      "eccentricity": 0.05521745498347998,
      "perihelion_arg_deg": 338.4727264559982,
      "a_AU": 9.541979648490814,
      "i_deg": 2.488787322418561,
      "raan_deg": 113.7059096756575,
      "argp_deg": 338.4727264559982,
      "M_deg": 282.4086320682678
    },
    "Urano": {
      "id": 799,
      "radius": 25362,
      "orbit_km": 2882468392.385495,
      "period_days": 30892.11617707484,
      "eccentricity": 0.04737030802317665,
      "perihelion_arg_deg": 92.24726495541094,
      "a_AU": 19.26811109608591,
      "i_deg": 0.7740252247932189,
      "raan_deg": 73.99624331837884,
      "argp_deg": 92.24726495541094,
      "M_deg": 260.877006300253
    },
    "Netuno": {
      "id": 899,
      "radius": 24622,
      "orbit_km": 4498598595.494606,
      "period_days": 60230.29500424972,
      "eccentricity": 0.01005300243963837,
      "perihelion_arg_deg": 281.4645012426462,
      "a_AU": 30.07127423969816,
      "i_deg": 1.77328185197011,
      "raan_deg": 131.9061845192503,
      "argp_deg": 281.4645012426462,
      "M_deg": 309.7420917688654
    }
  },
  "moons": {
    "Lua": {
      "id": 301,
      "planet": "Terra",
      "radius": 1737,
      "eccentricity": 0.06883632577248612,
      "orbit_km": 380645.33679912257,
      "period_days": 26.88582612491776
    },
    "Io": {
      "id": 501,
      "planet": "Júpiter",
      "radius": 1821,
      "eccentricity": 0.004204952972867036,
      "orbit_km": 422029.32084644417,
      "period_days": 1.771350989853421
    },
    "Europa": {
      "id": 502,
      "planet": "Júpiter",
      "radius": 1560,
      "eccentricity": 0.009199104678901306,
      "orbit_km": 671310.849320701,
      "period_days": 3.553701223041263
    },
    "Ganymede": {
      "id": 503,
      "planet": "Júpiter",
      "radius": 2634,
      "eccentricity": 0.002270416110304652,
      "orbit_km": 1070847.8721698972,
      "period_days": 7.159383421213748
    },
    "Callisto": {
      "id": 504,
      "planet": "Júpiter",
      "radius": 2410,
      "eccentricity": 0.007413500430140171,
      "orbit_km": 1882978.4012316554,
      "period_days": 16.6938537555023
    },
    "Titan": {
      "id": 606,
      "planet": "Saturno",
      "radius": 2575,
      "eccentricity": 0.02868074573337298,
      "orbit_km": 1221933.1570075415,
      "period_days": 15.94731532588547
    }
  }
}