{
  "generated_at": "2026-03-08T04:47:53.140340+00:00",
  "source": "JPL Horizons",
  "planets": {
    "Mercúrio": {
      "id": 199,
      "radius": 2440,
      "orbit_km": 57909175.83286225,
      "period_days": 87.96934308282016,
      "eccentricity": 0.2056337728443955,
      "perihelion_arg_deg": 29.20107787592097,
      "a_AU": 0.3870989310335301,
      "i_deg": 7.003388419316122,
      "raan_deg": 48.29809353296854,
      "argp_deg": 29.20107787592097,
      "M_deg": 67.74275264707998
    },
    "Vênus": {
      "id": 299,
      "radius": 6052,
      "orbit_km": 108208268.15379894,
      "period_days": 224.6986415021181,
      "eccentricity": 0.006788938737809285,
      "perihelion_arg_deg": 54.94771171873694,
      "a_AU": 0.7233275958238552,
      "i_deg": 3.394386018522752,
      "raan_deg": 76.60689296866936,
      "argp_deg": 54.94771171873694,
      "M_deg": 250.797348259388
    },
    "Terra": {
      "id": 399,
      "radius": 6371,
      "orbit_km": 149515958.37579635,
      "period_days": 364.9563966665308,
      "eccentricity": 0.01670189279192381,
      "perihelion_arg_deg": 289.9255025077572,
      "a_AU": 0.9994524499324732,
      "i_deg": 0.004493634708953607,
      "raan_deg": 170.9911203767952,
      "argp_deg": 289.9255025077572,
      "M_deg": 64.39856898320487
    },
    "Marte": {
      "id": 499,
      "radius": 3390,
      "orbit_km": 227938543.55714265,
      "period_days": 686.9686085717889,
      "eccentricity": 0.09346996545910079,
      "perihelion_arg_deg": 286.6216254245076,
      "a_AU": 1.523675052930701,
      "i_deg": 1.847479212706267,
      "raan_deg": 49.481986517805,
      "argp_deg": 286.6216254245076,
      "M_deg": 350.4098630253193
    },
    "Júpiter": {
      "id": 599,
      "radius": 69911,
      "orbit_km": 778057580.7501562,
      "period_days": 4330.327349092719,
      "eccentricity": 0.04821152649848439,
      "perihelion_arg_deg": 273.1896632512126,
      "a_AU": 5.200993684665836,
      "i_deg": 1.303882696207709,
      "raan_deg": 100.5213232266103,
      "argp_deg": 273.1896632512126,
      "M_deg": 95.22861971175332
    },
    "Saturno": {
      "id": 699,
      "radius": 58232,
      "orbit_km": 1427410996.4174871,
      "period_days": 10763.95344971665,
      "eccentricity": 0.05525139619947807,
      "perihelion_arg_deg": 338.6523931164421,
      "a_AU": 9.541653164836706,
      "i_deg": 2.486958549600735,
      "raan_deg": 113.5717635825599,
      "argp_deg": 338.6523931164421,
      "M_deg": 277.88590066354
    },
    "Urano": {
      "id": 799,
      "radius": 25362,
      "orbit_km": 2884282690.705123,
      "period_days": 30921.28718192755,
      "eccentricity": 0.04701417512810117,
      "perihelion_arg_deg": 91.50989620905914,
      "a_AU": 19.28023893126925,
      "i_deg": 0.7722596338264497,
      "raan_deg": 74.0259835652121,
      "argp_deg": 91.50989620905914,
      "M_deg": 259.9986986561173
    },
    "Netuno": {
      "id": 899,
      "radius": 24622,
      "orbit_km": 4503045239.317645,
      "period_days": 60319.61910136991,
      "eccentricity": 0.01087594614426693,
      "perihelion_arg_deg": 278.4720625129233,
      "a_AU": 30.10099821773496,
      "i_deg": 1.767500566591778,
      "raan_deg": 131.6833695875769,
      "argp_deg": 278.4720625129233,
      "M_deg": 312.1849061953502
    }
  },
  "moons": {
    "Lua": {
      "id": 301,
      "planet": "Terra",
      "radius": 1737,
      "eccentricity": 0.05818847183768745,
      "orbit_km": 382494.75810811383,
      "period_days": 27.08200704324013
    },
    "Io": {
      "id": 501,
      "planet": "Júpiter",
      "radius": 1821,
      "eccentricity": 0.004080344621067991,
      "orbit_km": 422030.13664822676,
      "period_days": 1.771356126008382
    },
    "Europa": {
      "id": 502,
      "planet": "Júpiter",
      "radius": 1560,
      "eccentricity": 0.009342684229775328,
      "orbit_km": 671314.0545173438,
      "period_days": 3.55372667397395
    },
    "Ganymede": {
      "id": 503,
      "planet": "Júpiter",
      "radius": 2634,
      "eccentricity": 0.001394671860449832,
      "orbit_km": 1070924.0206807524,
      "period_days": 7.160147095623756
    },
    "Callisto": {
      "id": 504,
      "planet": "Júpiter",
      "radius": 2410,
      "eccentricity": 0.007475601944629104,
      "orbit_km": 1884089.4416444458,
      "period_days": 16.70863110121238
    },
    "Titan": {
      "id": 606,
      "planet": "Saturno",
      "radius": 2575,
      "eccentricity": 0.0287992055012587,
      "orbit_km": 1221956.0894587922,
      "period_days": 15.94776426134284
    }
  }
}