{
  "generated_at": "2026-06-29T08:19:39.310760+00:00",
  "source": "JPL Horizons",
  "planets": {
    "Mercúrio": {
      "id": 199,
      "radius": 2440,
      "orbit_km": 57909028.69868632,
      "period_days": 87.96900781759506,
      "eccentricity": 0.2056380123456581,
      "perihelion_arg_deg": 29.20121269206514,
      "a_AU": 0.3870979475023124,
      "i_deg": 7.003389144171928,
      "raan_deg": 48.29769970414458,
      "argp_deg": 29.20121269206514,
      "M_deg": 170.176828248604
    },
    "Vênus": {
      "id": 299,
      "radius": 6052,
      "orbit_km": 108207875.40474638,
      "period_days": 224.6974181653991,
      "eccentricity": 0.006782534614141492,
      "perihelion_arg_deg": 54.83222049322915,
      "a_AU": 0.7233249704585962,
      "i_deg": 3.394372328870095,
      "raan_deg": 76.60654292727467,
      "argp_deg": 54.83222049322915,
      "M_deg": 71.95473456566108
    },
    "Terra": {
      "id": 399,
      "radius": 6371,
      "orbit_km": 149475725.9149725,
      "period_days": 364.809100287963,
      "eccentricity": 0.01744267046728895,
      "perihelion_arg_deg": 300.3559542098823,
      "a_AU": 0.9991835125429531,
      "i_deg": 0.003878022416835567,
      "raan_deg": 162.1306148695401,
      "argp_deg": 300.3559542098823,
      "M_deg": 174.2460790540444
    },
    "Marte": {
      "id": 499,
      "radius": 3390,
      "orbit_km": 227926473.60891783,
      "period_days": 686.9140440893588,
      "eccentricity": 0.09342691412017146,
      "perihelion_arg_deg": 286.608062017845,
      "a_AU": 1.523594370310231,
      "i_deg": 1.847486687909742,
      "raan_deg": 49.48119075793181,
      "argp_deg": 286.608062017845,
      "M_deg": 49.64261109367892
    },
    "Júpiter": {
      "id": 599,
      "radius": 69911,
      "orbit_km": 778357703.9005749,
      "period_days": 4332.833121490073,
      "eccentricity": 0.0480749017690987,
      "perihelion_arg_deg": 273.6123230577805,
      "a_AU": 5.202999884012219,
      "i_deg": 1.303343999224492,
      "raan_deg": 100.5133748810206,
      "argp_deg": 273.6123230577805,
      "M_deg": 104.2121392942047
    },
    "Saturno": {
      "id": 699,
      "radius": 58232,
      "orbit_km": 1426969986.6839278,
      "period_days": 10758.96542428495,
      "eccentricity": 0.05509875991067007,
      "perihelion_arg_deg": 338.9091222583765,
      "a_AU": 9.538705196850959,
      "i_deg": 2.487556141423881,
      "raan_deg": 113.6042866746014,
      "argp_deg": 338.9091222583765,
      "M_deg": 281.3629766817293
    },
    "Urano": {
      "id": 799,
      "radius": 25362,
      "orbit_km": 2882784093.1989274,
      "period_days": 30897.19147985987,
      "eccentricity": 0.04732593447408664,
      "perihelion_arg_deg": 92.12007539408678,
      "a_AU": 19.27022142567787,
      "i_deg": 0.7739654089356796,
      "raan_deg": 73.9968509607274,
      "argp_deg": 92.12007539408678,
      "M_deg": 260.7564969689336
    },
    "Netuno": {
      "id": 899,
      "radius": 24622,
      "orbit_km": 4501362762.529112,
      "period_days": 60285.81635008557,
      "eccentricity": 0.01040442773644048,
      "perihelion_arg_deg": 278.897643119702,
      "a_AU": 30.08975155506082,
      "i_deg": 1.766801521633657,
      "raan_deg": 131.6529810682366,
      "argp_deg": 278.897643119702,
      "M_deg": 312.4297220470628
    }
  },
  "moons": {
    "Lua": {
      "id": 301,
      "planet": "Terra",
      "radius": 1737,
      "eccentricity": 0.04976755758262148,
      "orbit_km": 386967.7249352731,
      "period_days": 27.55844644093913
    },
    "Io": {
      "id": 501,
      "planet": "Júpiter",
      "radius": 1821,
      "eccentricity": 0.004502071673196322,
      "orbit_km": 422033.6641445055,
      "period_days": 1.771378334606739
    },
    "Europa": {
      "id": 502,
      "planet": "Júpiter",
      "radius": 1560,
      "eccentricity": 0.009173684196021822,
      "orbit_km": 671310.2759140448,
      "period_days": 3.553696669899818
    },
    "Ganymede": {
      "id": 503,
      "planet": "Júpiter",
      "radius": 2634,
      "eccentricity": 0.002473215022705216,
      "orbit_km": 1070880.556669792,
      "period_days": 7.159711202579754
    },
    "Callisto": {
      "id": 504,
      "planet": "Júpiter",
      "radius": 2410,
      "eccentricity": 0.007672231225726149,
      "orbit_km": 1883898.5351254214,
      "period_days": 16.70609164709129
    },
    "Titan": {
      "id": 606,
      "planet": "Saturno",
      "radius": 2575,
      "eccentricity": 0.0287656276461606,
      "orbit_km": 1221975.2439146002,
      "period_days": 15.94813924037706
    }
  }
}