{
  "generated_at": "2026-05-03T06:08:38.589266+00:00",
  "source": "JPL Horizons",
  "planets": {
    "Mercúrio": {
      "id": 199,
      "radius": 2440,
      "orbit_km": 57909096.81278085,
      "period_days": 87.96916302476772,
      "eccentricity": 0.205633403601431,
      "perihelion_arg_deg": 29.20177646721485,
      "a_AU": 0.3870984028169116,
      "i_deg": 7.00338548627125,
      "raan_deg": 48.29790791448541,
      "argp_deg": 29.20177646721485,
      "M_deg": 296.9127911748056
    },
    "Vênus": {
      "id": 299,
      "radius": 6052,
      "orbit_km": 108208872.44322678,
      "period_days": 224.7005237501948,
      "eccentricity": 0.006791329735802301,
      "perihelion_arg_deg": 54.89188121118821,
      "a_AU": 0.7233316352491826,
      "i_deg": 3.394378567751203,
      "raan_deg": 76.60684345134183,
      "argp_deg": 54.89188121118821,
      "M_deg": 340.5728730717811
    },
    "Terra": {
      "id": 399,
      "radius": 6371,
      "orbit_km": 149472429.62976757,
      "period_days": 364.7970330288515,
      "eccentricity": 0.01713606177784392,
      "perihelion_arg_deg": 283.4553251145633,
      "a_AU": 0.9991614782373208,
      "i_deg": 0.003834987607124423,
      "raan_deg": 177.267210802489,
      "argp_deg": 283.4553251145633,
      "M_deg": 119.8119481112671
    },
    "Marte": {
      "id": 499,
      "radius": 3390,
      "orbit_km": 227931874.3679524,
      "period_days": 686.9384590628407,
      "eccentricity": 0.09344424459465875,
      "perihelion_arg_deg": 286.6162507422331,
      "a_AU": 1.523630472154524,
      "i_deg": 1.847489390469016,
      "raan_deg": 49.48118971472964,
      "argp_deg": 286.6162507422331,
      "M_deg": 19.76220056885965
    },
    "Júpiter": {
      "id": 599,
      "radius": 69911,
      "orbit_km": 778408537.3349448,
      "period_days": 4333.257585171245,
      "eccentricity": 0.04815793146859445,
      "perihelion_arg_deg": 273.7236990737717,
      "a_AU": 5.203339684532989,
      "i_deg": 1.303330576048024,
      "raan_deg": 100.5142226952047,
      "argp_deg": 273.7236990737717,
      "M_deg": 99.35238297693722
    },
    "Saturno": {
      "id": 699,
      "radius": 58232,
      "orbit_km": 1427792621.774204,
      "period_days": 10768.27043214111,
      "eccentricity": 0.05537702413990146,
      "perihelion_arg_deg": 338.2770325711699,
      "a_AU": 9.544204172781747,
      "i_deg": 2.488727870305693,
      "raan_deg": 113.690186938413,
      "argp_deg": 338.2770325711699,
      "M_deg": 280.0273332225233
    },
    "Urano": {
      "id": 799,
      "radius": 25362,
      "orbit_km": 2883343753.795098,
      "period_days": 30906.18943770742,
      "eccentricity": 0.04718432733821931,
      "perihelion_arg_deg": 91.92106537626076,
      "a_AU": 19.27396252569187,
      "i_deg": 0.7746548197099011,
      "raan_deg": 73.9841217205048,
      "argp_deg": 91.92106537626076,
      "M_deg": 260.2926962091901
    },
    "Netuno": {
      "id": 899,
      "radius": 24622,
      "orbit_km": 4501690789.467782,
      "period_days": 60292.40626510458,
      "eccentricity": 0.01042945679706336,
      "perihelion_arg_deg": 278.1922749832133,
      "a_AU": 30.09194427971081,
      "i_deg": 1.774430001149304,
      "raan_deg": 131.9485410012421,
      "argp_deg": 278.1922749832133,
      "M_deg": 312.4957843150003
    }
  },
  "moons": {
    "Lua": {
      "id": 301,
      "planet": "Terra",
      "radius": 1737,
      "eccentricity": 0.04841255722198922,
      "orbit_km": 386853.59536835126,
      "period_days": 27.54625549540947
    },
    "Io": {
      "id": 501,
      "planet": "Júpiter",
      "radius": 1821,
      "eccentricity": 0.003491367680915203,
      "orbit_km": 422019.6599075872,
      "period_days": 1.771290166535611
    },
    "Europa": {
      "id": 502,
      "planet": "Júpiter",
      "radius": 1560,
      "eccentricity": 0.009591557652236567,
      "orbit_km": 671262.0993208245,
      "period_days": 3.553314130111509
    },
    "Ganymede": {
      "id": 503,
      "planet": "Júpiter",
      "radius": 2634,
      "eccentricity": 0.001987866309764782,
      "orbit_km": 1070852.6296602886,
      "period_days": 7.159431132102312
    },
    "Callisto": {
      "id": 504,
      "planet": "Júpiter",
      "radius": 2410,
      "eccentricity": 0.007422900024317846,
      "orbit_km": 1882199.360334263,
      "period_days": 16.68349475492426
    },
    "Titan": {
      "id": 606,
      "planet": "Saturno",
      "radius": 2575,
      "eccentricity": 0.02869170293877592,
      "orbit_km": 1221952.173930414,
      "period_days": 15.94768760898922
    }
  }
}