{
  "generated_at": "2026-06-16T08:50:03.355964+00:00",
  "source": "JPL Horizons",
  "planets": {
    "Mercúrio": {
      "id": 199,
      "radius": 2440,
      "orbit_km": 57909062.54072858,
      "period_days": 87.96908493125203,
      "eccentricity": 0.2056376210278966,
      "perihelion_arg_deg": 29.20136334693018,
      "a_AU": 0.3870981737223923,
      "i_deg": 7.003394159300218,
      "raan_deg": 48.29771035975768,
      "argp_deg": 29.20136334693018,
      "M_deg": 116.9761016362084
    },
    "Vênus": {
      "id": 299,
      "radius": 6052,
      "orbit_km": 108208062.35664229,
      "period_days": 224.6980004838253,
      "eccentricity": 0.006784419806003232,
      "perihelion_arg_deg": 54.84013999107229,
      "a_AU": 0.7233262201548321,
      "i_deg": 3.394371611529106,
      "raan_deg": 76.60656915133701,
      "argp_deg": 54.84013999107229,
      "M_deg": 51.11866734519717
    },
    "Terra": {
      "id": 399,
      "radius": 6371,
      "orbit_km": 149736431.91372365,
      "period_days": 365.7639313667455,
      "eccentricity": 0.01576620170035408,
      "perihelion_arg_deg": 268.2049033402382,
      "a_AU": 1.000926224504903,
      "i_deg": 0.003572678947264032,
      "raan_deg": 195.554757385298,
      "argp_deg": 268.2049033402382,
      "M_deg": 160.1619323622106
    },
    "Marte": {
      "id": 499,
      "radius": 3390,
      "orbit_km": 227927002.25172126,
      "period_days": 686.9164338888239,
      "eccentricity": 0.09342856557462705,
      "perihelion_arg_deg": 286.6089587965145,
      "a_AU": 1.523597904069107,
      "i_deg": 1.847488659513346,
      "raan_deg": 49.48117014674313,
      "argp_deg": 286.6089587965145,
      "M_deg": 42.82862372547578
    },
    "Júpiter": {
      "id": 599,
      "radius": 69911,
      "orbit_km": 778276653.9366931,
      "period_days": 4332.156375777638,
      "eccentricity": 0.0482278833609043,
      "perihelion_arg_deg": 273.5257396067254,
      "a_AU": 5.202458098467394,
      "i_deg": 1.303580948285885,
      "raan_deg": 100.5178337448565,
      "argp_deg": 273.5257396067254,
      "M_deg": 103.1994654474398
    },
    "Saturno": {
      "id": 699,
      "radius": 58232,
      "orbit_km": 1427420570.8337357,
      "period_days": 10764.06174936954,
      "eccentricity": 0.05514354654564416,
      "perihelion_arg_deg": 338.5046644129238,
      "a_AU": 9.541717165856264,
      "i_deg": 2.488624762493887,
      "raan_deg": 113.6882616519176,
      "argp_deg": 338.5046644129238,
      "M_deg": 281.2491907694232
    },
    "Urano": {
      "id": 799,
      "radius": 25362,
      "orbit_km": 2882814601.895649,
      "period_days": 30897.6819617211,
      "eccentricity": 0.04730070772191906,
      "perihelion_arg_deg": 92.11904363361809,
      "a_AU": 19.27042536371909,
      "i_deg": 0.77437757249368,
      "raan_deg": 73.98980900851889,
      "argp_deg": 92.11904363361809,
      "M_deg": 260.6104252070879
    },
    "Netuno": {
      "id": 899,
      "radius": 24622,
      "orbit_km": 4500374403.491216,
      "period_days": 60265.9621091243,
      "eccentricity": 0.01039135132951794,
      "perihelion_arg_deg": 280.4185388602561,
      "a_AU": 30.08314478296392,
      "i_deg": 1.767359273538128,
      "raan_deg": 131.6751977323524,
      "argp_deg": 280.4185388602561,
      "M_deg": 310.828831282033
    }
  },
  "moons": {
    "Lua": {
      "id": 301,
      "planet": "Terra",
      "radius": 1737,
      "eccentricity": 0.0744834082912272,
      "orbit_km": 385814.56718907296,
      "period_days": 27.43535265263701
    },
    "Io": {
      "id": 501,
      "planet": "Júpiter",
      "radius": 1821,
      "eccentricity": 0.003500039321380254,
      "orbit_km": 422021.1434043896,
      "period_days": 1.771299506286304
    },
    "Europa": {
      "id": 502,
      "planet": "Júpiter",
      "radius": 1560,
      "eccentricity": 0.009471139447047222,
      "orbit_km": 671286.4990236926,
      "period_days": 3.553507870969776
    },
    "Ganymede": {
      "id": 503,
      "planet": "Júpiter",
      "radius": 2634,
      "eccentricity": 0.001789698332185614,
      "orbit_km": 1070441.015744146,
      "period_days": 7.155303619779311
    },
    "Callisto": {
      "id": 504,
      "planet": "Júpiter",
      "radius": 2410,
      "eccentricity": 0.007301049304963622,
      "orbit_km": 1883097.312120783,
      "period_days": 16.69543511644442
    },
    "Titan": {
      "id": 606,
      "planet": "Saturno",
      "radius": 2575,
      "eccentricity": 0.02867189669776062,
      "orbit_km": 1221972.8400542913,
      "period_days": 15.94809218081478
    }
  }
}