{
  "generated_at": "2026-07-22T05:54:16.670170+00:00",
  "source": "JPL Horizons",
  "planets": {
    "Mercúrio": {
      "id": 199,
      "radius": 2440,
      "orbit_km": 57909030.43703326,
      "period_days": 87.96901177865247,
      "eccentricity": 0.2056367441208694,
      "perihelion_arg_deg": 29.20178643087519,
      "a_AU": 0.387097959122444,
      "i_deg": 7.00337117767979,
      "raan_deg": 48.29748465569507,
      "argp_deg": 29.20178643087519,
      "M_deg": 264.3002948181181
    },
    "Vênus": {
      "id": 299,
      "radius": 6052,
      "orbit_km": 108208030.49898563,
      "period_days": 224.6979012534483,
      "eccentricity": 0.006780208464579246,
      "perihelion_arg_deg": 54.8444692464444,
      "a_AU": 0.7233260071995506,
      "i_deg": 3.394369984872547,
      "raan_deg": 76.60656177957084,
      "argp_deg": 54.8444692464444,
      "M_deg": 108.7922432557097
    },
    "Terra": {
      "id": 399,
      "radius": 6371,
      "orbit_km": 149592583.52827457,
      "period_days": 365.2369863352092,
      "eccentricity": 0.01679376850634519,
      "perihelion_arg_deg": 270.9594760487558,
      "a_AU": 0.9999646574399711,
      "i_deg": 0.003151786926868395,
      "raan_deg": 190.8770641609298,
      "argp_deg": 270.9594760487558,
      "M_deg": 197.6008462705088
    },
    "Marte": {
      "id": 499,
      "radius": 3390,
      "orbit_km": 227926815.8224697,
      "period_days": 686.9155911105058,
      "eccentricity": 0.09342594662005732,
      "perihelion_arg_deg": 286.6094789031325,
      "a_AU": 1.523596657866533,
      "i_deg": 1.847482348763674,
      "raan_deg": 49.48121003567464,
      "argp_deg": 286.6094789031325,
      "M_deg": 61.69528667000218
    },
    "Júpiter": {
      "id": 599,
      "radius": 69911,
      "orbit_km": 778180714.1736134,
      "period_days": 4331.355349731475,
      "eccentricity": 0.04821725634730437,
      "perihelion_arg_deg": 273.3631741609299,
      "a_AU": 5.201816780762599,
      "i_deg": 1.303690728472698,
      "raan_deg": 100.520016794408,
      "argp_deg": 273.3631741609299,
      "M_deg": 106.3578274480798
    },
    "Saturno": {
      "id": 699,
      "radius": 58232,
      "orbit_km": 1427458055.6066782,
      "period_days": 10764.48575656244,
      "eccentricity": 0.05530549879415879,
      "perihelion_arg_deg": 338.5109825652806,
      "a_AU": 9.541967736086757,
      "i_deg": 2.48858673434414,
      "raan_deg": 113.6890584745008,
      "argp_deg": 338.5109825652806,
      "M_deg": 282.4643738789447
    },
    "Urano": {
      "id": 799,
      "radius": 25362,
      "orbit_km": 2882378613.5752587,
      "period_days": 30890.67291623244,
      "eccentricity": 0.04737815162239866,
      "perihelion_arg_deg": 92.27131907819133,
      "a_AU": 19.26751096180715,
      "i_deg": 0.7732203158627934,
      "raan_deg": 74.00910601723508,
      "argp_deg": 92.27131907819133,
      "M_deg": 260.8635230634889
    },
    "Netuno": {
      "id": 899,
      "radius": 24622,
      "orbit_km": 4500545881.284873,
      "period_days": 60269.40661414564,
      "eccentricity": 0.01031688069361815,
      "perihelion_arg_deg": 279.832720623414,
      "a_AU": 30.08429104121516,
      "i_deg": 1.76609744488142,
      "raan_deg": 131.6243786902952,
      "argp_deg": 279.832720623414,
      "M_deg": 311.6654854035764
    }
  },
  "moons": {
    "Lua": {
      "id": 301,
      "planet": "Terra",
      "radius": 1737,
      "eccentricity": 0.06745783310127715,
      "orbit_km": 380056.6976122708,
      "period_days": 26.82348490092208
    },
    "Io": {
      "id": 501,
      "planet": "Júpiter",
      "radius": 1821,
      "eccentricity": 0.004660231435734294,
      "orbit_km": 422036.3663745988,
      "period_days": 1.771395347513212
    },
    "Europa": {
      "id": 502,
      "planet": "Júpiter",
      "radius": 1560,
      "eccentricity": 0.009523880394421456,
      "orbit_km": 671157.8739111752,
      "period_days": 3.552486589173767
    },
    "Ganymede": {
      "id": 503,
      "planet": "Júpiter",
      "radius": 2634,
      "eccentricity": 0.001991595556327269,
      "orbit_km": 1070654.746517071,
      "period_days": 7.157446733999386
    },
    "Callisto": {
      "id": 504,
      "planet": "Júpiter",
      "radius": 2410,
      "eccentricity": 0.007243778023717961,
      "orbit_km": 1883424.926318552,
      "period_days": 16.6997922195833
    },
    "Titan": {
      "id": 606,
      "planet": "Saturno",
      "radius": 2575,
      "eccentricity": 0.02868307069792101,
      "orbit_km": 1221952.942474497,
      "period_days": 15.9477026543852
    }
  }
}