{
  "generated_at": "2026-02-20T04:52:07.612060+00:00",
  "source": "JPL Horizons",
  "planets": {
    "Mercúrio": {
      "id": 199,
      "radius": 2440,
      "orbit_km": 57909100.32875078,
      "period_days": 87.96917103638297,
      "eccentricity": 0.2056322914907359,
      "perihelion_arg_deg": 29.20102769535295,
      "a_AU": 0.3870984263197189,
      "i_deg": 7.003389091475889,
      "raan_deg": 48.2981773276609,
      "argp_deg": 29.20102769535295,
      "M_deg": 2.265418787996885
    },
    "Vênus": {
      "id": 299,
      "radius": 6052,
      "orbit_km": 108208601.47662415,
      "period_days": 224.6996797394676,
      "eccentricity": 0.00678713009114903,
      "perihelion_arg_deg": 54.9264621132468,
      "a_AU": 0.7233298239493201,
      "i_deg": 3.394385096628192,
      "raan_deg": 76.60693286229196,
      "argp_deg": 54.9264621132468,
      "M_deg": 225.1842649685372
    },
    "Terra": {
      "id": 399,
      "radius": 6371,
      "orbit_km": 149712366.32286775,
      "period_days": 365.6757567188981,
      "eccentricity": 0.01702226589877176,
      "perihelion_arg_deg": 262.4973183923871,
      "a_AU": 1.000765355966178,
      "i_deg": 0.001848753960841041,
      "raan_deg": 202.7979873341503,
      "argp_deg": 262.4973183923871,
      "M_deg": 44.30977867084761
    },
    "Marte": {
      "id": 499,
      "radius": 3390,
      "orbit_km": 227939977.93679625,
      "period_days": 686.9750930521859,
      "eccentricity": 0.09347621794892214,
      "perihelion_arg_deg": 286.6222834449831,
      "a_AU": 1.523684641166462,
      "i_deg": 1.847479214693638,
      "raan_deg": 49.48223665630609,
      "argp_deg": 286.6222834449831,
      "M_deg": 342.024665241432
    },
    "Júpiter": {
      "id": 599,
      "radius": 69911,
      "orbit_km": 778274318.4796767,
      "period_days": 4332.136875852972,
      "eccentricity": 0.04815816872454451,
      "perihelion_arg_deg": 273.525419244838,
      "a_AU": 5.202442486901498,
      "i_deg": 1.303445985320247,
      "raan_deg": 100.516729298203,
      "argp_deg": 273.525419244838,
      "M_deg": 93.56920672677607
    },
    "Saturno": {
      "id": 699,
      "radius": 58232,
      "orbit_km": 1427485302.4889243,
      "period_days": 10764.79396184485,
      "eccentricity": 0.05527171955424937,
      "perihelion_arg_deg": 338.6051208342516,
      "a_AU": 9.542149870244941,
      "i_deg": 2.486875776775749,
      "raan_deg": 113.5683410226342,
      "argp_deg": 338.6051208342516,
      "M_deg": 277.4033929806201
    },
    "Urano": {
      "id": 799,
      "radius": 25362,
      "orbit_km": 2884501309.3762255,
      "period_days": 30924.80283878129,
      "eccentricity": 0.04696206755957026,
      "perihelion_arg_deg": 91.43350614317887,
      "a_AU": 19.28170030682279,
      "i_deg": 0.7726500473696212,
      "raan_deg": 74.01895271875891,
      "argp_deg": 91.43350614317887,
      "M_deg": 259.891819090334
    },
    "Netuno": {
      "id": 899,
      "radius": 24622,
      "orbit_km": 4505008194.5989895,
      "period_days": 60359.0649467874,
      "eccentricity": 0.01103246869952382,
      "perihelion_arg_deg": 276.1334133604672,
      "a_AU": 30.11411976333023,
      "i_deg": 1.767506075854073,
      "raan_deg": 131.6840423650324,
      "argp_deg": 276.1334133604672,
      "M_deg": 314.4059755057296
    }
  },
  "moons": {
    "Lua": {
      "id": 301,
      "planet": "Terra",
      "radius": 1737,
      "eccentricity": 0.03680181767529962,
      "orbit_km": 385043.46321857505,
      "period_days": 27.35314372217647
    },
    "Io": {
      "id": 501,
      "planet": "Júpiter",
      "radius": 1821,
      "eccentricity": 0.00381748682917026,
      "orbit_km": 422022.4676499593,
      "period_days": 1.771307843442158
    },
    "Europa": {
      "id": 502,
      "planet": "Júpiter",
      "radius": 1560,
      "eccentricity": 0.009686311802072764,
      "orbit_km": 671230.23735122,
      "period_days": 3.553061141949106
    },
    "Ganymede": {
      "id": 503,
      "planet": "Júpiter",
      "radius": 2634,
      "eccentricity": 0.001661894443950455,
      "orbit_km": 1070694.3581941796,
      "period_days": 7.157843950411444
    },
    "Callisto": {
      "id": 504,
      "planet": "Júpiter",
      "radius": 2410,
      "eccentricity": 0.007380208635464986,
      "orbit_km": 1883221.182054696,
      "period_days": 16.69708247936088
    },
    "Titan": {
      "id": 606,
      "planet": "Saturno",
      "radius": 2575,
      "eccentricity": 0.02880435364950116,
      "orbit_km": 1221945.769235552,
      "period_days": 15.94756222772485
    }
  }
}