{
  "generated_at": "2026-06-05T07:13:03.411100+00:00",
  "source": "JPL Horizons",
  "planets": {
    "Mercúrio": {
      "id": 199,
      "radius": 2440,
      "orbit_km": 57909180.66116602,
      "period_days": 87.96935408477401,
      "eccentricity": 0.2056360383548703,
      "perihelion_arg_deg": 29.20187847274379,
      "a_AU": 0.3870989633087473,
      "i_deg": 7.003386236551875,
      "raan_deg": 48.29776225687269,
      "argp_deg": 29.20187847274379,
      "M_deg": 71.95989656098563
    },
    "Vênus": {
      "id": 299,
      "radius": 6052,
      "orbit_km": 108208347.0557785,
      "period_days": 224.6988872666676,
      "eccentricity": 0.006786692922424455,
      "perihelion_arg_deg": 54.85190950786674,
      "a_AU": 0.7233281232510117,
      "i_deg": 3.394371244539789,
      "raan_deg": 76.60661913018998,
      "argp_deg": 54.85190950786674,
      "M_deg": 33.4831700471449
    },
    "Terra": {
      "id": 399,
      "radius": 6371,
      "orbit_km": 149521726.9380728,
      "period_days": 364.9775177632148,
      "eccentricity": 0.0172331490264731,
      "perihelion_arg_deg": 318.0895895634568,
      "a_AU": 0.9994910103895805,
      "i_deg": 0.003671768830383357,
      "raan_deg": 144.9200663168469,
      "argp_deg": 318.0895895634568,
      "M_deg": 150.0251648590004
    },
    "Marte": {
      "id": 499,
      "radius": 3390,
      "orbit_km": 227927825.09895465,
      "period_days": 686.9201536837046,
      "eccentricity": 0.09343091643038864,
      "perihelion_arg_deg": 286.610462305215,
      "a_AU": 1.523603404463127,
      "i_deg": 1.847490150895972,
      "raan_deg": 49.48114768154549,
      "argp_deg": 286.610462305215,
      "M_deg": 37.06227268858242
    },
    "Júpiter": {
      "id": 599,
      "radius": 69911,
      "orbit_km": 778232008.6441182,
      "period_days": 4331.783614470668,
      "eccentricity": 0.04844066834777492,
      "perihelion_arg_deg": 273.5059684055269,
      "a_AU": 5.202159663119579,
      "i_deg": 1.303867109743641,
      "raan_deg": 100.5226498986232,
      "argp_deg": 273.5059684055269,
      "M_deg": 102.2769566892229
    },
    "Saturno": {
      "id": 699,
      "radius": 58232,
      "orbit_km": 1427551696.9050105,
      "period_days": 10765.54499989628,
      "eccentricity": 0.05537906659450478,
      "perihelion_arg_deg": 338.4789602143286,
      "a_AU": 9.5425936895037,
      "i_deg": 2.488355909335708,
      "raan_deg": 113.6659064455011,
      "argp_deg": 338.4789602143286,
      "M_deg": 280.9554120494291
    },
    "Urano": {
      "id": 799,
      "radius": 25362,
      "orbit_km": 2882946103.0688972,
      "period_days": 30899.79610795887,
      "eccentricity": 0.04727814421753702,
      "perihelion_arg_deg": 92.0460882795977,
      "a_AU": 19.27130439476835,
      "i_deg": 0.7731024938302515,
      "raan_deg": 74.01085865557715,
      "argp_deg": 92.0460882795977,
      "M_deg": 260.5327184398093
    },
    "Netuno": {
      "id": 899,
      "radius": 24622,
      "orbit_km": 4501551576.82982,
      "period_days": 60289.60951591859,
      "eccentricity": 0.01051789174907842,
      "perihelion_arg_deg": 279.1838016804635,
      "a_AU": 30.09101370070383,
      "i_deg": 1.766000508358166,
      "raan_deg": 131.6224573536571,
      "argp_deg": 279.1838016804635,
      "M_deg": 312.0439740992347
    }
  },
  "moons": {
    "Lua": {
      "id": 301,
      "planet": "Terra",
      "radius": 1737,
      "eccentricity": 0.05911486947885429,
      "orbit_km": 382823.37356725393,
      "period_days": 27.11691527611247
    },
    "Io": {
      "id": 501,
      "planet": "Júpiter",
      "radius": 1821,
      "eccentricity": 0.004228821066624159,
      "orbit_km": 422030.4311404326,
      "period_days": 1.771357980084497
    },
    "Europa": {
      "id": 502,
      "planet": "Júpiter",
      "radius": 1560,
      "eccentricity": 0.009263444634133708,
      "orbit_km": 671317.7952613382,
      "period_days": 3.553756377508702
    },
    "Ganymede": {
      "id": 503,
      "planet": "Júpiter",
      "radius": 2634,
      "eccentricity": 0.001185579271770457,
      "orbit_km": 1070858.9596917708,
      "period_days": 7.159494613514477
    },
    "Callisto": {
      "id": 504,
      "planet": "Júpiter",
      "radius": 2410,
      "eccentricity": 0.006605807076572867,
      "orbit_km": 1884100.4256708394,
      "period_days": 16.70877721554361
    },
    "Titan": {
      "id": 606,
      "planet": "Saturno",
      "radius": 2575,
      "eccentricity": 0.02871864607539602,
      "orbit_km": 1221932.3292325328,
      "period_days": 15.94729912108723
    }
  }
}