{
  "generated_at": "2026-04-30T06:08:24.829608+00:00",
  "source": "JPL Horizons",
  "planets": {
    "Mercúrio": {
      "id": 199,
      "radius": 2440,
      "orbit_km": 57909115.991596036,
      "period_days": 87.96920672630735,
      "eccentricity": 0.2056335118504804,
      "perihelion_arg_deg": 29.20168595660772,
      "a_AU": 0.3870985310193726,
      "i_deg": 7.003384859895645,
      "raan_deg": 48.2979183388146,
      "argp_deg": 29.20168595660772,
      "M_deg": 284.6358538082341
    },
    "Vênus": {
      "id": 299,
      "radius": 6052,
      "orbit_km": 108208849.50518693,
      "period_days": 224.7004523024127,
      "eccentricity": 0.006791323338701948,
      "perihelion_arg_deg": 54.8965151068807,
      "a_AU": 0.7233314819178569,
      "i_deg": 3.394379605984275,
      "raan_deg": 76.60685474955505,
      "argp_deg": 54.8965151068807,
      "M_deg": 335.7618877332555
    },
    "Terra": {
      "id": 399,
      "radius": 6371,
      "orbit_km": 149474763.57029948,
      "period_days": 364.8055772591188,
      "eccentricity": 0.01690107597219713,
      "perihelion_arg_deg": 273.3626455362809,
      "a_AU": 0.9991770796661446,
      "i_deg": 0.004745545451272096,
      "raan_deg": 186.9902391985212,
      "argp_deg": 273.3626455362809,
      "M_deg": 117.2509432853683
    },
    "Marte": {
      "id": 499,
      "radius": 3390,
      "orbit_km": 227932261.9664622,
      "period_days": 686.9402112734754,
      "eccentricity": 0.09344563101774338,
      "perihelion_arg_deg": 286.6166762892191,
      "a_AU": 1.523633063090531,
      "i_deg": 1.847488727515641,
      "raan_deg": 49.48121467565052,
      "argp_deg": 286.6166762892191,
      "M_deg": 18.18957802881893
    },
    "Júpiter": {
      "id": 599,
      "radius": 69911,
      "orbit_km": 778146130.0195392,
      "period_days": 4331.066609737598,
      "eccentricity": 0.04832062545977506,
      "perihelion_arg_deg": 273.3384577607376,
      "a_AU": 5.20158559997164,
      "i_deg": 1.303914154864314,
      "raan_deg": 100.5227146555924,
      "argp_deg": 273.3384577607376,
      "M_deg": 99.469600038552
    },
    "Saturno": {
      "id": 699,
      "radius": 58232,
      "orbit_km": 1427718868.8081589,
      "period_days": 10767.43608657652,
      "eccentricity": 0.05522834641643411,
      "perihelion_arg_deg": 338.2981373948803,
      "a_AU": 9.543711164654692,
      "i_deg": 2.488807757606856,
      "raan_deg": 113.6958839689874,
      "argp_deg": 338.2981373948803,
      "M_deg": 279.8836590961546
    },
    "Urano": {
      "id": 799,
      "radius": 25362,
      "orbit_km": 2883596866.386634,
      "period_days": 30910.25914880362,
      "eccentricity": 0.0471744796258431,
      "perihelion_arg_deg": 91.77535992711952,
      "a_AU": 19.27565447886174,
      "i_deg": 0.7724063052190743,
      "raan_deg": 74.02287844746218,
      "argp_deg": 91.77535992711952,
      "M_deg": 260.3658805423697
    },
    "Netuno": {
      "id": 899,
      "radius": 24622,
      "orbit_km": 4501646176.930696,
      "period_days": 60291.51000500845,
      "eccentricity": 0.01062881901006976,
      "perihelion_arg_deg": 279.5189506521231,
      "a_AU": 30.09164606331991,
      "i_deg": 1.767182467516334,
      "raan_deg": 131.6696790979235,
      "argp_deg": 279.5189506521231,
      "M_deg": 311.4614883510626
    }
  },
  "moons": {
    "Lua": {
      "id": 301,
      "planet": "Terra",
      "radius": 1737,
      "eccentricity": 0.04470790665621988,
      "orbit_km": 386363.72030200105,
      "period_days": 27.49394907622317
    },
    "Io": {
      "id": 501,
      "planet": "Júpiter",
      "radius": 1821,
      "eccentricity": 0.004348752426307507,
      "orbit_km": 422030.58505666367,
      "period_days": 1.771358949116877
    },
    "Europa": {
      "id": 502,
      "planet": "Júpiter",
      "radius": 1560,
      "eccentricity": 0.009243550377651066,
      "orbit_km": 671339.5857297656,
      "period_days": 3.553929407283305
    },
    "Ganymede": {
      "id": 503,
      "planet": "Júpiter",
      "radius": 2634,
      "eccentricity": 0.001528408368126203,
      "orbit_km": 1070401.2035559178,
      "period_days": 7.154904439943703
    },
    "Callisto": {
      "id": 504,
      "planet": "Júpiter",
      "radius": 2410,
      "eccentricity": 0.006911271202421668,
      "orbit_km": 1883680.7624010146,
      "period_days": 16.70319497361085
    },
    "Titan": {
      "id": 606,
      "planet": "Saturno",
      "radius": 2575,
      "eccentricity": 0.02869036236520246,
      "orbit_km": 1221932.516947906,
      "period_days": 15.94730279586519
    }
  }
}