{
  "generated_at": "2026-01-23T04:07:35.958077+00:00",
  "source": "JPL Horizons",
  "planets": {
    "Mercúrio": {
      "id": 199,
      "radius": 2440,
      "orbit_km": 57909343.008683845,
      "period_days": 87.96972401617677,
      "eccentricity": 0.2056350111163857,
      "perihelion_arg_deg": 29.19961112623008,
      "a_AU": 0.3871000485348743,
      "i_deg": 7.003383973400925,
      "raan_deg": 48.29844287135662,
      "argp_deg": 29.19961112623008,
      "M_deg": 247.6815140458142
    },
    "Vênus": {
      "id": 299,
      "radius": 6052,
      "orbit_km": 108209214.32439382,
      "period_days": 224.7015886481496,
      "eccentricity": 0.006782517390746354,
      "perihelion_arg_deg": 54.89434788132713,
      "a_AU": 0.7233339205836292,
      "i_deg": 3.39438711295502,
      "raan_deg": 76.60707773667872,
      "argp_deg": 54.89434788132713,
      "M_deg": 180.3567441895076
    },
    "Terra": {
      "id": 399,
      "radius": 6371,
      "orbit_km": 149682651.7103701,
      "period_days": 365.5668942264554,
      "eccentricity": 0.01708391359287595,
      "perihelion_arg_deg": 252.7070669575468,
      "a_AU": 1.000566726050133,
      "i_deg": 0.002755234743406071,
      "raan_deg": 211.8594415994851,
      "argp_deg": 252.7070669575468,
      "M_deg": 17.45258008043323
    },
    "Marte": {
      "id": 499,
      "radius": 3390,
      "orbit_km": 227941451.67726427,
      "period_days": 686.9817554944705,
      "eccentricity": 0.09348316785052718,
      "perihelion_arg_deg": 286.6223226255038,
      "a_AU": 1.523694492513016,
      "i_deg": 1.847483696627703,
      "raan_deg": 49.48279473358917,
      "argp_deg": 286.6223226255038,
      "M_deg": 327.3515652162937
    },
    "Júpiter": {
      "id": 599,
      "radius": 69911,
      "orbit_km": 778229314.47184,
      "period_days": 4331.761120096692,
      "eccentricity": 0.04824253433251223,
      "perihelion_arg_deg": 273.4626361280237,
      "a_AU": 5.202141653690263,
      "i_deg": 1.303603656926215,
      "raan_deg": 100.5182264596424,
      "argp_deg": 273.4626361280237,
      "M_deg": 91.29449477352156
    },
    "Saturno": {
      "id": 699,
      "radius": 58232,
      "orbit_km": 1428090041.2678952,
      "period_days": 10771.63526986816,
      "eccentricity": 0.05523309113422284,
      "perihelion_arg_deg": 338.0559533162478,
      "a_AU": 9.546192299299186,
      "i_deg": 2.488623572130752,
      "raan_deg": 113.6747216282569,
      "argp_deg": 338.0559533162478,
      "M_deg": 276.9030108196471
    },
    "Urano": {
      "id": 799,
      "radius": 25362,
      "orbit_km": 2884603607.203429,
      "period_days": 30926.44795929577,
      "eccentricity": 0.04688767846351957,
      "perihelion_arg_deg": 91.37779559943041,
      "a_AU": 19.28238412556115,
      "i_deg": 0.7711838862384397,
      "raan_deg": 74.0466400246458,
      "argp_deg": 91.37779559943041,
      "M_deg": 259.5861689464836
    },
    "Netuno": {
      "id": 899,
      "radius": 24622,
      "orbit_km": 4504733005.19723,
      "period_days": 60353.534461405,
      "eccentricity": 0.01093846154319711,
      "perihelion_arg_deg": 275.8526257692635,
      "a_AU": 30.11228023579904,
      "i_deg": 1.774020514170288,
      "raan_deg": 131.9301377362732,
      "argp_deg": 275.8526257692635,
      "M_deg": 314.2655289884215
    }
  },
  "moons": {
    "Lua": {
      "id": 301,
      "planet": "Terra",
      "radius": 1737,
      "eccentricity": 0.03651490607357914,
      "orbit_km": 382914.5208650927,
      "period_days": 27.12660034566624
    },
    "Io": {
      "id": 501,
      "planet": "Júpiter",
      "radius": 1821,
      "eccentricity": 0.004269115424877241,
      "orbit_km": 422028.9600967165,
      "period_days": 1.771348718633559
    },
    "Europa": {
      "id": 502,
      "planet": "Júpiter",
      "radius": 1560,
      "eccentricity": 0.009717854458471375,
      "orbit_km": 671227.997833566,
      "period_days": 3.553043360114931
    },
    "Ganymede": {
      "id": 503,
      "planet": "Júpiter",
      "radius": 2634,
      "eccentricity": 0.001870412057005102,
      "orbit_km": 1070604.2517508343,
      "period_days": 7.1569403952293
    },
    "Callisto": {
      "id": 504,
      "planet": "Júpiter",
      "radius": 2410,
      "eccentricity": 0.007251937307026834,
      "orbit_km": 1882476.753487568,
      "period_days": 16.68718303935053
    },
    "Titan": {
      "id": 606,
      "planet": "Saturno",
      "radius": 2575,
      "eccentricity": 0.02870296912427981,
      "orbit_km": 1221938.4894765445,
      "period_days": 15.94741971619964
    }
  }
}