{
  "generated_at": "2026-07-06T07:17:46.602609+00:00",
  "source": "JPL Horizons",
  "planets": {
    "Mercúrio": {
      "id": 199,
      "radius": 2440,
      "orbit_km": 57909051.331699856,
      "period_days": 87.96905938996603,
      "eccentricity": 0.2056375139545882,
      "perihelion_arg_deg": 29.20130483057532,
      "a_AU": 0.3870980987946633,
      "i_deg": 7.003381464521869,
      "raan_deg": 48.29765899390367,
      "argp_deg": 29.20130483057532,
      "M_deg": 198.8231909065193
    },
    "Vênus": {
      "id": 299,
      "radius": 6052,
      "orbit_km": 108207860.62973696,
      "period_days": 224.697372144169,
      "eccentricity": 0.006781792320200988,
      "perihelion_arg_deg": 54.83242673052356,
      "a_AU": 0.7233248716937585,
      "i_deg": 3.394372305630907,
      "raan_deg": 76.60654307257376,
      "argp_deg": 54.83242673052356,
      "M_deg": 83.16969504184796
    },
    "Terra": {
      "id": 399,
      "radius": 6371,
      "orbit_km": 149557102.1840656,
      "period_days": 365.1070501064563,
      "eccentricity": 0.01692097726457561,
      "perihelion_arg_deg": 314.7175846956874,
      "a_AU": 0.9997274793033911,
      "i_deg": 0.004461415725924374,
      "raan_deg": 149.5053191217526,
      "argp_deg": 314.7175846956874,
      "M_deg": 179.357134292439
    },
    "Marte": {
      "id": 499,
      "radius": 3390,
      "orbit_km": 227926398.07872447,
      "period_days": 686.9137026453916,
      "eccentricity": 0.09342642073506417,
      "perihelion_arg_deg": 286.608048327753,
      "a_AU": 1.523593865422073,
      "i_deg": 1.847485463081523,
      "raan_deg": 49.48119947037445,
      "argp_deg": 286.608048327753,
      "M_deg": 53.31124348315969
    },
    "Júpiter": {
      "id": 599,
      "radius": 69911,
      "orbit_km": 778312081.8791056,
      "period_days": 4332.452185370117,
      "eccentricity": 0.04813608189316215,
      "perihelion_arg_deg": 273.5548944375345,
      "a_AU": 5.202694919635014,
      "i_deg": 1.303447380111263,
      "raan_deg": 100.515218121666,
      "argp_deg": 273.5548944375345,
      "M_deg": 104.8442250610311
    },
    "Saturno": {
      "id": 699,
      "radius": 58232,
      "orbit_km": 1427508196.1799111,
      "period_days": 10765.05292793107,
      "eccentricity": 0.05532631872470023,
      "perihelion_arg_deg": 338.4806370032947,
      "a_AU": 9.542302905116893,
      "i_deg": 2.488582111215534,
      "raan_deg": 113.6866591607909,
      "argp_deg": 338.4806370032947,
      "M_deg": 281.9639247357585
    },
    "Urano": {
      "id": 799,
      "radius": 25362,
      "orbit_km": 2882750841.193258,
      "period_days": 30896.65689735712,
      "eccentricity": 0.04734704413940242,
      "perihelion_arg_deg": 92.07633817391627,
      "a_AU": 19.26999914974898,
      "i_deg": 0.7706614509931955,
      "raan_deg": 74.05072164655971,
      "argp_deg": 92.07633817391627,
      "M_deg": 260.8300995143298
    },
    "Netuno": {
      "id": 899,
      "radius": 24622,
      "orbit_km": 4500859770.9709835,
      "period_days": 60275.71194020334,
      "eccentricity": 0.01022743895909929,
      "perihelion_arg_deg": 278.6390127371899,
      "a_AU": 30.08638926416874,
      "i_deg": 1.77176626770289,
      "raan_deg": 131.8470335336729,
      "argp_deg": 278.6390127371899,
      "M_deg": 312.5202939986571
    }
  },
  "moons": {
    "Lua": {
      "id": 301,
      "planet": "Terra",
      "radius": 1737,
      "eccentricity": 0.05563188039231863,
      "orbit_km": 381088.8950420153,
      "period_days": 26.93283406938216
    },
    "Io": {
      "id": 501,
      "planet": "Júpiter",
      "radius": 1821,
      "eccentricity": 0.004409746152383171,
      "orbit_km": 422031.44446371705,
      "period_days": 1.771364359811755
    },
    "Europa": {
      "id": 502,
      "planet": "Júpiter",
      "radius": 1560,
      "eccentricity": 0.00918326910393278,
      "orbit_km": 671311.7743920503,
      "period_days": 3.553708568583915
    },
    "Ganymede": {
      "id": 503,
      "planet": "Júpiter",
      "radius": 2634,
      "eccentricity": 0.002440550989128546,
      "orbit_km": 1070832.9899290397,
      "period_days": 7.159234174106325
    },
    "Callisto": {
      "id": 504,
      "planet": "Júpiter",
      "radius": 2410,
      "eccentricity": 0.007372876622192159,
      "orbit_km": 1882414.782971434,
      "period_days": 16.68635904125881
    },
    "Titan": {
      "id": 606,
      "planet": "Saturno",
      "radius": 2575,
      "eccentricity": 0.02869235933496746,
      "orbit_km": 1221957.8792778421,
      "period_days": 15.947799299782
    }
  }
}