{
  "generated_at": "2026-04-04T04:56:06.032673+00:00",
  "source": "JPL Horizons",
  "planets": {
    "Mercúrio": {
      "id": 199,
      "radius": 2440,
      "orbit_km": 57909160.272563145,
      "period_days": 87.96930762654284,
      "eccentricity": 0.2056344337526611,
      "perihelion_arg_deg": 29.20108773649121,
      "a_AU": 0.3870988270193551,
      "i_deg": 7.003391748670396,
      "raan_deg": 48.29804303620593,
      "argp_deg": 29.20108773649121,
      "M_deg": 178.2357694253521
    },
    "Vênus": {
      "id": 299,
      "radius": 6052,
      "orbit_km": 108208377.44026305,
      "period_days": 224.6989819085394,
      "eccentricity": 0.00679002526721545,
      "perihelion_arg_deg": 54.9391328222933,
      "a_AU": 0.7233283263587458,
      "i_deg": 3.39438632151596,
      "raan_deg": 76.60688085379681,
      "argp_deg": 54.9391328222933,
      "M_deg": 294.0639529514588
    },
    "Terra": {
      "id": 399,
      "radius": 6371,
      "orbit_km": 149474514.4500669,
      "period_days": 364.8046652615658,
      "eccentricity": 0.01681585319014337,
      "perihelion_arg_deg": 282.4425469156484,
      "a_AU": 0.9991754144002458,
      "i_deg": 0.004613371143693893,
      "raan_deg": 177.825530343161,
      "argp_deg": 282.4425469156484,
      "M_deg": 91.67776089730388
    },
    "Marte": {
      "id": 499,
      "radius": 3390,
      "orbit_km": 227935579.80739152,
      "period_days": 686.9552102470079,
      "eccentricity": 0.09345800328453875,
      "perihelion_arg_deg": 286.6197433305013,
      "a_AU": 1.523655241487281,
      "i_deg": 1.847482693242523,
      "raan_deg": 49.48153990404732,
      "argp_deg": 286.6197433305013,
      "M_deg": 4.560978466334068
    },
    "Júpiter": {
      "id": 599,
      "radius": 69911,
      "orbit_km": 778395850.9470425,
      "period_days": 4333.151651410278,
      "eccentricity": 0.04822617870686677,
      "perihelion_arg_deg": 273.7159216282882,
      "a_AU": 5.203254881267789,
      "i_deg": 1.30341094495727,
      "raan_deg": 100.5158092964669,
      "argp_deg": 273.7159216282882,
      "M_deg": 96.94184680970031
    },
    "Saturno": {
      "id": 699,
      "radius": 58232,
      "orbit_km": 1427637347.8955228,
      "period_days": 10766.51388959606,
      "eccentricity": 0.05545041296445907,
      "perihelion_arg_deg": 338.4746891071622,
      "a_AU": 9.54316623101189,
      "i_deg": 2.487674425168009,
      "raan_deg": 113.6162026136314,
      "argp_deg": 338.4746891071622,
      "M_deg": 278.9437212170299
    },
    "Urano": {
      "id": 799,
      "radius": 25362,
      "orbit_km": 2884018159.866755,
      "period_days": 30917.0333791551,
      "eccentricity": 0.04709141018527148,
      "perihelion_arg_deg": 91.63178854843783,
      "a_AU": 19.27847065183365,
      "i_deg": 0.7735971005745931,
      "raan_deg": 74.00205640489017,
      "argp_deg": 91.63178854843783,
      "M_deg": 260.2216623252552
    },
    "Netuno": {
      "id": 899,
      "radius": 24622,
      "orbit_km": 4502045794.266185,
      "period_days": 60299.53842383457,
      "eccentricity": 0.01053114742935079,
      "perihelion_arg_deg": 278.0909128586698,
      "a_AU": 30.09431734021456,
      "i_deg": 1.775308476138145,
      "raan_deg": 131.9809731576463,
      "argp_deg": 278.0909128586698,
      "M_deg": 312.3992498068209
    }
  },
  "moons": {
    "Lua": {
      "id": 301,
      "planet": "Terra",
      "radius": 1737,
      "eccentricity": 0.04782936794539438,
      "orbit_km": 386247.1411087516,
      "period_days": 27.4815062130327
    },
    "Io": {
      "id": 501,
      "planet": "Júpiter",
      "radius": 1821,
      "eccentricity": 0.004719810737536351,
      "orbit_km": 422037.179794992,
      "period_days": 1.771400468718074
    },
    "Europa": {
      "id": 502,
      "planet": "Júpiter",
      "radius": 1560,
      "eccentricity": 0.009797955263827237,
      "orbit_km": 671253.5064304485,
      "period_days": 3.553245900858491
    },
    "Ganymede": {
      "id": 503,
      "planet": "Júpiter",
      "radius": 2634,
      "eccentricity": 0.001391708191431205,
      "orbit_km": 1070461.8476273865,
      "period_days": 7.155512495148297
    },
    "Callisto": {
      "id": 504,
      "planet": "Júpiter",
      "radius": 2410,
      "eccentricity": 0.007391153221798554,
      "orbit_km": 1883517.5384606675,
      "period_days": 16.70102398294247
    },
    "Titan": {
      "id": 606,
      "planet": "Saturno",
      "radius": 2575,
      "eccentricity": 0.02876011145229768,
      "orbit_km": 1221932.360330884,
      "period_days": 15.94729972987878
    }
  }
}