{
  "generated_at": "2026-05-02T05:41:22.594316+00:00",
  "source": "JPL Horizons",
  "planets": {
    "Mercúrio": {
      "id": 199,
      "radius": 2440,
      "orbit_km": 57909103.194256924,
      "period_days": 87.96917756582837,
      "eccentricity": 0.2056334412452104,
      "perihelion_arg_deg": 29.20174734016818,
      "a_AU": 0.3870984454744444,
      "i_deg": 7.003385263027581,
      "raan_deg": 48.29791099171316,
      "argp_deg": 29.20174734016818,
      "M_deg": 292.8204767299869
    },
    "Vênus": {
      "id": 299,
      "radius": 6052,
      "orbit_km": 108208866.06664477,
      "period_days": 224.7005038883119,
      "eccentricity": 0.006791334021349005,
      "perihelion_arg_deg": 54.89340398359204,
      "a_AU": 0.7233315926243646,
      "i_deg": 3.394378914358101,
      "raan_deg": 76.60684745893501,
      "argp_deg": 54.89340398359204,
      "M_deg": 338.9692332958833
    },
    "Terra": {
      "id": 399,
      "radius": 6371,
      "orbit_km": 149468168.69195077,
      "period_days": 364.7814345027573,
      "eccentricity": 0.01707600847410759,
      "perihelion_arg_deg": 279.1167416667357,
      "a_AU": 0.9991329956272619,
      "i_deg": 0.004148905992936928,
      "raan_deg": 181.3817757981147,
      "argp_deg": 279.1167416667357,
      "M_deg": 119.0589806583373
    },
    "Marte": {
      "id": 499,
      "radius": 3390,
      "orbit_km": 227932003.22610778,
      "period_days": 686.9390415897606,
      "eccentricity": 0.0934447044135965,
      "perihelion_arg_deg": 286.616393040488,
      "a_AU": 1.52363133351809,
      "i_deg": 1.847489164361062,
      "raan_deg": 49.48119804947083,
      "argp_deg": 286.616393040488,
      "M_deg": 19.23799174248634
    },
    "Júpiter": {
      "id": 599,
      "radius": 69911,
      "orbit_km": 778311004.9943801,
      "period_days": 4332.443193700688,
      "eccentricity": 0.04826281861859197,
      "perihelion_arg_deg": 273.5885764533679,
      "a_AU": 5.202687721105246,
      "i_deg": 1.303577938224791,
      "raan_deg": 100.5178442224159,
      "argp_deg": 273.5885764533679,
      "M_deg": 99.39179304224012
    },
    "Saturno": {
      "id": 699,
      "radius": 58232,
      "orbit_km": 1427827282.6488776,
      "period_days": 10768.66254784268,
      "eccentricity": 0.05533000076282316,
      "perihelion_arg_deg": 338.2285567296739,
      "a_AU": 9.544435866418237,
      "i_deg": 2.488934568586525,
      "raan_deg": 113.7048102044976,
      "argp_deg": 338.2285567296739,
      "M_deg": 280.0220323757034
    },
    "Urano": {
      "id": 799,
      "radius": 25362,
      "orbit_km": 2883622193.4190974,
      "period_days": 30910.66638335765,
      "eccentricity": 0.04717089751799822,
      "perihelion_arg_deg": 91.81915544012197,
      "a_AU": 19.27582377961679,
      "i_deg": 0.7755428355445654,
      "raan_deg": 73.96890711715594,
      "argp_deg": 91.81915544012197,
      "M_deg": 260.3991575362085
    },
    "Netuno": {
      "id": 899,
      "radius": 24622,
      "orbit_km": 4502778529.96082,
      "period_days": 60314.26020497569,
      "eccentricity": 0.01060554736555475,
      "perihelion_arg_deg": 277.4761500679554,
      "a_AU": 30.09921537580294,
      "i_deg": 1.769835848101279,
      "raan_deg": 131.7722209635241,
      "argp_deg": 277.4761500679554,
      "M_deg": 313.3844141936501
    }
  },
  "moons": {
    "Lua": {
      "id": 301,
      "planet": "Terra",
      "radius": 1737,
      "eccentricity": 0.04628965606709967,
      "orbit_km": 387249.02668238396,
      "period_days": 27.58850184599573
    },
    "Io": {
      "id": 501,
      "planet": "Júpiter",
      "radius": 1821,
      "eccentricity": 0.004718006188534704,
      "orbit_km": 422037.04594502226,
      "period_days": 1.771399626013124
    },
    "Europa": {
      "id": 502,
      "planet": "Júpiter",
      "radius": 1560,
      "eccentricity": 0.009797631010805757,
      "orbit_km": 671253.9090282001,
      "period_days": 3.553249097554698
    },
    "Ganymede": {
      "id": 503,
      "planet": "Júpiter",
      "radius": 2634,
      "eccentricity": 0.001631081332350032,
      "orbit_km": 1070480.8027764512,
      "period_days": 7.155702554803453
    },
    "Callisto": {
      "id": 504,
      "planet": "Júpiter",
      "radius": 2410,
      "eccentricity": 0.007109286674298358,
      "orbit_km": 1882814.3278496575,
      "period_days": 16.69167187382843
    },
    "Titan": {
      "id": 606,
      "planet": "Saturno",
      "radius": 2575,
      "eccentricity": 0.02866732458317688,
      "orbit_km": 1221963.712205569,
      "period_days": 15.94791348842136
    }
  }
}