{
  "generated_at": "2026-04-18T05:12:12.677799+00:00",
  "source": "JPL Horizons",
  "planets": {
    "Mercúrio": {
      "id": 199,
      "radius": 2440,
      "orbit_km": 57909168.499372825,
      "period_days": 87.9693263724573,
      "eccentricity": 0.2056338555613282,
      "perihelion_arg_deg": 29.20133920912829,
      "a_AU": 0.3870988820121811,
      "i_deg": 7.003385299384631,
      "raan_deg": 48.2979830971845,
      "argp_deg": 29.20133920912829,
      "M_deg": 235.5281658329267
    },
    "Vênus": {
      "id": 299,
      "radius": 6052,
      "orbit_km": 108208662.97432989,
      "period_days": 224.699871293326,
      "eccentricity": 0.006790844707791757,
      "perihelion_arg_deg": 54.91660700341713,
      "a_AU": 0.723330235036092,
      "i_deg": 3.394383459250045,
      "raan_deg": 76.6068799098187,
      "argp_deg": 54.91660700341713,
      "M_deg": 316.5163449265755
    },
    "Terra": {
      "id": 399,
      "radius": 6371,
      "orbit_km": 149734744.69597694,
      "period_days": 365.7577492875099,
      "eccentricity": 0.01640563301004533,
      "perihelion_arg_deg": 303.8788147183947,
      "a_AU": 1.000914946150881,
      "i_deg": 0.002452992977871748,
      "raan_deg": 162.0697931982935,
      "argp_deg": 303.8788147183947,
      "M_deg": 99.81933516768397
    },
    "Marte": {
      "id": 499,
      "radius": 3390,
      "orbit_km": 227933810.62041757,
      "period_days": 686.9472122645141,
      "eccentricity": 0.09345128871883036,
      "perihelion_arg_deg": 286.618238286114,
      "a_AU": 1.523643415202818,
      "i_deg": 1.847485805852886,
      "raan_deg": 49.48134573629982,
      "argp_deg": 286.618238286114,
      "M_deg": 11.89926637493907
    },
    "Júpiter": {
      "id": 599,
      "radius": 69911,
      "orbit_km": 778360542.2244282,
      "period_days": 4332.856821380402,
      "eccentricity": 0.0482585152946723,
      "perihelion_arg_deg": 273.6653696564058,
      "a_AU": 5.203018857035298,
      "i_deg": 1.303500990789498,
      "raan_deg": 100.5168301099377,
      "argp_deg": 273.6653696564058,
      "M_deg": 98.15171896294649
    },
    "Saturno": {
      "id": 699,
      "radius": 58232,
      "orbit_km": 1427803884.1834958,
      "period_days": 10768.3978423542,
      "eccentricity": 0.05542048719049052,
      "perihelion_arg_deg": 338.2952101353902,
      "a_AU": 9.544279457337863,
      "i_deg": 2.488471808349514,
      "raan_deg": 113.6707861060263,
      "argp_deg": 338.2952101353902,
      "M_deg": 279.5320448938556
    },
    "Urano": {
      "id": 799,
      "radius": 25362,
      "orbit_km": 2883604650.892556,
      "period_days": 30910.38431605251,
      "eccentricity": 0.04714672311944844,
      "perihelion_arg_deg": 91.75693760100087,
      "a_AU": 19.27570651506978,
      "i_deg": 0.7712217899371405,
      "raan_deg": 74.04369560192217,
      "argp_deg": 91.75693760100087,
      "M_deg": 260.220552046034
    },
    "Netuno": {
      "id": 899,
      "radius": 24622,
      "orbit_km": 4501674792.08935,
      "period_days": 60292.0848793316,
      "eccentricity": 0.0106505236394849,
      "perihelion_arg_deg": 279.5388165090395,
      "a_AU": 30.09183734384095,
      "i_deg": 1.768122553192844,
      "raan_deg": 131.7063008325962,
      "argp_deg": 279.5388165090395,
      "M_deg": 311.3360184282456
    }
  },
  "moons": {
    "Lua": {
      "id": 301,
      "planet": "Terra",
      "radius": 1737,
      "eccentricity": 0.06414153617229312,
      "orbit_km": 386243.1947560971,
      "period_days": 27.4810850392824
    },
    "Io": {
      "id": 501,
      "planet": "Júpiter",
      "radius": 1821,
      "eccentricity": 0.004753681781469373,
      "orbit_km": 422037.6696122401,
      "period_days": 1.771403552555694
    },
    "Europa": {
      "id": 502,
      "planet": "Júpiter",
      "radius": 1560,
      "eccentricity": 0.00979638536878934,
      "orbit_km": 671255.341151014,
      "period_days": 3.553260468866825
    },
    "Ganymede": {
      "id": 503,
      "planet": "Júpiter",
      "radius": 2634,
      "eccentricity": 0.001264614876553802,
      "orbit_km": 1070444.7400124178,
      "period_days": 7.155340961808951
    },
    "Callisto": {
      "id": 504,
      "planet": "Júpiter",
      "radius": 2410,
      "eccentricity": 0.007109451921149812,
      "orbit_km": 1883163.6988499425,
      "period_days": 16.69631799574963
    },
    "Titan": {
      "id": 606,
      "planet": "Saturno",
      "radius": 2575,
      "eccentricity": 0.02871227989233613,
      "orbit_km": 1221944.953458269,
      "period_days": 15.94754625771561
    }
  }
}