{
  "generated_at": "2026-06-24T06:52:39.476711+00:00",
  "source": "JPL Horizons",
  "planets": {
    "Mercúrio": {
      "id": 199,
      "radius": 2440,
      "orbit_km": 57909023.70307721,
      "period_days": 87.96899643442795,
      "eccentricity": 0.2056381264143189,
      "perihelion_arg_deg": 29.20120437417515,
      "a_AU": 0.3870979141087281,
      "i_deg": 7.003392990379885,
      "raan_deg": 48.29770892899898,
      "argp_deg": 29.20120437417515,
      "M_deg": 149.7150700661782
    },
    "Vênus": {
      "id": 299,
      "radius": 6052,
      "orbit_km": 108207923.6606362,
      "period_days": 224.6975684729671,
      "eccentricity": 0.006783163125554766,
      "perihelion_arg_deg": 54.83411895866667,
      "a_AU": 0.7233252930292958,
      "i_deg": 3.394372113400186,
      "raan_deg": 76.60654854673346,
      "argp_deg": 54.83411895866667,
      "M_deg": 63.94200291737387
    },
    "Terra": {
      "id": 399,
      "radius": 6371,
      "orbit_km": 149551644.88522965,
      "period_days": 365.0870663001986,
      "eccentricity": 0.01688897577491411,
      "perihelion_arg_deg": 266.7111601994041,
      "a_AU": 0.9996909995138699,
      "i_deg": 0.003643950979466586,
      "raan_deg": 194.9363681610799,
      "argp_deg": 266.7111601994041,
      "M_deg": 170.1905000974829
    },
    "Marte": {
      "id": 499,
      "radius": 3390,
      "orbit_km": 227926619.22596887,
      "period_days": 686.9147023701526,
      "eccentricity": 0.09342742684187025,
      "perihelion_arg_deg": 286.6082817874623,
      "a_AU": 1.523595343700095,
      "i_deg": 1.847487477630892,
      "raan_deg": 49.48118356905875,
      "argp_deg": 286.6082817874623,
      "M_deg": 47.02196168192387
    },
    "Júpiter": {
      "id": 599,
      "radius": 69911,
      "orbit_km": 778170556.6098995,
      "period_days": 4331.270544479505,
      "eccentricity": 0.0482893704756974,
      "perihelion_arg_deg": 273.3707775126722,
      "a_AU": 5.201748881643003,
      "i_deg": 1.303790412118836,
      "raan_deg": 100.5216339922197,
      "argp_deg": 273.3707775126722,
      "M_deg": 104.0129805963437
    },
    "Saturno": {
      "id": 699,
      "radius": 58232,
      "orbit_km": 1427081546.5880728,
      "period_days": 10760.22714592745,
      "eccentricity": 0.0553400401422753,
      "perihelion_arg_deg": 338.9015188902871,
      "a_AU": 9.539450928749568,
      "i_deg": 2.487256923392979,
      "raan_deg": 113.5800830744458,
      "argp_deg": 338.9015188902871,
      "M_deg": 281.2543266471694
    },
    "Urano": {
      "id": 799,
      "radius": 25362,
      "orbit_km": 2882884624.414028,
      "period_days": 30898.80770874596,
      "eccentricity": 0.04731278161847067,
      "perihelion_arg_deg": 92.088536882078,
      "a_AU": 19.27089343534372,
      "i_deg": 0.7745107927582263,
      "raan_deg": 73.98787197916556,
      "argp_deg": 92.088536882078,
      "M_deg": 260.7381161380359
    },
    "Netuno": {
      "id": 899,
      "radius": 24622,
      "orbit_km": 4501330639.17983,
      "period_days": 60285.17101922158,
      "eccentricity": 0.01032228859698889,
      "perihelion_arg_deg": 278.3894429848879,
      "a_AU": 30.08953682373388,
      "i_deg": 1.770491579261779,
      "raan_deg": 131.7973668484059,
      "argp_deg": 278.3894429848879,
      "M_deg": 312.7517726818986
    }
  },
  "moons": {
    "Lua": {
      "id": 301,
      "planet": "Terra",
      "radius": 1737,
      "eccentricity": 0.06391191918453507,
      "orbit_km": 381153.22717626626,
      "period_days": 26.93965420967045
    },
    "Io": {
      "id": 501,
      "planet": "Júpiter",
      "radius": 1821,
      "eccentricity": 0.004778836069447426,
      "orbit_km": 422043.1153309455,
      "period_days": 1.771437838345591
    },
    "Europa": {
      "id": 502,
      "planet": "Júpiter",
      "radius": 1560,
      "eccentricity": 0.009578088565514375,
      "orbit_km": 671155.9922074287,
      "period_days": 3.552471649195637
    },
    "Ganymede": {
      "id": 503,
      "planet": "Júpiter",
      "radius": 2634,
      "eccentricity": 0.001983952708757122,
      "orbit_km": 1070709.8323555698,
      "period_days": 7.157999123592061
    },
    "Callisto": {
      "id": 504,
      "planet": "Júpiter",
      "radius": 2410,
      "eccentricity": 0.007213940591652906,
      "orbit_km": 1882470.7547928237,
      "period_days": 16.68710327642336
    },
    "Titan": {
      "id": 606,
      "planet": "Saturno",
      "radius": 2575,
      "eccentricity": 0.02878564759931563,
      "orbit_km": 1221929.1573805022,
      "period_days": 15.94723702791022
    }
  }
}