{
  "generated_at": "2026-02-13T04:58:29.956325+00:00",
  "source": "JPL Horizons",
  "planets": {
    "Mercúrio": {
      "id": 199,
      "radius": 2440,
      "orbit_km": 57909086.25051292,
      "period_days": 87.96913895720635,
      "eccentricity": 0.2056320566704639,
      "perihelion_arg_deg": 29.20099066027652,
      "a_AU": 0.3870983322125114,
      "i_deg": 7.003390029360853,
      "raan_deg": 48.29818036162646,
      "argp_deg": 29.20099066027652,
      "M_deg": 333.6190309926076
    },
    "Vênus": {
      "id": 299,
      "radius": 6052,
      "orbit_km": 108208789.712066,
      "period_days": 224.7002660578561,
      "eccentricity": 0.006785870920515656,
      "perihelion_arg_deg": 54.91612903100671,
      "a_AU": 0.7233310822255307,
      "i_deg": 3.394384979082592,
      "raan_deg": 76.60696402807329,
      "argp_deg": 54.91612903100671,
      "M_deg": 213.9796292963157
    },
    "Terra": {
      "id": 399,
      "radius": 6371,
      "orbit_km": 149681246.79166275,
      "period_days": 365.5617474319789,
      "eccentricity": 0.01725528668986386,
      "perihelion_arg_deg": 281.9568424651775,
      "a_AU": 1.000557334748634,
      "i_deg": 0.002636096466943248,
      "raan_deg": 181.4495848986654,
      "argp_deg": 281.9568424651775,
      "M_deg": 39.24058362559769
    },
    "Marte": {
      "id": 499,
      "radius": 3390,
      "orbit_km": 227940541.4043595,
      "period_days": 686.9776403571238,
      "eccentricity": 0.09347871756184609,
      "perihelion_arg_deg": 286.6223301180655,
      "a_AU": 1.523688407714479,
      "i_deg": 1.847479747507215,
      "raan_deg": 49.48236524696777,
      "argp_deg": 286.6223301180655,
      "M_deg": 338.3563721907681
    },
    "Júpiter": {
      "id": 599,
      "radius": 69911,
      "orbit_km": 778347797.0282967,
      "period_days": 4332.750399842553,
      "eccentricity": 0.04816201110604649,
      "perihelion_arg_deg": 273.6404394187301,
      "a_AU": 5.202933660661366,
      "i_deg": 1.303335120359073,
      "raan_deg": 100.5157466450193,
      "argp_deg": 273.6404394187301,
      "M_deg": 92.87180420216978
    },
    "Saturno": {
      "id": 699,
      "radius": 58232,
      "orbit_km": 1428121146.6410398,
      "period_days": 10771.98719889493,
      "eccentricity": 0.05544146717865251,
      "perihelion_arg_deg": 338.0618042393995,
      "a_AU": 9.546400225875942,
      "i_deg": 2.488588587525375,
      "raan_deg": 113.6736265612391,
      "argp_deg": 338.0618042393995,
      "M_deg": 277.6238920275757
    },
    "Urano": {
      "id": 799,
      "radius": 25362,
      "orbit_km": 2884280485.868389,
      "period_days": 30921.25172612234,
      "eccentricity": 0.04694096855176659,
      "perihelion_arg_deg": 91.59685323328914,
      "a_AU": 19.28022419284601,
      "i_deg": 0.7760750607599515,
      "raan_deg": 73.95593029650738,
      "argp_deg": 91.59685323328914,
      "M_deg": 259.7054109466847
    },
    "Netuno": {
      "id": 899,
      "radius": 24622,
      "orbit_km": 4504391562.162266,
      "period_days": 60346.67271062252,
      "eccentricity": 0.01105876852477329,
      "perihelion_arg_deg": 277.2987049669858,
      "a_AU": 30.10999783008453,
      "i_deg": 1.76599407500516,
      "raan_deg": 131.6265259671338,
      "argp_deg": 277.2987049669858,
      "M_deg": 313.2752819931595
    }
  },
  "moons": {
    "Lua": {
      "id": 301,
      "planet": "Terra",
      "radius": 1737,
      "eccentricity": 0.05830605463136158,
      "orbit_km": 382533.0963793679,
      "period_days": 27.0860788768805
    },
    "Io": {
      "id": 501,
      "planet": "Júpiter",
      "radius": 1821,
      "eccentricity": 0.00392651850209997,
      "orbit_km": 422023.88304198487,
      "period_days": 1.771316754450305
    },
    "Europa": {
      "id": 502,
      "planet": "Júpiter",
      "radius": 1560,
      "eccentricity": 0.009695507652647456,
      "orbit_km": 671230.8052397427,
      "period_days": 3.553065651004921
    },
    "Ganymede": {
      "id": 503,
      "planet": "Júpiter",
      "radius": 2634,
      "eccentricity": 0.001758818820220758,
      "orbit_km": 1070660.786236972,
      "period_days": 7.157507298389428
    },
    "Callisto": {
      "id": 504,
      "planet": "Júpiter",
      "radius": 2410,
      "eccentricity": 0.007485790182758606,
      "orbit_km": 1883423.078469338,
      "period_days": 16.69976764306055
    },
    "Titan": {
      "id": 606,
      "planet": "Saturno",
      "radius": 2575,
      "eccentricity": 0.02871893423620624,
      "orbit_km": 1221917.3671940463,
      "period_days": 15.94700622020341
    }
  }
}