{
  "generated_at": "2026-07-01T07:15:56.310333+00:00",
  "source": "JPL Horizons",
  "planets": {
    "Mercúrio": {
      "id": 199,
      "radius": 2440,
      "orbit_km": 57909034.47378105,
      "period_days": 87.96902097692563,
      "eccentricity": 0.2056378952089678,
      "perihelion_arg_deg": 29.2012310221174,
      "a_AU": 0.3870979861064363,
      "i_deg": 7.003387120362398,
      "raan_deg": 48.29769181885085,
      "argp_deg": 29.2012310221174,
      "M_deg": 178.3615139962258
    },
    "Vênus": {
      "id": 299,
      "radius": 6052,
      "orbit_km": 108207864.91895576,
      "period_days": 224.6973855042363,
      "eccentricity": 0.006782309520241367,
      "perihelion_arg_deg": 54.83193064323349,
      "a_AU": 0.7233249003654152,
      "i_deg": 3.394372368268598,
      "raan_deg": 76.60654210262838,
      "argp_deg": 54.83193064323349,
      "M_deg": 75.15935832929271
    },
    "Terra": {
      "id": 399,
      "radius": 6371,
      "orbit_km": 149475929.0325505,
      "period_days": 364.8098438785922,
      "eccentricity": 0.01745640402276565,
      "perihelion_arg_deg": 309.5965352077295,
      "a_AU": 0.9991848703000994,
      "i_deg": 0.004234054413314189,
      "raan_deg": 153.4511834239974,
      "argp_deg": 309.5965352077295,
      "M_deg": 175.6386450076622
    },
    "Marte": {
      "id": 499,
      "radius": 3390,
      "orbit_km": 227926436.95264834,
      "period_days": 686.9138783799641,
      "eccentricity": 0.0934267512953311,
      "perihelion_arg_deg": 286.6080214571208,
      "a_AU": 1.523594125278204,
      "i_deg": 1.847486315980065,
      "raan_deg": 49.48119370520769,
      "argp_deg": 286.6080214571208,
      "M_deg": 50.69082593847511
    },
    "Júpiter": {
      "id": 599,
      "radius": 69911,
      "orbit_km": 778154746.9619397,
      "period_days": 4331.138551215019,
      "eccentricity": 0.04821540967707036,
      "perihelion_arg_deg": 273.3232175182428,
      "a_AU": 5.201643200673844,
      "i_deg": 1.303751399260528,
      "raan_deg": 100.52103317621,
      "argp_deg": 273.3232175182428,
      "M_deg": 104.6526235646336
    },
    "Saturno": {
      "id": 699,
      "radius": 58232,
      "orbit_km": 1427233949.8496284,
      "period_days": 10761.9508780062,
      "eccentricity": 0.05510972374887591,
      "perihelion_arg_deg": 338.6583862076033,
      "a_AU": 9.540469681629155,
      "i_deg": 2.488290267259419,
      "raan_deg": 113.6633078134017,
      "argp_deg": 338.6583862076033,
      "M_deg": 281.6201226786065
    },
    "Urano": {
      "id": 799,
      "radius": 25362,
      "orbit_km": 2882700198.369375,
      "period_days": 30895.84273381958,
      "eccentricity": 0.04733382561894445,
      "perihelion_arg_deg": 92.14222721459664,
      "a_AU": 19.26966062338062,
      "i_deg": 0.7732135915870622,
      "raan_deg": 74.00911237101536,
      "argp_deg": 92.14222721459664,
      "M_deg": 260.7455638283694
    },
    "Netuno": {
      "id": 899,
      "radius": 24622,
      "orbit_km": 4499896834.141914,
      "period_days": 60256.36943632612,
      "eccentricity": 0.01011208773720633,
      "perihelion_arg_deg": 279.5351265787498,
      "a_AU": 30.07995242904159,
      "i_deg": 1.775133602361494,
      "raan_deg": 131.9775334179025,
      "argp_deg": 279.5351265787498,
      "M_deg": 311.467770254868
    }
  },
  "moons": {
    "Lua": {
      "id": 301,
      "planet": "Terra",
      "radius": 1737,
      "eccentricity": 0.04832610286096987,
      "orbit_km": 386935.917226764,
      "period_days": 27.55504866525264
    },
    "Io": {
      "id": 501,
      "planet": "Júpiter",
      "radius": 1821,
      "eccentricity": 0.004775132980470328,
      "orbit_km": 422042.5316078138,
      "period_days": 1.771434163262949
    },
    "Europa": {
      "id": 502,
      "planet": "Júpiter",
      "radius": 1560,
      "eccentricity": 0.009565677711651791,
      "orbit_km": 671153.9705806791,
      "period_days": 3.552455598307942
    },
    "Ganymede": {
      "id": 503,
      "planet": "Júpiter",
      "radius": 2634,
      "eccentricity": 0.002067779291510635,
      "orbit_km": 1070678.9070297077,
      "period_days": 7.157689008960192
    },
    "Callisto": {
      "id": 504,
      "planet": "Júpiter",
      "radius": 2410,
      "eccentricity": 0.007510248490391187,
      "orbit_km": 1883622.2728368172,
      "period_days": 16.70241701136507
    },
    "Titan": {
      "id": 606,
      "planet": "Saturno",
      "radius": 2575,
      "eccentricity": 0.02871549414583647,
      "orbit_km": 1221918.6336625798,
      "period_days": 15.94703101286209
    }
  }
}