{
  "generated_at": "2026-03-31T05:15:27.032304+00:00",
  "source": "JPL Horizons",
  "planets": {
    "Mercúrio": {
      "id": 199,
      "radius": 2440,
      "orbit_km": 57909152.47894395,
      "period_days": 87.96928986771356,
      "eccentricity": 0.2056345707194729,
      "perihelion_arg_deg": 29.20103780735768,
      "a_AU": 0.3870987749222286,
      "i_deg": 7.003393536092142,
      "raan_deg": 48.29804919865473,
      "argp_deg": 29.20103780735768,
      "M_deg": 161.8664845328238
    },
    "Vênus": {
      "id": 299,
      "radius": 6052,
      "orbit_km": 108208310.81909652,
      "period_days": 224.6987743963347,
      "eccentricity": 0.006789842443970858,
      "perihelion_arg_deg": 54.94409669332889,
      "a_AU": 0.723327881023754,
      "i_deg": 3.394386693428522,
      "raan_deg": 76.60687921094154,
      "argp_deg": 54.94409669332889,
      "M_deg": 287.6504178795918
    },
    "Terra": {
      "id": 399,
      "radius": 6371,
      "orbit_km": 149475528.7300252,
      "period_days": 364.8083784165113,
      "eccentricity": 0.01646211483308272,
      "perihelion_arg_deg": 279.9418850130471,
      "a_AU": 0.9991821944429935,
      "i_deg": 0.005568120012973343,
      "raan_deg": 180.3561826844049,
      "argp_deg": 279.9418850130471,
      "M_deg": 87.74110383361091
    },
    "Marte": {
      "id": 499,
      "radius": 3390,
      "orbit_km": 227936064.57693356,
      "period_days": 686.9574017552842,
      "eccentricity": 0.09345989305449731,
      "perihelion_arg_deg": 286.6201026344625,
      "a_AU": 1.523658481971519,
      "i_deg": 1.847481943257806,
      "raan_deg": 49.48160090577671,
      "argp_deg": 286.6201026344625,
      "M_deg": 2.464414197288685
    },
    "Júpiter": {
      "id": 599,
      "radius": 69911,
      "orbit_km": 778165765.4375714,
      "period_days": 4331.230543290576,
      "eccentricity": 0.0483170868691927,
      "perihelion_arg_deg": 273.3681658479633,
      "a_AU": 5.201716854634158,
      "i_deg": 1.303862315664347,
      "raan_deg": 100.5214504606479,
      "argp_deg": 273.3681658479633,
      "M_deg": 96.94720572227592
    },
    "Saturno": {
      "id": 699,
      "radius": 58232,
      "orbit_km": 1427985736.6458488,
      "period_days": 10770.4551858421,
      "eccentricity": 0.05534070792454092,
      "perihelion_arg_deg": 338.1140784575936,
      "a_AU": 9.545495065965861,
      "i_deg": 2.489013259860429,
      "raan_deg": 113.7056782718415,
      "argp_deg": 338.1140784575936,
      "M_deg": 279.0660849871666
    },
    "Urano": {
      "id": 799,
      "radius": 25362,
      "orbit_km": 2883578882.436462,
      "period_days": 30909.9699851032,
      "eccentricity": 0.04709896770845409,
      "perihelion_arg_deg": 91.79020414928075,
      "a_AU": 19.27553426358001,
      "i_deg": 0.7719204666926952,
      "raan_deg": 74.03167975729856,
      "argp_deg": 91.79020414928075,
      "M_deg": 259.9838188716565
    },
    "Netuno": {
      "id": 899,
      "radius": 24622,
      "orbit_km": 4501790620.538219,
      "period_days": 60294.41187447722,
      "eccentricity": 0.01067650164310124,
      "perihelion_arg_deg": 279.409872682727,
      "a_AU": 30.09261160919866,
      "i_deg": 1.769860470287883,
      "raan_deg": 131.7733107609503,
      "argp_deg": 279.409872682727,
      "M_deg": 311.2918882396835
    }
  },
  "moons": {
    "Lua": {
      "id": 301,
      "planet": "Terra",
      "radius": 1737,
      "eccentricity": 0.0381149420872636,
      "orbit_km": 385782.20412820665,
      "period_days": 27.43190070922921
    },
    "Io": {
      "id": 501,
      "planet": "Júpiter",
      "radius": 1821,
      "eccentricity": 0.004274286678216477,
      "orbit_km": 422028.11940988037,
      "period_days": 1.771343425813814
    },
    "Europa": {
      "id": 502,
      "planet": "Júpiter",
      "radius": 1560,
      "eccentricity": 0.009658513494793903,
      "orbit_km": 671183.5687800528,
      "period_days": 3.552690598292108
    },
    "Ganymede": {
      "id": 503,
      "planet": "Júpiter",
      "radius": 2634,
      "eccentricity": 0.001382579392314814,
      "orbit_km": 1070595.9963707612,
      "period_days": 7.156857615132273
    },
    "Callisto": {
      "id": 504,
      "planet": "Júpiter",
      "radius": 2410,
      "eccentricity": 0.006998724408379978,
      "orbit_km": 1883088.0820762757,
      "period_days": 16.69531236700973
    },
    "Titan": {
      "id": 606,
      "planet": "Saturno",
      "radius": 2575,
      "eccentricity": 0.02866948986571178,
      "orbit_km": 1221957.7117463932,
      "period_days": 15.94779602009714
    }
  }
}