{
  "generated_at": "2026-05-30T06:26:39.358780+00:00",
  "source": "JPL Horizons",
  "planets": {
    "Mercúrio": {
      "id": 199,
      "radius": 2440,
      "orbit_km": 57909184.240282044,
      "period_days": 87.96936224028215,
      "eccentricity": 0.2056351386309672,
      "perihelion_arg_deg": 29.20197557582711,
      "a_AU": 0.3870989872336602,
      "i_deg": 7.003383102274533,
      "raan_deg": 48.29782690991165,
      "argp_deg": 29.20197557582711,
      "M_deg": 47.40584473466285
    },
    "Vênus": {
      "id": 299,
      "radius": 6052,
      "orbit_km": 108208523.49750094,
      "period_days": 224.6994368491527,
      "eccentricity": 0.006788093355527414,
      "perihelion_arg_deg": 54.85880335662524,
      "a_AU": 0.7233293026910773,
      "i_deg": 3.394371488151179,
      "raan_deg": 76.60665640796356,
      "argp_deg": 54.85880335662524,
      "M_deg": 23.86339081978986
    },
    "Terra": {
      "id": 399,
      "radius": 6371,
      "orbit_km": 149475516.89389092,
      "period_days": 364.808335085798,
      "eccentricity": 0.01725771716724906,
      "perihelion_arg_deg": 281.4326244422143,
      "a_AU": 0.9991821153233228,
      "i_deg": 0.003732416023484029,
      "raan_deg": 179.7513292808749,
      "argp_deg": 281.4326244422143,
      "M_deg": 145.9845150759225
    },
    "Marte": {
      "id": 499,
      "radius": 3390,
      "orbit_km": 227928419.39730117,
      "period_days": 686.9228402958639,
      "eccentricity": 0.09343267079358238,
      "perihelion_arg_deg": 286.6115109747881,
      "a_AU": 1.523607377102201,
      "i_deg": 1.84749085588655,
      "raan_deg": 49.48113446960247,
      "argp_deg": 286.6115109747881,
      "M_deg": 33.9167924330935
    },
    "Júpiter": {
      "id": 599,
      "radius": 69911,
      "orbit_km": 778351055.5429604,
      "period_days": 4332.777608139812,
      "eccentricity": 0.04818738153537423,
      "perihelion_arg_deg": 273.635959632334,
      "a_AU": 5.202955442486525,
      "i_deg": 1.303443506905502,
      "raan_deg": 100.515566709487,
      "argp_deg": 273.635959632334,
      "M_deg": 101.6805979087329
    },
    "Saturno": {
      "id": 699,
      "radius": 58232,
      "orbit_km": 1427352324.6472602,
      "period_days": 10763.28980023297,
      "eccentricity": 0.05513709346441467,
      "perihelion_arg_deg": 338.582434076995,
      "a_AU": 9.541260968277006,
      "i_deg": 2.48827930668956,
      "raan_deg": 113.6604884944744,
      "argp_deg": 338.582434076995,
      "M_deg": 280.6305499346304
    },
    "Urano": {
      "id": 799,
      "radius": 25362,
      "orbit_km": 2883071442.2876678,
      "period_days": 30901.81123324781,
      "eccentricity": 0.04725835289238842,
      "perihelion_arg_deg": 92.0182137460896,
      "a_AU": 19.27214223569606,
      "i_deg": 0.7744120837918035,
      "raan_deg": 73.98889274564995,
      "argp_deg": 92.0182137460896,
      "M_deg": 260.5114763403256
    },
    "Netuno": {
      "id": 899,
      "radius": 24622,
      "orbit_km": 4501567667.427582,
      "period_days": 60289.93277003652,
      "eccentricity": 0.01054048266974414,
      "perihelion_arg_deg": 279.2674114833088,
      "a_AU": 30.09112125970642,
      "i_deg": 1.766012922913315,
      "raan_deg": 131.6231772174531,
      "argp_deg": 279.2674114833088,
      "M_deg": 311.9269205229157
    }
  },
  "moons": {
    "Lua": {
      "id": 301,
      "planet": "Terra",
      "radius": 1737,
      "eccentricity": 0.04967931620764747,
      "orbit_km": 386742.34625229775,
      "period_days": 27.53437396083269
    },
    "Io": {
      "id": 501,
      "planet": "Júpiter",
      "radius": 1821,
      "eccentricity": 0.004454937222279114,
      "orbit_km": 422032.76778739004,
      "period_days": 1.771372691265225
    },
    "Europa": {
      "id": 502,
      "planet": "Júpiter",
      "radius": 1560,
      "eccentricity": 0.009742384576627443,
      "orbit_km": 671236.2017624176,
      "period_days": 3.553108499689173
    },
    "Ganymede": {
      "id": 503,
      "planet": "Júpiter",
      "radius": 2634,
      "eccentricity": 0.001538072913951529,
      "orbit_km": 1070560.15316561,
      "period_days": 7.15649820424875
    },
    "Callisto": {
      "id": 504,
      "planet": "Júpiter",
      "radius": 2410,
      "eccentricity": 0.007318424863823603,
      "orbit_km": 1882872.5257992202,
      "period_days": 16.69244579128548
    },
    "Titan": {
      "id": 606,
      "planet": "Saturno",
      "radius": 2575,
      "eccentricity": 0.02871305446712372,
      "orbit_km": 1221938.827517255,
      "period_days": 15.94742633381277
    }
  }
}