{
  "generated_at": "2026-05-21T06:57:03.643020+00:00",
  "source": "JPL Horizons",
  "planets": {
    "Mercúrio": {
      "id": 199,
      "radius": 2440,
      "orbit_km": 57909104.83908806,
      "period_days": 87.96918131379981,
      "eccentricity": 0.2056337835199245,
      "perihelion_arg_deg": 29.2019261207476,
      "a_AU": 0.3870984564694614,
      "i_deg": 7.00338498852863,
      "raan_deg": 48.29788898898305,
      "argp_deg": 29.2019261207476,
      "M_deg": 10.57487964166086
    },
    "Vênus": {
      "id": 299,
      "radius": 6052,
      "orbit_km": 108208750.04049629,
      "period_days": 224.7001424882532,
      "eccentricity": 0.006789918271821355,
      "perihelion_arg_deg": 54.86873759844398,
      "a_AU": 0.7233308170374667,
      "i_deg": 3.39437289946079,
      "raan_deg": 76.60672730484667,
      "argp_deg": 54.86873759844398,
      "M_deg": 9.4342157150536
    },
    "Terra": {
      "id": 399,
      "radius": 6371,
      "orbit_km": 149674147.81577358,
      "period_days": 365.5357413358585,
      "eccentricity": 0.01606060993872024,
      "perihelion_arg_deg": 267.5861082878818,
      "a_AU": 1.000509881025824,
      "i_deg": 0.004391937206082427,
      "raan_deg": 195.7826948695962,
      "argp_deg": 267.5861082878818,
      "M_deg": 134.9571207405685
    },
    "Marte": {
      "id": 499,
      "radius": 3390,
      "orbit_km": 227929500.37296113,
      "period_days": 686.9277270126212,
      "eccentricity": 0.09343606122305248,
      "perihelion_arg_deg": 286.6132552853555,
      "a_AU": 1.523614602978177,
      "i_deg": 1.847491640782334,
      "raan_deg": 49.48111720272642,
      "argp_deg": 286.6132552853555,
      "M_deg": 29.19843131953541
    },
    "Júpiter": {
      "id": 599,
      "radius": 69911,
      "orbit_km": 778261559.1403526,
      "period_days": 4332.030342122127,
      "eccentricity": 0.04827686464470559,
      "perihelion_arg_deg": 273.5128574996635,
      "a_AU": 5.202357195986163,
      "i_deg": 1.303697863927818,
      "raan_deg": 100.5196928297513,
      "argp_deg": 273.5128574996635,
      "M_deg": 101.044639533786
    },
    "Saturno": {
      "id": 699,
      "radius": 58232,
      "orbit_km": 1427526447.6320145,
      "period_days": 10765.25938398832,
      "eccentricity": 0.05541913519679931,
      "perihelion_arg_deg": 338.5290168498336,
      "a_AU": 9.542424908538585,
      "i_deg": 2.488031507214396,
      "raan_deg": 113.6409396779454,
      "argp_deg": 338.5290168498336,
      "M_deg": 280.4335931688277
    },
    "Urano": {
      "id": 799,
      "radius": 25362,
      "orbit_km": 2883011449.951774,
      "period_days": 30900.84670866062,
      "eccentricity": 0.0472442641316385,
      "perihelion_arg_deg": 92.01524407342303,
      "a_AU": 19.27174121170011,
      "i_deg": 0.7725272648542517,
      "raan_deg": 74.02054147512496,
      "argp_deg": 92.01524407342303,
      "M_deg": 260.3757519233559
    },
    "Netuno": {
      "id": 899,
      "radius": 24622,
      "orbit_km": 4500704882.901259,
      "period_days": 60272.60056521217,
      "eccentricity": 0.01029139390713181,
      "perihelion_arg_deg": 279.0865504255319,
      "a_AU": 30.08535390137247,
      "i_deg": 1.775340321200598,
      "raan_deg": 131.9839691650142,
      "argp_deg": 279.0865504255319,
      "M_deg": 311.6745180654584
    }
  },
  "moons": {
    "Lua": {
      "id": 301,
      "planet": "Terra",
      "radius": 1737,
      "eccentricity": 0.06517281078929223,
      "orbit_km": 381954.6270883141,
      "period_days": 27.02466246608392
    },
    "Io": {
      "id": 501,
      "planet": "Júpiter",
      "radius": 1821,
      "eccentricity": 0.004026065080419575,
      "orbit_km": 422025.3433941408,
      "period_days": 1.771325948533565
    },
    "Europa": {
      "id": 502,
      "planet": "Júpiter",
      "radius": 1560,
      "eccentricity": 0.00930779785277527,
      "orbit_km": 671337.0091032726,
      "period_days": 3.553908947131527
    },
    "Ganymede": {
      "id": 503,
      "planet": "Júpiter",
      "radius": 2634,
      "eccentricity": 0.001678398786437627,
      "orbit_km": 1070372.7152444688,
      "period_days": 7.154618804348607
    },
    "Callisto": {
      "id": 504,
      "planet": "Júpiter",
      "radius": 2410,
      "eccentricity": 0.007094969062992264,
      "orbit_km": 1882980.162579657,
      "period_days": 16.69387717878703
    },
    "Titan": {
      "id": 606,
      "planet": "Saturno",
      "radius": 2575,
      "eccentricity": 0.02873749674035006,
      "orbit_km": 1221972.3697274267,
      "period_days": 15.94808297338984
    }
  }
}