{
  "generated_at": "2026-02-15T04:59:21.998038+00:00",
  "source": "JPL Horizons",
  "planets": {
    "Mercúrio": {
      "id": 199,
      "radius": 2440,
      "orbit_km": 57909082.33894433,
      "period_days": 87.96913004416689,
      "eccentricity": 0.2056320324539919,
      "perihelion_arg_deg": 29.20101400551836,
      "a_AU": 0.3870983060652904,
      "i_deg": 7.003390056201217,
      "raan_deg": 48.29818030275366,
      "argp_deg": 29.20101400551836,
      "M_deg": 341.803702758556
    },
    "Vênus": {
      "id": 299,
      "radius": 6052,
      "orbit_km": 108208736.62005286,
      "period_days": 224.7001006860589,
      "eccentricity": 0.006786241335141931,
      "perihelion_arg_deg": 54.91892657720741,
      "a_AU": 0.7233307273273434,
      "i_deg": 3.394384979325717,
      "raan_deg": 76.60695382128011,
      "argp_deg": 54.91892657720741,
      "M_deg": 217.1811053140476
    },
    "Terra": {
      "id": 399,
      "radius": 6371,
      "orbit_km": 149715998.24397147,
      "period_days": 365.6890633706994,
      "eccentricity": 0.01734301308560081,
      "perihelion_arg_deg": 270.3494421577468,
      "a_AU": 1.000789633859217,
      "i_deg": 0.002080572199189583,
      "raan_deg": 193.8924157553231,
      "argp_deg": 270.3494421577468,
      "M_deg": 40.38963545500546
    },
    "Marte": {
      "id": 499,
      "radius": 3390,
      "orbit_km": 227940388.8760511,
      "period_days": 686.9769508120403,
      "eccentricity": 0.09347803977922169,
      "perihelion_arg_deg": 286.6223342799187,
      "a_AU": 1.523687388125713,
      "i_deg": 1.847479548118745,
      "raan_deg": 49.48232533723534,
      "argp_deg": 286.6223342799187,
      "M_deg": 339.4044423034243
    },
    "Júpiter": {
      "id": 599,
      "radius": 69911,
      "orbit_km": 778109560.8594573,
      "period_days": 4330.761304086316,
      "eccentricity": 0.04827817596767385,
      "perihelion_arg_deg": 273.2776273086962,
      "a_AU": 5.201341150235083,
      "i_deg": 1.303885225195697,
      "raan_deg": 100.5209373568183,
      "argp_deg": 273.2776273086962,
      "M_deg": 93.38631861780655
    },
    "Saturno": {
      "id": 699,
      "radius": 58232,
      "orbit_km": 1427880527.9713175,
      "period_days": 10769.264917186,
      "eccentricity": 0.05547865826932066,
      "perihelion_arg_deg": 338.2958824847158,
      "a_AU": 9.544791789414939,
      "i_deg": 2.487696165237746,
      "raan_deg": 113.6189145889974,
      "argp_deg": 338.2958824847158,
      "M_deg": 277.5168197667107
    },
    "Urano": {
      "id": 799,
      "radius": 25362,
      "orbit_km": 2884201296.5754266,
      "period_days": 30919.97829834728,
      "eccentricity": 0.04695667790684329,
      "perihelion_arg_deg": 91.57055137067402,
      "a_AU": 19.27969484511805,
      "i_deg": 0.7729637321162659,
      "raan_deg": 74.01309990344316,
      "argp_deg": 91.57055137067402,
      "M_deg": 259.6989131181346
    },
    "Netuno": {
      "id": 899,
      "radius": 24622,
      "orbit_km": 4504704218.092389,
      "period_days": 60352.95593630273,
      "eccentricity": 0.01092583002494647,
      "perihelion_arg_deg": 275.9167065771306,
      "a_AU": 30.11208780588873,
      "i_deg": 1.771752014866108,
      "raan_deg": 131.8452541555995,
      "argp_deg": 275.9167065771306,
      "M_deg": 314.4221246880779
    }
  },
  "moons": {
    "Lua": {
      "id": 301,
      "planet": "Terra",
      "radius": 1737,
      "eccentricity": 0.05134443699416221,
      "orbit_km": 385441.05922059383,
      "period_days": 27.39552195471678
    },
    "Io": {
      "id": 501,
      "planet": "Júpiter",
      "radius": 1821,
      "eccentricity": 0.004409644894629179,
      "orbit_km": 422032.55294352956,
      "period_days": 1.771371338638624
    },
    "Europa": {
      "id": 502,
      "planet": "Júpiter",
      "radius": 1560,
      "eccentricity": 0.009225312346328859,
      "orbit_km": 671320.8416869657,
      "period_days": 3.553780567840452
    },
    "Ganymede": {
      "id": 503,
      "planet": "Júpiter",
      "radius": 2634,
      "eccentricity": 0.001252601637423284,
      "orbit_km": 1070791.9207896106,
      "period_days": 7.158822316090025
    },
    "Callisto": {
      "id": 504,
      "planet": "Júpiter",
      "radius": 2410,
      "eccentricity": 0.007172985846902082,
      "orbit_km": 1882465.3009220543,
      "period_days": 16.68703075797495
    },
    "Titan": {
      "id": 606,
      "planet": "Saturno",
      "radius": 2575,
      "eccentricity": 0.02876448290528939,
      "orbit_km": 1221946.7484535624,
      "period_days": 15.94758139732756
    }
  }
}