{
  "generated_at": "2026-05-16T06:00:18.454204+00:00",
  "source": "JPL Horizons",
  "planets": {
    "Mercúrio": {
      "id": 199,
      "radius": 2440,
      "orbit_km": 57909068.98033351,
      "period_days": 87.96909960476279,
      "eccentricity": 0.205633288454996,
      "perihelion_arg_deg": 29.20193450403924,
      "a_AU": 0.3870982167684925,
      "i_deg": 7.003386523562513,
      "raan_deg": 48.2978968596857,
      "argp_deg": 29.20193450403924,
      "M_deg": 350.113148956877
    },
    "Vênus": {
      "id": 299,
      "radius": 6052,
      "orbit_km": 108208830.98429345,
      "period_days": 224.7003946132359,
      "eccentricity": 0.006790602283700146,
      "perihelion_arg_deg": 54.87436359131746,
      "a_AU": 0.7233313581133308,
      "i_deg": 3.394374250186842,
      "raan_deg": 76.60676742985441,
      "argp_deg": 54.87436359131746,
      "M_deg": 1.417947050271758
    },
    "Terra": {
      "id": 399,
      "radius": 6371,
      "orbit_km": 149735573.74441594,
      "period_days": 365.7607869723649,
      "eccentricity": 0.0161287400090535,
      "perihelion_arg_deg": 302.5170256722869,
      "a_AU": 1.0009204879974,
      "i_deg": 0.00301234676040885,
      "raan_deg": 163.0228387554583,
      "argp_deg": 302.5170256722869,
      "M_deg": 127.8098525395412
    },
    "Marte": {
      "id": 499,
      "radius": 3390,
      "orbit_km": 227930161.41444436,
      "period_days": 686.9307153580442,
      "eccentricity": 0.09343826236518576,
      "perihelion_arg_deg": 286.6141893289224,
      "a_AU": 1.523619021767563,
      "i_deg": 1.84749154219281,
      "raan_deg": 49.48111985531558,
      "argp_deg": 286.6141893289224,
      "M_deg": 26.5771546333538
    },
    "Júpiter": {
      "id": 599,
      "radius": 69911,
      "orbit_km": 778300573.0437157,
      "period_days": 4332.356090315437,
      "eccentricity": 0.04823113230057996,
      "perihelion_arg_deg": 273.565847775422,
      "a_AU": 5.202617987822174,
      "i_deg": 1.303561944082051,
      "raan_deg": 100.5175697673554,
      "argp_deg": 273.565847775422,
      "M_deg": 100.5822021936455
    },
    "Saturno": {
      "id": 699,
      "radius": 58232,
      "orbit_km": 1427653609.3771813,
      "period_days": 10766.69784384077,
      "eccentricity": 0.05522148564628969,
      "perihelion_arg_deg": 338.3404122340507,
      "a_AU": 9.543274932302772,
      "i_deg": 2.488824836444604,
      "raan_deg": 113.6992066367703,
      "argp_deg": 338.3404122340507,
      "M_deg": 280.3727447764454
    },
    "Urano": {
      "id": 799,
      "radius": 25362,
      "orbit_km": 2883355948.0754905,
      "period_days": 30906.38550129046,
      "eccentricity": 0.04722319334177346,
      "perihelion_arg_deg": 91.85832911454138,
      "a_AU": 19.27404403942155,
      "i_deg": 0.7717674825375305,
      "raan_deg": 74.03362717589671,
      "argp_deg": 91.85832911454138,
      "M_deg": 260.462017319563
    },
    "Netuno": {
      "id": 899,
      "radius": 24622,
      "orbit_km": 4500117504.787908,
      "period_days": 60260.80186293717,
      "eccentricity": 0.01030904752430302,
      "perihelion_arg_deg": 280.1611802863456,
      "a_AU": 30.08142752120006,
      "i_deg": 1.774533379188171,
      "raan_deg": 131.9528541685486,
      "argp_deg": 280.1611802863456,
      "M_deg": 310.6165623157988
    }
  },
  "moons": {
    "Lua": {
      "id": 301,
      "planet": "Terra",
      "radius": 1737,
      "eccentricity": 0.07290405287802258,
      "orbit_km": 385926.72956327215,
      "period_days": 27.4473173561114
    },
    "Io": {
      "id": 501,
      "planet": "Júpiter",
      "radius": 1821,
      "eccentricity": 0.004615825221311477,
      "orbit_km": 422035.3898481364,
      "period_days": 1.77138919941709
    },
    "Europa": {
      "id": 502,
      "planet": "Júpiter",
      "radius": 1560,
      "eccentricity": 0.009783393548687371,
      "orbit_km": 671246.888061168,
      "period_days": 3.553193349992113
    },
    "Ganymede": {
      "id": 503,
      "planet": "Júpiter",
      "radius": 2634,
      "eccentricity": 0.001738391935754654,
      "orbit_km": 1070525.9531635826,
      "period_days": 7.156155275879447
    },
    "Callisto": {
      "id": 504,
      "planet": "Júpiter",
      "radius": 2410,
      "eccentricity": 0.007209715107274865,
      "orbit_km": 1882734.3342320982,
      "period_days": 16.69060813667635
    },
    "Titan": {
      "id": 606,
      "planet": "Saturno",
      "radius": 2575,
      "eccentricity": 0.02868039086198148,
      "orbit_km": 1221941.1632055629,
      "period_days": 15.94747205815779
    }
  }
}