{
  "generated_at": "2026-04-14T05:29:02.531553+00:00",
  "source": "JPL Horizons",
  "planets": {
    "Mercúrio": {
      "id": 199,
      "radius": 2440,
      "orbit_km": 57909172.407972455,
      "period_days": 87.96933527873828,
      "eccentricity": 0.205633998484687,
      "perihelion_arg_deg": 29.20125281343275,
      "a_AU": 0.3870989081395559,
      "i_deg": 7.00338673788546,
      "raan_deg": 48.29800526831639,
      "argp_deg": 29.20125281343275,
      "M_deg": 219.1589243482532
    },
    "Vênus": {
      "id": 299,
      "radius": 6052,
      "orbit_km": 108208580.27865899,
      "period_days": 224.699613711781,
      "eccentricity": 0.006790600489670564,
      "perihelion_arg_deg": 54.92348873393674,
      "a_AU": 0.7233296822496752,
      "i_deg": 3.394384508606629,
      "raan_deg": 76.60688232206059,
      "argp_deg": 54.92348873393674,
      "M_deg": 310.100951805748
    },
    "Terra": {
      "id": 399,
      "radius": 6371,
      "orbit_km": 149696651.8066814,
      "period_days": 365.6181836511852,
      "eccentricity": 0.01681730743668331,
      "perihelion_arg_deg": 324.4330114657868,
      "a_AU": 1.000660310913646,
      "i_deg": 0.001880719558172778,
      "raan_deg": 140.8339964606412,
      "argp_deg": 324.4330114657868,
      "M_deg": 96.52007033097863
    },
    "Marte": {
      "id": 499,
      "radius": 3390,
      "orbit_km": 227934323.6179494,
      "period_days": 686.9495313747528,
      "eccentricity": 0.09345320643164393,
      "perihelion_arg_deg": 286.618711005827,
      "a_AU": 1.523646844379513,
      "i_deg": 1.847484897054893,
      "raan_deg": 49.48139508728547,
      "argp_deg": 286.618711005827,
      "M_deg": 9.802562485673757
    },
    "Júpiter": {
      "id": 599,
      "radius": 69911,
      "orbit_km": 778148240.2209466,
      "period_days": 4331.084227435674,
      "eccentricity": 0.04827815343548539,
      "perihelion_arg_deg": 273.3352348574078,
      "a_AU": 5.201599705796792,
      "i_deg": 1.303840309672108,
      "raan_deg": 100.5214112551146,
      "argp_deg": 273.3352348574078,
      "M_deg": 98.14896912061704
    },
    "Saturno": {
      "id": 699,
      "radius": 58232,
      "orbit_km": 1427816232.08038,
      "period_days": 10768.53753312874,
      "eccentricity": 0.05523882325234281,
      "perihelion_arg_deg": 338.226512115746,
      "a_AU": 9.544361997930363,
      "i_deg": 2.488884414307977,
      "raan_deg": 113.6991510049265,
      "argp_deg": 338.226512115746,
      "M_deg": 279.417590008442
    },
    "Urano": {
      "id": 799,
      "radius": 25362,
      "orbit_km": 2883809393.8389277,
      "period_days": 30913.67644323075,
      "eccentricity": 0.04712640130703603,
      "perihelion_arg_deg": 91.6983284145392,
      "a_AU": 19.27707513713247,
      "i_deg": 0.7726747154496426,
      "raan_deg": 74.01827501113125,
      "argp_deg": 91.6983284145392,
      "M_deg": 260.2575126468332
    },
    "Netuno": {
      "id": 899,
      "radius": 24622,
      "orbit_km": 4503430565.6275015,
      "period_days": 60327.36160634788,
      "eccentricity": 0.0107502143612926,
      "perihelion_arg_deg": 277.2189917480906,
      "a_AU": 30.1035739650237,
      "i_deg": 1.768059210743387,
      "raan_deg": 131.7040072758454,
      "argp_deg": 277.2189917480906,
      "M_deg": 313.6097048423752
    }
  },
  "moons": {
    "Lua": {
      "id": 301,
      "planet": "Terra",
      "radius": 1737,
      "eccentricity": 0.06617634733203634,
      "orbit_km": 383280.8660827377,
      "period_days": 27.16553884097231
    },
    "Io": {
      "id": 501,
      "planet": "Júpiter",
      "radius": 1821,
      "eccentricity": 0.004051504461157269,
      "orbit_km": 422024.35835982364,
      "period_days": 1.771319746954008
    },
    "Europa": {
      "id": 502,
      "planet": "Júpiter",
      "radius": 1560,
      "eccentricity": 0.009668524146445772,
      "orbit_km": 671201.9028628768,
      "period_days": 3.552836167488483
    },
    "Ganymede": {
      "id": 503,
      "planet": "Júpiter",
      "radius": 2634,
      "eccentricity": 0.001137604698222569,
      "orbit_km": 1070604.6116148217,
      "period_days": 7.156944003741016
    },
    "Callisto": {
      "id": 504,
      "planet": "Júpiter",
      "radius": 2410,
      "eccentricity": 0.007128995653661429,
      "orbit_km": 1883406.3642221186,
      "period_days": 16.69954534296069
    },
    "Titan": {
      "id": 606,
      "planet": "Saturno",
      "radius": 2575,
      "eccentricity": 0.02867092084075633,
      "orbit_km": 1221960.6573510782,
      "period_days": 15.94785368485575
    }
  }
}