{
  "generated_at": "2026-04-11T05:00:18.559111+00:00",
  "source": "JPL Horizons",
  "planets": {
    "Mercúrio": {
      "id": 199,
      "radius": 2440,
      "orbit_km": 57909171.33418473,
      "period_days": 87.96933283196549,
      "eccentricity": 0.2056341240880318,
      "perihelion_arg_deg": 29.20119687163382,
      "a_AU": 0.3870989009617283,
      "i_deg": 7.003388129355895,
      "raan_deg": 48.29801975211053,
      "argp_deg": 29.20119687163382,
      "M_deg": 206.8819856443602
    },
    "Vênus": {
      "id": 299,
      "radius": 6052,
      "orbit_km": 108208516.83162989,
      "period_days": 224.6994160862211,
      "eccentricity": 0.006790415727651281,
      "perihelion_arg_deg": 54.9285125611726,
      "a_AU": 0.7233292581324815,
      "i_deg": 3.39438518162395,
      "raan_deg": 76.60688273219212,
      "argp_deg": 54.9285125611726,
      "M_deg": 305.2895330975047
    },
    "Terra": {
      "id": 399,
      "radius": 6371,
      "orbit_km": 149623198.65428844,
      "period_days": 365.3491143717537,
      "eccentricity": 0.01700248605090102,
      "perihelion_arg_deg": 311.9142681028952,
      "a_AU": 1.00016930691707,
      "i_deg": 0.002145205344651833,
      "raan_deg": 151.7448883062883,
      "argp_deg": 311.9142681028952,
      "M_deg": 95.15850223549866
    },
    "Marte": {
      "id": 499,
      "radius": 3390,
      "orbit_km": 227934705.33434072,
      "period_days": 686.951257003446,
      "eccentricity": 0.09345464928083916,
      "perihelion_arg_deg": 286.6190395437644,
      "a_AU": 1.523649395995987,
      "i_deg": 1.847484182493069,
      "raan_deg": 49.48143761763809,
      "argp_deg": 286.6190395437644,
      "M_deg": 8.230061997528264
    },
    "Júpiter": {
      "id": 599,
      "radius": 69911,
      "orbit_km": 778286377.3570427,
      "period_days": 4332.237561899854,
      "eccentricity": 0.048233183790076,
      "perihelion_arg_deg": 273.5453531735769,
      "a_AU": 5.202523095517848,
      "i_deg": 1.303582700570901,
      "raan_deg": 100.5179919936727,
      "argp_deg": 273.5453531735769,
      "M_deg": 97.69409015308297
    },
    "Saturno": {
      "id": 699,
      "radius": 58232,
      "orbit_km": 1427447324.2909088,
      "period_days": 10764.36436923531,
      "eccentricity": 0.05517509868140352,
      "perihelion_arg_deg": 338.5586959276019,
      "a_AU": 9.54189600167156,
      "i_deg": 2.487802308066699,
      "raan_deg": 113.6254208112659,
      "argp_deg": 338.5586959276019,
      "M_deg": 279.054133636912
    },
    "Urano": {
      "id": 799,
      "radius": 25362,
      "orbit_km": 2883751655.353313,
      "period_days": 30912.74803586154,
      "eccentricity": 0.04712293830681555,
      "perihelion_arg_deg": 91.70581803129745,
      "a_AU": 19.27668917919507,
      "i_deg": 0.7716441374312782,
      "raan_deg": 74.03640651737614,
      "argp_deg": 91.70581803129745,
      "M_deg": 260.1960164910821
    },
    "Netuno": {
      "id": 899,
      "radius": 24622,
      "orbit_km": 4501080769.351167,
      "period_days": 60280.15142473436,
      "eccentricity": 0.01050847170468639,
      "perihelion_arg_deg": 279.6005252236841,
      "a_AU": 30.08786654709496,
      "i_deg": 1.773547882626807,
      "raan_deg": 131.9142329162136,
      "argp_deg": 279.6005252236841,
      "M_deg": 311.0160698950386
    }
  },
  "moons": {
    "Lua": {
      "id": 301,
      "planet": "Terra",
      "radius": 1737,
      "eccentricity": 0.06744694422282603,
      "orbit_km": 380011.5702144985,
      "period_days": 26.81870756843263
    },
    "Io": {
      "id": 501,
      "planet": "Júpiter",
      "radius": 1821,
      "eccentricity": 0.004744025100813316,
      "orbit_km": 422037.4831820978,
      "period_days": 1.771402378811014
    },
    "Europa": {
      "id": 502,
      "planet": "Júpiter",
      "radius": 1560,
      "eccentricity": 0.009803873750600234,
      "orbit_km": 671255.8053605993,
      "period_days": 3.553264154776836
    },
    "Ganymede": {
      "id": 503,
      "planet": "Júpiter",
      "radius": 2634,
      "eccentricity": 0.001303541585449709,
      "orbit_km": 1070458.3851919526,
      "period_days": 7.155477778152036
    },
    "Callisto": {
      "id": 504,
      "planet": "Júpiter",
      "radius": 2410,
      "eccentricity": 0.007249234106511029,
      "orbit_km": 1883007.613327159,
      "period_days": 16.69424223394259
    },
    "Titan": {
      "id": 606,
      "planet": "Saturno",
      "radius": 2575,
      "eccentricity": 0.02874633307006131,
      "orbit_km": 1221940.201688618,
      "period_days": 15.94745323512188
    }
  }
}