{
  "generated_at": "2026-02-27T04:50:02.271242+00:00",
  "source": "JPL Horizons",
  "planets": {
    "Mercúrio": {
      "id": 199,
      "radius": 2440,
      "orbit_km": 57909150.023048975,
      "period_days": 87.96928427162058,
      "eccentricity": 0.2056330153898751,
      "perihelion_arg_deg": 29.20105635707014,
      "a_AU": 0.3870987585055847,
      "i_deg": 7.003387135838489,
      "raan_deg": 48.29815284932285,
      "argp_deg": 29.20105635707014,
      "M_deg": 30.91176936609514
    },
    "Vênus": {
      "id": 299,
      "radius": 6052,
      "orbit_km": 108208426.69856188,
      "period_days": 224.6991353387699,
      "eccentricity": 0.006788141099807386,
      "perihelion_arg_deg": 54.93718335004881,
      "a_AU": 0.7233286556301358,
      "i_deg": 3.394385418752828,
      "raan_deg": 76.60691231648241,
      "argp_deg": 54.93718335004881,
      "M_deg": 236.3885436382428
    },
    "Terra": {
      "id": 399,
      "radius": 6371,
      "orbit_km": 149521737.5650841,
      "period_days": 364.9775566734824,
      "eccentricity": 0.01611837785501098,
      "perihelion_arg_deg": 290.1290520027583,
      "a_AU": 0.9994910814267634,
      "i_deg": 0.004616349626127652,
      "raan_deg": 172.1564090596616,
      "argp_deg": 290.1290520027583,
      "M_deg": 54.23325159968472
    },
    "Marte": {
      "id": 499,
      "radius": 3390,
      "orbit_km": 227939364.85789028,
      "period_days": 686.9723214695588,
      "eccentricity": 0.09347351168235157,
      "perihelion_arg_deg": 286.6220599621984,
      "a_AU": 1.523680542987102,
      "i_deg": 1.847479035990426,
      "raan_deg": 49.48212774125241,
      "argp_deg": 286.6220599621984,
      "M_deg": 345.6931140594244
    },
    "Júpiter": {
      "id": 599,
      "radius": 69911,
      "orbit_km": 778393378.1559572,
      "period_days": 4333.131003233161,
      "eccentricity": 0.04818264861698737,
      "perihelion_arg_deg": 273.7104768872652,
      "a_AU": 5.203238351680344,
      "i_deg": 1.303300376736106,
      "raan_deg": 100.5151302730388,
      "argp_deg": 273.7104768872652,
      "M_deg": 93.96232648314289
    },
    "Saturno": {
      "id": 699,
      "radius": 58232,
      "orbit_km": 1428142351.5446472,
      "period_days": 10772.22711530396,
      "eccentricity": 0.05535191565124267,
      "perihelion_arg_deg": 338.0019908860875,
      "a_AU": 9.546541971901524,
      "i_deg": 2.489080829527638,
      "raan_deg": 113.7057041413673,
      "argp_deg": 338.0019908860875,
      "M_deg": 278.1090483746357
    },
    "Urano": {
      "id": 799,
      "radius": 25362,
      "orbit_km": 2884234493.9920135,
      "period_days": 30920.51213748429,
      "eccentricity": 0.04699207406725283,
      "perihelion_arg_deg": 91.52729399712965,
      "a_AU": 19.27991675614146,
      "i_deg": 0.771812395881707,
      "raan_deg": 74.03420301029382,
      "argp_deg": 91.52729399712965,
      "M_deg": 259.8652540195602
    },
    "Netuno": {
      "id": 899,
      "radius": 24622,
      "orbit_km": 4504058337.545504,
      "period_days": 60339.97637060623,
      "eccentricity": 0.01081990245263191,
      "perihelion_arg_deg": 276.3725453344516,
      "a_AU": 30.1077703611025,
      "i_deg": 1.772965895865548,
      "raan_deg": 131.8912931484166,
      "argp_deg": 276.3725453344516,
      "M_deg": 313.9906057194279
    }
  },
  "moons": {
    "Lua": {
      "id": 301,
      "planet": "Terra",
      "radius": 1737,
      "eccentricity": 0.03073280278827971,
      "orbit_km": 382025.97319891956,
      "period_days": 27.03223481024409
    },
    "Io": {
      "id": 501,
      "planet": "Júpiter",
      "radius": 1821,
      "eccentricity": 0.003717121552925726,
      "orbit_km": 422020.96275471325,
      "period_days": 1.771298368957097
    },
    "Europa": {
      "id": 502,
      "planet": "Júpiter",
      "radius": 1560,
      "eccentricity": 0.009675426427426,
      "orbit_km": 671231.1053283853,
      "period_days": 3.553068033720581
    },
    "Ganymede": {
      "id": 503,
      "planet": "Júpiter",
      "radius": 2634,
      "eccentricity": 0.001550091071567545,
      "orbit_km": 1070713.293873592,
      "period_days": 7.158033835465783
    },
    "Callisto": {
      "id": 504,
      "planet": "Júpiter",
      "radius": 2410,
      "eccentricity": 0.007289179920550532,
      "orbit_km": 1882847.3985947846,
      "period_days": 16.69211164776846
    },
    "Titan": {
      "id": 606,
      "planet": "Saturno",
      "radius": 2575,
      "eccentricity": 0.02866633300254232,
      "orbit_km": 1221963.0098101175,
      "period_days": 15.94789973792266
    }
  }
}