{
  "generated_at": "2026-03-27T05:12:45.454228+00:00",
  "source": "JPL Horizons",
  "planets": {
    "Mercúrio": {
      "id": 199,
      "radius": 2440,
      "orbit_km": 57909146.95813197,
      "period_days": 87.96927728778768,
      "eccentricity": 0.2056346345014746,
      "perihelion_arg_deg": 29.20100097651218,
      "a_AU": 0.3870987380178799,
      "i_deg": 7.003394697748629,
      "raan_deg": 48.29805122269104,
      "argp_deg": 29.20100097651218,
      "M_deg": 145.4971819355569
    },
    "Vênus": {
      "id": 299,
      "radius": 6052,
      "orbit_km": 108208258.55791824,
      "period_days": 224.6986116127942,
      "eccentricity": 0.006789688695345856,
      "perihelion_arg_deg": 54.94796806539917,
      "a_AU": 0.7233275316793546,
      "i_deg": 3.394386873081647,
      "raan_deg": 76.60687805590875,
      "argp_deg": 54.94796806539917,
      "M_deg": 281.2379612931485
    },
    "Terra": {
      "id": 399,
      "radius": 6371,
      "orbit_km": 149561263.89150897,
      "period_days": 365.1222898972418,
      "eccentricity": 0.01625740976775726,
      "perihelion_arg_deg": 282.9510817944351,
      "a_AU": 0.9997552985993736,
      "i_deg": 0.004891294875697744,
      "raan_deg": 179.4215572628013,
      "argp_deg": 282.9510817944351,
      "M_deg": 81.74924403547496
    },
    "Marte": {
      "id": 499,
      "radius": 3390,
      "orbit_km": 227936537.43470296,
      "period_days": 686.9595394159948,
      "eccentricity": 0.0934617585843188,
      "perihelion_arg_deg": 286.6204235558149,
      "a_AU": 1.523661642830475,
      "i_deg": 1.847481226182851,
      "raan_deg": 49.48166803127994,
      "argp_deg": 286.6204235558149,
      "M_deg": 0.3678917327492243
    },
    "Júpiter": {
      "id": 599,
      "radius": 69911,
      "orbit_km": 778424820.1833341,
      "period_days": 4333.393551328903,
      "eccentricity": 0.04820328355691283,
      "perihelion_arg_deg": 273.7593038604513,
      "a_AU": 5.203448528651646,
      "i_deg": 1.30330502426745,
      "raan_deg": 100.5146282705928,
      "argp_deg": 273.7593038604513,
      "M_deg": 96.23695953844951
    },
    "Saturno": {
      "id": 699,
      "radius": 58232,
      "orbit_km": 1427670293.3907597,
      "period_days": 10766.8865789688,
      "eccentricity": 0.05518848835146414,
      "perihelion_arg_deg": 338.368193102238,
      "a_AU": 9.543386458045086,
      "i_deg": 2.488271950768485,
      "raan_deg": 113.6566705591014,
      "argp_deg": 338.368193102238,
      "M_deg": 278.7118252155803
    },
    "Urano": {
      "id": 799,
      "radius": 25362,
      "orbit_km": 2883906142.888357,
      "period_days": 30915.23214273452,
      "eccentricity": 0.04707278047327564,
      "perihelion_arg_deg": 91.690752228812,
      "a_AU": 19.27772186458238,
      "i_deg": 0.7739649319376688,
      "raan_deg": 73.99537609027246,
      "argp_deg": 91.690752228812,
      "M_deg": 260.0729991518596
    },
    "Netuno": {
      "id": 899,
      "radius": 24622,
      "orbit_km": 4503903363.955669,
      "period_days": 60336.86217171813,
      "eccentricity": 0.0108741264059431,
      "perihelion_arg_deg": 277.1353108401075,
      "a_AU": 30.1067344266396,
      "i_deg": 1.766679390434773,
      "raan_deg": 131.6513551409058,
      "argp_deg": 277.1353108401075,
      "M_deg": 313.6469366180589
    }
  },
  "moons": {
    "Lua": {
      "id": 301,
      "planet": "Terra",
      "radius": 1737,
      "eccentricity": 0.03396692313222535,
      "orbit_km": 380624.9124939751,
      "period_days": 26.88366223284685
    },
    "Io": {
      "id": 501,
      "planet": "Júpiter",
      "radius": 1821,
      "eccentricity": 0.003488510318033351,
      "orbit_km": 422019.148047963,
      "period_days": 1.771286943990323
    },
    "Europa": {
      "id": 502,
      "planet": "Júpiter",
      "radius": 1560,
      "eccentricity": 0.009628428424538172,
      "orbit_km": 671255.6617384655,
      "period_days": 3.553263014390378
    },
    "Ganymede": {
      "id": 503,
      "planet": "Júpiter",
      "radius": 2634,
      "eccentricity": 0.001881966689237986,
      "orbit_km": 1070847.5133896985,
      "period_days": 7.159379823160947
    },
    "Callisto": {
      "id": 504,
      "planet": "Júpiter",
      "radius": 2410,
      "eccentricity": 0.007314031870123161,
      "orbit_km": 1882177.6349396748,
      "period_days": 16.68320590045827
    },
    "Titan": {
      "id": 606,
      "planet": "Saturno",
      "radius": 2575,
      "eccentricity": 0.02871223338147571,
      "orbit_km": 1221944.1377975813,
      "period_days": 15.94753028999423
    }
  }
}