{
  "generated_at": "2026-07-15T05:37:11.497072+00:00",
  "source": "JPL Horizons",
  "planets": {
    "Mercúrio": {
      "id": 199,
      "radius": 2440,
      "orbit_km": 57909058.90039412,
      "period_days": 87.969076636258,
      "eccentricity": 0.2056369371722792,
      "perihelion_arg_deg": 29.20153541828616,
      "a_AU": 0.3870981493882595,
      "i_deg": 7.003373036956798,
      "raan_deg": 48.29756083138214,
      "argp_deg": 29.20153541828616,
      "M_deg": 235.6540929563636
    },
    "Vênus": {
      "id": 299,
      "radius": 6052,
      "orbit_km": 108207926.12215616,
      "period_days": 224.6975761401166,
      "eccentricity": 0.006780924440048102,
      "perihelion_arg_deg": 54.83749978867245,
      "a_AU": 0.7233253094835405,
      "i_deg": 3.394371445639135,
      "raan_deg": 76.60655239720009,
      "argp_deg": 54.83749978867245,
      "M_deg": 97.5840985792639
    },
    "Terra": {
      "id": 399,
      "radius": 6371,
      "orbit_km": 149738332.69335318,
      "period_days": 365.7708959927964,
      "eccentricity": 0.01575154674263091,
      "perihelion_arg_deg": 252.7958268260311,
      "a_AU": 1.000938930431937,
      "i_deg": 0.003006628999800918,
      "raan_deg": 209.5058405515861,
      "argp_deg": 252.7958268260311,
      "M_deg": 190.1974545477594
    },
    "Marte": {
      "id": 499,
      "radius": 3390,
      "orbit_km": 227926528.91934797,
      "period_days": 686.9142941273178,
      "eccentricity": 0.09342607761785895,
      "perihelion_arg_deg": 286.6085857414466,
      "a_AU": 1.52359474003762,
      "i_deg": 1.847483722262886,
      "raan_deg": 49.48120730994771,
      "argp_deg": 286.6085857414466,
      "M_deg": 58.02752632875067
    },
    "Júpiter": {
      "id": 599,
      "radius": 69911,
      "orbit_km": 778251327.2841169,
      "period_days": 4331.944912168414,
      "eccentricity": 0.04817104537844617,
      "perihelion_arg_deg": 273.4645808089184,
      "a_AU": 5.202288800251734,
      "i_deg": 1.303566452713357,
      "raan_deg": 100.517499283596,
      "argp_deg": 273.4645808089184,
      "M_deg": 105.6790300172802
    },
    "Saturno": {
      "id": 699,
      "radius": 58232,
      "orbit_km": 1426918971.0955055,
      "period_days": 10758.38846395854,
      "eccentricity": 0.05509253842301282,
      "perihelion_arg_deg": 338.9440442581383,
      "a_AU": 9.538364178705557,
      "i_deg": 2.487571573609088,
      "raan_deg": 113.6044998196062,
      "argp_deg": 338.9440442581383,
      "M_deg": 281.8630779724615
    },
    "Urano": {
      "id": 799,
      "radius": 25362,
      "orbit_km": 2882414839.2903385,
      "period_days": 30891.25526871717,
      "eccentricity": 0.04737060376106132,
      "perihelion_arg_deg": 92.22626971696381,
      "a_AU": 19.26775311575567,
      "i_deg": 0.7712931935712308,
      "raan_deg": 74.04012513680527,
      "argp_deg": 92.22626971696381,
      "M_deg": 260.7954152752118
    },
    "Netuno": {
      "id": 899,
      "radius": 24622,
      "orbit_km": 4499299978.328428,
      "period_days": 60244.38143827538,
      "eccentricity": 0.01020940633011405,
      "perihelion_arg_deg": 281.2289464167383,
      "a_AU": 30.07596269435691,
      "i_deg": 1.769010694038023,
      "raan_deg": 131.7392305834087,
      "argp_deg": 281.2289464167383,
      "M_deg": 310.1232761140783
    }
  },
  "moons": {
    "Lua": {
      "id": 301,
      "planet": "Terra",
      "radius": 1737,
      "eccentricity": 0.07058944846509364,
      "orbit_km": 386055.07334717765,
      "period_days": 27.46101031318618
    },
    "Io": {
      "id": 501,
      "planet": "Júpiter",
      "radius": 1821,
      "eccentricity": 0.004716473625364059,
      "orbit_km": 422038.8132805375,
      "period_days": 1.771410752977375
    },
    "Europa": {
      "id": 502,
      "planet": "Júpiter",
      "radius": 1560,
      "eccentricity": 0.009526208757963108,
      "orbit_km": 671153.8723238428,
      "period_days": 3.552454818189555
    },
    "Ganymede": {
      "id": 503,
      "planet": "Júpiter",
      "radius": 2634,
      "eccentricity": 0.001961635740517525,
      "orbit_km": 1070669.0007185328,
      "period_days": 7.157589670871804
    },
    "Callisto": {
      "id": 504,
      "planet": "Júpiter",
      "radius": 2410,
      "eccentricity": 0.007516985180620472,
      "orbit_km": 1883225.970030368,
      "period_days": 16.69714615638109
    },
    "Titan": {
      "id": 606,
      "planet": "Saturno",
      "radius": 2575,
      "eccentricity": 0.0287601931745195,
      "orbit_km": 1221925.870244353,
      "period_days": 15.94717267797994
    }
  }
}