{
  "generated_at": "2026-06-14T07:26:21.234406+00:00",
  "source": "JPL Horizons",
  "planets": {
    "Mercúrio": {
      "id": 199,
      "radius": 2440,
      "orbit_km": 57909082.430741504,
      "period_days": 87.9691302533392,
      "eccentricity": 0.2056373731450852,
      "perihelion_arg_deg": 29.2014444292644,
      "a_AU": 0.3870983066789166,
      "i_deg": 7.003393367745221,
      "raan_deg": 48.29771257930565,
      "argp_deg": 29.2014444292644,
      "M_deg": 108.791330929668
    },
    "Vênus": {
      "id": 299,
      "radius": 6052,
      "orbit_km": 108208107.37132736,
      "period_days": 224.6981406958007,
      "eccentricity": 0.00678478799269725,
      "perihelion_arg_deg": 54.84207738849707,
      "a_AU": 0.7233265210594162,
      "i_deg": 3.394371495054711,
      "raan_deg": 76.60657653195219,
      "argp_deg": 54.84207738849707,
      "M_deg": 47.91240749075887
    },
    "Terra": {
      "id": 399,
      "radius": 6371,
      "orbit_km": 149734694.91270253,
      "period_days": 365.757566878775,
      "eccentricity": 0.01585631189570606,
      "perihelion_arg_deg": 286.0556274903796,
      "a_AU": 1.000914613370246,
      "i_deg": 0.003324222762500364,
      "raan_deg": 178.4280325590773,
      "argp_deg": 286.0556274903796,
      "M_deg": 157.4440636358304
    },
    "Marte": {
      "id": 499,
      "radius": 3390,
      "orbit_km": 227927126.07960513,
      "period_days": 686.9169936694941,
      "eccentricity": 0.09342891787856336,
      "perihelion_arg_deg": 286.6091862643784,
      "a_AU": 1.523598731807385,
      "i_deg": 1.847488965252296,
      "raan_deg": 49.48116608540677,
      "argp_deg": 286.6091862643784,
      "M_deg": 41.78023713140947
    },
    "Júpiter": {
      "id": 599,
      "radius": 69911,
      "orbit_km": 778440039.8329766,
      "period_days": 4333.520640777256,
      "eccentricity": 0.04819319373458308,
      "perihelion_arg_deg": 273.779316027779,
      "a_AU": 5.203550265725651,
      "i_deg": 1.303324263361079,
      "raan_deg": 100.5132952054487,
      "argp_deg": 273.779316027779,
      "M_deg": 102.7812995922357
    },
    "Saturno": {
      "id": 699,
      "radius": 58232,
      "orbit_km": 1427150890.3588815,
      "period_days": 10761.01143585565,
      "eccentricity": 0.05511036800441806,
      "perihelion_arg_deg": 338.7518056606885,
      "a_AU": 9.539914463226927,
      "i_deg": 2.487904006399887,
      "raan_deg": 113.6322938441676,
      "argp_deg": 338.7518056606885,
      "M_deg": 280.9899427912153
    },
    "Urano": {
      "id": 799,
      "radius": 25362,
      "orbit_km": 2882896300.425564,
      "period_days": 30898.99542447909,
      "eccentricity": 0.04729150242068801,
      "perihelion_arg_deg": 92.10423650793452,
      "a_AU": 19.27097148466007,
      "i_deg": 0.7754942643885968,
      "raan_deg": 73.97139113716196,
      "argp_deg": 92.10423650793452,
      "M_deg": 260.6200050273399
    },
    "Netuno": {
      "id": 899,
      "radius": 24622,
      "orbit_km": 4499589005.62251,
      "period_days": 60250.18652398943,
      "eccentricity": 0.01015084248774932,
      "perihelion_arg_deg": 280.2261347727232,
      "a_AU": 30.07789472248491,
      "i_deg": 1.775430091313966,
      "raan_deg": 131.9883115310724,
      "argp_deg": 280.2261347727232,
      "M_deg": 310.6769641133678
    }
  },
  "moons": {
    "Lua": {
      "id": 301,
      "planet": "Terra",
      "radius": 1737,
      "eccentricity": 0.07400726454143226,
      "orbit_km": 385631.25312872085,
      "period_days": 27.41580172503604
    },
    "Io": {
      "id": 501,
      "planet": "Júpiter",
      "radius": 1821,
      "eccentricity": 0.003853454574915794,
      "orbit_km": 422022.5196734596,
      "period_days": 1.771308170970822
    },
    "Europa": {
      "id": 502,
      "planet": "Júpiter",
      "radius": 1560,
      "eccentricity": 0.009644821376058373,
      "orbit_km": 671226.5615245947,
      "period_days": 3.553031955796263
    },
    "Ganymede": {
      "id": 503,
      "planet": "Júpiter",
      "radius": 2634,
      "eccentricity": 0.001843370429975629,
      "orbit_km": 1070678.2726821944,
      "period_days": 7.157682647863248
    },
    "Callisto": {
      "id": 504,
      "planet": "Júpiter",
      "radius": 2410,
      "eccentricity": 0.007402822271211136,
      "orbit_km": 1883063.8058513585,
      "period_days": 16.69498952136936
    },
    "Titan": {
      "id": 606,
      "planet": "Saturno",
      "radius": 2575,
      "eccentricity": 0.02873753407069892,
      "orbit_km": 1221943.7742933717,
      "period_days": 15.94752317388256
    }
  }
}