{
  "generated_at": "2026-07-12T06:08:01.765737+00:00",
  "source": "JPL Horizons",
  "planets": {
    "Mercúrio": {
      "id": 199,
      "radius": 2440,
      "orbit_km": 57909061.92601757,
      "period_days": 87.9690835305499,
      "eccentricity": 0.2056370846883018,
      "perihelion_arg_deg": 29.20144409609944,
      "a_AU": 0.387098169613303,
      "i_deg": 7.003375223155633,
      "raan_deg": 48.2975968231542,
      "argp_deg": 29.20144409609944,
      "M_deg": 223.3771399661171
    },
    "Vênus": {
      "id": 299,
      "radius": 6052,
      "orbit_km": 108207894.6600741,
      "period_days": 224.6974781419387,
      "eccentricity": 0.006781214019225879,
      "perihelion_arg_deg": 54.83525646808157,
      "a_AU": 0.7233250991725119,
      "i_deg": 3.394371852485177,
      "raan_deg": 76.6065485722765,
      "argp_deg": 54.83525646808157,
      "M_deg": 92.77985425690792
    },
    "Terra": {
      "id": 399,
      "radius": 6371,
      "orbit_km": 149716999.77578002,
      "period_days": 365.6927328166419,
      "eccentricity": 0.01585073619816785,
      "perihelion_arg_deg": 279.0812031201319,
      "a_AU": 1.000796328685847,
      "i_deg": 0.00309318586548132,
      "raan_deg": 184.4099146162887,
      "argp_deg": 279.0812031201319,
      "M_deg": 186.0188805254157
    },
    "Marte": {
      "id": 499,
      "radius": 3390,
      "orbit_km": 227926456.83766198,
      "period_days": 686.9139682727314,
      "eccentricity": 0.09342616403822132,
      "perihelion_arg_deg": 286.6083353329827,
      "a_AU": 1.52359425820131,
      "i_deg": 1.847484358854141,
      "raan_deg": 49.48120502915082,
      "argp_deg": 286.6083353329827,
      "M_deg": 56.45550083028763
    },
    "Júpiter": {
      "id": 599,
      "radius": 69911,
      "orbit_km": 778386941.628892,
      "period_days": 4333.077257418823,
      "eccentricity": 0.04829483620997194,
      "perihelion_arg_deg": 273.724392451853,
      "a_AU": 5.203195326154412,
      "i_deg": 1.303464891579428,
      "raan_deg": 100.5154601423403,
      "argp_deg": 273.724392451853,
      "M_deg": 105.1502953737756
    },
    "Saturno": {
      "id": 699,
      "radius": 58232,
      "orbit_km": 1426808792.094374,
      "period_days": 10757.14243075318,
      "eccentricity": 0.05522035265452173,
      "perihelion_arg_deg": 339.1049663345365,
      "a_AU": 9.537627677573449,
      "i_deg": 2.48694313033106,
      "raan_deg": 113.5521512992658,
      "argp_deg": 339.1049663345365,
      "M_deg": 281.6701357818465
    },
    "Urano": {
      "id": 799,
      "radius": 25362,
      "orbit_km": 2882375767.6758347,
      "period_days": 30890.62716665977,
      "eccentricity": 0.04735642680955403,
      "perihelion_arg_deg": 92.31466100985114,
      "a_AU": 19.26749193814451,
      "i_deg": 0.7755691017562479,
      "raan_deg": 73.97124936073928,
      "argp_deg": 92.31466100985114,
      "M_deg": 260.7389276137918
    },
    "Netuno": {
      "id": 899,
      "radius": 24622,
      "orbit_km": 4500621494.250337,
      "period_days": 60270.92548579651,
      "eccentricity": 0.01018266680579112,
      "perihelion_arg_deg": 278.7857018520258,
      "a_AU": 30.08479648267037,
      "i_deg": 1.772361920849965,
      "raan_deg": 131.8702916774165,
      "argp_deg": 278.7857018520258,
      "M_deg": 312.3846955773697
    }
  },
  "moons": {
    "Lua": {
      "id": 301,
      "planet": "Terra",
      "radius": 1737,
      "eccentricity": 0.06603201437960604,
      "orbit_km": 384325.3038778947,
      "period_days": 27.27665331901908
    },
    "Io": {
      "id": 501,
      "planet": "Júpiter",
      "radius": 1821,
      "eccentricity": 0.004317930444188337,
      "orbit_km": 422029.3255570051,
      "period_days": 1.771351019510329
    },
    "Europa": {
      "id": 502,
      "planet": "Júpiter",
      "radius": 1560,
      "eccentricity": 0.00965503546276958,
      "orbit_km": 671227.7816362953,
      "period_days": 3.553041643503993
    },
    "Ganymede": {
      "id": 503,
      "planet": "Júpiter",
      "radius": 2634,
      "eccentricity": 0.002013409698333113,
      "orbit_km": 1070657.7692940736,
      "period_days": 7.157477045424325
    },
    "Callisto": {
      "id": 504,
      "planet": "Júpiter",
      "radius": 2410,
      "eccentricity": 0.007184541365565614,
      "orbit_km": 1883610.8460395967,
      "period_days": 16.70226502640057
    },
    "Titan": {
      "id": 606,
      "planet": "Saturno",
      "radius": 2575,
      "eccentricity": 0.02882572087024839,
      "orbit_km": 1221972.9826194723,
      "period_days": 15.94809497176394
    }
  }
}