{
  "generated_at": "2026-05-05T05:47:18.192899+00:00",
  "source": "JPL Horizons",
  "planets": {
    "Mercúrio": {
      "id": 199,
      "radius": 2440,
      "orbit_km": 57909084.59008509,
      "period_days": 87.96913517369634,
      "eccentricity": 0.2056333260986888,
      "perihelion_arg_deg": 29.20182975468135,
      "a_AU": 0.3870983211132369,
      "i_deg": 7.003385944231132,
      "raan_deg": 48.29790300546963,
      "argp_deg": 29.20182975468135,
      "M_deg": 305.0974277152122
    },
    "Vênus": {
      "id": 299,
      "radius": 6052,
      "orbit_km": 108208881.25873145,
      "period_days": 224.7005512088751,
      "eccentricity": 0.006791300966060431,
      "perihelion_arg_deg": 54.88890408613219,
      "a_AU": 0.7233316941771917,
      "i_deg": 3.394377875392024,
      "raan_deg": 76.60683469153379,
      "argp_deg": 54.88890408613219,
      "M_deg": 343.7800842380151
    },
    "Terra": {
      "id": 399,
      "radius": 6371,
      "orbit_km": 149494709.36577812,
      "period_days": 364.8785987510897,
      "eccentricity": 0.01719052875753965,
      "perihelion_arg_deg": 295.1000150784961,
      "a_AU": 0.9993104090737445,
      "i_deg": 0.00328948687357173,
      "raan_deg": 166.311146390838,
      "argp_deg": 295.1000150784961,
      "M_deg": 121.0789997968798
    },
    "Marte": {
      "id": 499,
      "radius": 3390,
      "orbit_km": 227931615.6817345,
      "period_days": 686.9372896248534,
      "eccentricity": 0.0934433243196072,
      "perihelion_arg_deg": 286.6159630330168,
      "a_AU": 1.523628742943963,
      "i_deg": 1.847489858131612,
      "raan_deg": 49.48117305127041,
      "argp_deg": 286.6159630330168,
      "M_deg": 20.81062389934303
    },
    "Júpiter": {
      "id": 599,
      "radius": 69911,
      "orbit_km": 778294699.4533904,
      "period_days": 4332.307048008985,
      "eccentricity": 0.04823125866084059,
      "perihelion_arg_deg": 273.5569033519114,
      "a_AU": 5.202578725295924,
      "i_deg": 1.303575123326154,
      "raan_deg": 100.5178007790433,
      "argp_deg": 273.5569033519114,
      "M_deg": 99.67704139079235
    },
    "Saturno": {
      "id": 699,
      "radius": 58232,
      "orbit_km": 1427584136.0328298,
      "period_days": 10765.91195004767,
      "eccentricity": 0.05542675023913276,
      "perihelion_arg_deg": 338.4906660725438,
      "a_AU": 9.542810531679779,
      "i_deg": 2.487985823775849,
      "raan_deg": 113.6374097748808,
      "argp_deg": 338.4906660725438,
      "M_deg": 279.9408154430146
    },
    "Urano": {
      "id": 799,
      "radius": 25362,
      "orbit_km": 2883293667.4555173,
      "period_days": 30905.38413769343,
      "eccentricity": 0.04719387235991759,
      "perihelion_arg_deg": 91.91922529127652,
      "a_AU": 19.27362771919131,
      "i_deg": 0.7734067880817832,
      "raan_deg": 74.00555061723122,
      "argp_deg": 91.91922529127652,
      "M_deg": 260.2970616079054
    },
    "Netuno": {
      "id": 899,
      "radius": 24622,
      "orbit_km": 4500560905.030147,
      "period_days": 60269.70840113812,
      "eccentricity": 0.01045684084666978,
      "perihelion_arg_deg": 280.2743060391031,
      "a_AU": 30.08439146874934,
      "i_deg": 1.771253257967067,
      "raan_deg": 131.8267214847305,
      "argp_deg": 280.2743060391031,
      "M_deg": 310.5765226850777
    }
  },
  "moons": {
    "Lua": {
      "id": 301,
      "planet": "Terra",
      "radius": 1737,
      "eccentricity": 0.05490839079773478,
      "orbit_km": 384714.74360828084,
      "period_days": 27.31812327798188
    },
    "Io": {
      "id": 501,
      "planet": "Júpiter",
      "radius": 1821,
      "eccentricity": 0.003736941846260724,
      "orbit_km": 422021.5774081542,
      "period_days": 1.771302238676128
    },
    "Europa": {
      "id": 502,
      "planet": "Júpiter",
      "radius": 1560,
      "eccentricity": 0.009626779041198859,
      "orbit_km": 671234.8291733166,
      "period_days": 3.553097601240545
    },
    "Ganymede": {
      "id": 503,
      "planet": "Júpiter",
      "radius": 2634,
      "eccentricity": 0.001672441072666505,
      "orbit_km": 1070513.1697844586,
      "period_days": 7.156027096493516
    },
    "Callisto": {
      "id": 504,
      "planet": "Júpiter",
      "radius": 2410,
      "eccentricity": 0.007239878727123433,
      "orbit_km": 1882651.948666506,
      "period_days": 16.68951261555822
    },
    "Titan": {
      "id": 606,
      "planet": "Saturno",
      "radius": 2575,
      "eccentricity": 0.0287480744414854,
      "orbit_km": 1221926.9348752394,
      "period_days": 15.94719351949336
    }
  }
}