{
  "generated_at": "2026-07-07T06:50:56.651290+00:00",
  "source": "JPL Horizons",
  "planets": {
    "Mercúrio": {
      "id": 199,
      "radius": 2440,
      "orbit_km": 57909054.28029771,
      "period_days": 87.96906610874429,
      "eccentricity": 0.2056374341464831,
      "perihelion_arg_deg": 29.20132408852663,
      "a_AU": 0.3870981185048225,
      "i_deg": 7.003380321235959,
      "raan_deg": 48.29765014755835,
      "argp_deg": 29.20132408852663,
      "M_deg": 202.9155203122378
    },
    "Vênus": {
      "id": 299,
      "radius": 6052,
      "orbit_km": 108207863.4361867,
      "period_days": 224.6973808857043,
      "eccentricity": 0.006781694226598726,
      "perihelion_arg_deg": 54.83273382041972,
      "a_AU": 0.7233248904537163,
      "i_deg": 3.394372261066855,
      "raan_deg": 76.606543712954,
      "argp_deg": 54.83273382041972,
      "M_deg": 84.77155378582512
    },
    "Terra": {
      "id": 399,
      "radius": 6371,
      "orbit_km": 149584150.60028344,
      "period_days": 365.2061027139235,
      "eccentricity": 0.01673721516629525,
      "perihelion_arg_deg": 312.6019657377863,
      "a_AU": 0.9999082867981186,
      "i_deg": 0.0043011302264627,
      "raan_deg": 151.7135025975192,
      "argp_deg": 312.6019657377863,
      "M_deg": 180.2473643165541
    },
    "Marte": {
      "id": 499,
      "radius": 3390,
      "orbit_km": 227926399.39102346,
      "period_days": 686.9137085778073,
      "eccentricity": 0.09342636837576362,
      "perihelion_arg_deg": 286.6080748310911,
      "a_AU": 1.52359387419425,
      "i_deg": 1.847485249204087,
      "raan_deg": 49.48120071062028,
      "argp_deg": 286.6080748310911,
      "M_deg": 53.83530658869149
    },
    "Júpiter": {
      "id": 599,
      "radius": 69911,
      "orbit_km": 778227535.8511373,
      "period_days": 4331.746269932103,
      "eccentricity": 0.04831206138844536,
      "perihelion_arg_deg": 273.4703531334454,
      "a_AU": 5.202129764345218,
      "i_deg": 1.303705122934469,
      "raan_deg": 100.5201764394563,
      "argp_deg": 273.4703531334454,
      "M_deg": 104.9899430405137
    },
    "Saturno": {
      "id": 699,
      "radius": 58232,
      "orbit_km": 1427416297.4670258,
      "period_days": 10764.01341174257,
      "eccentricity": 0.0553506439988505,
      "perihelion_arg_deg": 338.5784394564861,
      "a_AU": 9.541688600164186,
      "i_deg": 2.488272946571334,
      "raan_deg": 113.6615045888562,
      "argp_deg": 338.5784394564861,
      "M_deg": 281.9285607964753
    },
    "Urano": {
      "id": 799,
      "radius": 25362,
      "orbit_km": 2882746377.125963,
      "period_days": 30896.58513012344,
      "eccentricity": 0.04734454241423884,
      "perihelion_arg_deg": 92.10754129384989,
      "a_AU": 19.26996930930223,
      "i_deg": 0.7724295729254883,
      "raan_deg": 74.02191592082063,
      "argp_deg": 92.10754129384989,
      "M_deg": 260.8390195211595
    },
    "Netuno": {
      "id": 899,
      "radius": 24622,
      "orbit_km": 4499615234.966413,
      "period_days": 60250.71334716047,
      "eccentricity": 0.01007393893573092,
      "perihelion_arg_deg": 279.8044297787643,
      "a_AU": 30.07807005481939,
      "i_deg": 1.775378671150151,
      "raan_deg": 131.9872252305963,
      "argp_deg": 279.8044297787643,
      "M_deg": 311.224998529666
    }
  },
  "moons": {
    "Lua": {
      "id": 301,
      "planet": "Terra",
      "radius": 1737,
      "eccentricity": 0.05700018543663634,
      "orbit_km": 380398.5495041602,
      "period_days": 26.85968366066451
    },
    "Io": {
      "id": 501,
      "planet": "Júpiter",
      "radius": 1821,
      "eccentricity": 0.00368416658413533,
      "orbit_km": 422021.6395805738,
      "period_days": 1.771302630099774
    },
    "Europa": {
      "id": 502,
      "planet": "Júpiter",
      "radius": 1560,
      "eccentricity": 0.00933225680058767,
      "orbit_km": 671318.5179268172,
      "period_days": 3.553762115873819
    },
    "Ganymede": {
      "id": 503,
      "planet": "Júpiter",
      "radius": 2634,
      "eccentricity": 0.002054149408718594,
      "orbit_km": 1070364.0230153087,
      "period_days": 7.15453165322023
    },
    "Callisto": {
      "id": 504,
      "planet": "Júpiter",
      "radius": 2410,
      "eccentricity": 0.006973842116407286,
      "orbit_km": 1883157.431236538,
      "period_days": 16.69623464188657
    },
    "Titan": {
      "id": 606,
      "planet": "Saturno",
      "radius": 2575,
      "eccentricity": 0.02872342778079357,
      "orbit_km": 1221926.563808729,
      "period_days": 15.94718625539004
    }
  }
}