{
  "generated_at": "2026-07-17T05:45:58.961020+00:00",
  "source": "JPL Horizons",
  "planets": {
    "Mercúrio": {
      "id": 199,
      "radius": 2440,
      "orbit_km": 57909053.49437891,
      "period_days": 87.96906431792219,
      "eccentricity": 0.2056368652040334,
      "perihelion_arg_deg": 29.20160331390865,
      "a_AU": 0.3870981132512798,
      "i_deg": 7.003372049693143,
      "raan_deg": 48.29753706148655,
      "argp_deg": 29.20160331390865,
      "M_deg": 243.838723032146
    },
    "Vênus": {
      "id": 299,
      "radius": 6052,
      "orbit_km": 108207951.84174308,
      "period_days": 224.6976562515658,
      "eccentricity": 0.006780726964868457,
      "perihelion_arg_deg": 54.83926416955536,
      "a_AU": 0.72332548140836,
      "i_deg": 3.394371102455926,
      "raan_deg": 76.60655512120387,
      "argp_deg": 54.83926416955536,
      "M_deg": 100.7866561348957
    },
    "Terra": {
      "id": 399,
      "radius": 6371,
      "orbit_km": 149715363.50797412,
      "period_days": 365.686737809947,
      "eccentricity": 0.01594307140529792,
      "perihelion_arg_deg": 246.910336664473,
      "a_AU": 1.000785390911143,
      "i_deg": 0.003052745691564568,
      "raan_deg": 214.8096029971947,
      "argp_deg": 246.910336664473,
      "M_deg": 192.7705022004189
    },
    "Marte": {
      "id": 499,
      "radius": 3390,
      "orbit_km": 227926594.99060008,
      "period_days": 686.9145928110056,
      "eccentricity": 0.09342603488864899,
      "perihelion_arg_deg": 286.608798729686,
      "a_AU": 1.523595181696661,
      "i_deg": 1.847483347208916,
      "raan_deg": 49.48120834869982,
      "argp_deg": 286.608798729686,
      "M_deg": 59.07549877986137
    },
    "Júpiter": {
      "id": 599,
      "radius": 69911,
      "orbit_km": 778108881.287635,
      "period_days": 4330.755630599851,
      "eccentricity": 0.04830835618347954,
      "perihelion_arg_deg": 273.2748113020083,
      "a_AU": 5.201336607578032,
      "i_deg": 1.303914924851897,
      "raan_deg": 100.5244712024375,
      "argp_deg": 273.2748113020083,
      "M_deg": 106.0188588428972
    },
    "Saturno": {
      "id": 699,
      "radius": 58232,
      "orbit_km": 1427180711.088763,
      "period_days": 10761.34871927863,
      "eccentricity": 0.05508988749594052,
      "perihelion_arg_deg": 338.689313270006,
      "a_AU": 9.540113802493869,
      "i_deg": 2.488308437112924,
      "raan_deg": 113.6659455352259,
      "argp_deg": 338.689313270006,
      "M_deg": 282.1200541406154
    },
    "Urano": {
      "id": 799,
      "radius": 25362,
      "orbit_km": 2882492003.7223697,
      "period_days": 30892.49575052865,
      "eccentricity": 0.0473691148985346,
      "perihelion_arg_deg": 92.20920300161416,
      "a_AU": 19.26826892812432,
      "i_deg": 0.772266027895414,
      "raan_deg": 74.02443363131596,
      "argp_deg": 92.20920300161416,
      "M_deg": 260.8519884502877
    },
    "Netuno": {
      "id": 899,
      "radius": 24622,
      "orbit_km": 4501072121.816501,
      "period_days": 60279.97770902791,
      "eccentricity": 0.01030070917465195,
      "perihelion_arg_deg": 278.8016058912289,
      "a_AU": 30.08780874189609,
      "i_deg": 1.76811954597149,
      "raan_deg": 131.7042623313305,
      "argp_deg": 278.8016058912289,
      "M_deg": 312.5725689954932
    }
  },
  "moons": {
    "Lua": {
      "id": 301,
      "planet": "Terra",
      "radius": 1737,
      "eccentricity": 0.0698441192227014,
      "orbit_km": 384303.07656383544,
      "period_days": 27.27428705025855
    },
    "Io": {
      "id": 501,
      "planet": "Júpiter",
      "radius": 1821,
      "eccentricity": 0.004750915063595033,
      "orbit_km": 422046.6483870359,
      "period_days": 1.771460082289803
    },
    "Europa": {
      "id": 502,
      "planet": "Júpiter",
      "radius": 1560,
      "eccentricity": 0.009108601357925315,
      "orbit_km": 671291.5548715097,
      "period_days": 3.553548016337365
    },
    "Ganymede": {
      "id": 503,
      "planet": "Júpiter",
      "radius": 2634,
      "eccentricity": 0.00162253618906873,
      "orbit_km": 1070706.1009908952,
      "period_days": 7.157961705776805
    },
    "Callisto": {
      "id": 504,
      "planet": "Júpiter",
      "radius": 2410,
      "eccentricity": 0.007237197626385279,
      "orbit_km": 1882721.3719993373,
      "period_days": 16.69043576994517
    },
    "Titan": {
      "id": 606,
      "planet": "Saturno",
      "radius": 2575,
      "eccentricity": 0.02869999614913816,
      "orbit_km": 1221951.9589619327,
      "period_days": 15.94768340066163
    }
  }
}