{
  "generated_at": "2026-03-12T04:52:15.432054+00:00",
  "source": "JPL Horizons",
  "planets": {
    "Mercúrio": {
      "id": 199,
      "radius": 2440,
      "orbit_km": 57909169.21548026,
      "period_days": 87.96932800420646,
      "eccentricity": 0.2056340499997211,
      "perihelion_arg_deg": 29.20104910627307,
      "a_AU": 0.3870988867990637,
      "i_deg": 7.003390588336059,
      "raan_deg": 48.2980712175357,
      "argp_deg": 29.20104910627307,
      "M_deg": 84.11211191406794
    },
    "Vênus": {
      "id": 299,
      "radius": 6052,
      "orbit_km": 108208228.3731055,
      "period_days": 224.6985175929136,
      "eccentricity": 0.006789156163966632,
      "perihelion_arg_deg": 54.950426120823,
      "a_AU": 0.7233273299063441,
      "i_deg": 3.394386317986619,
      "raan_deg": 76.60688652242693,
      "argp_deg": 54.950426120823,
      "M_deg": 257.203238979178
    },
    "Terra": {
      "id": 399,
      "radius": 6371,
      "orbit_km": 149614901.25710064,
      "period_days": 365.3187239839638,
      "eccentricity": 0.01704199303525174,
      "perihelion_arg_deg": 290.6014091407564,
      "a_AU": 1.00011384224268,
      "i_deg": 0.002726445014187296,
      "raan_deg": 172.2341179452734,
      "argp_deg": 290.6014091407564,
      "M_deg": 66.41347523559301
    },
    "Marte": {
      "id": 499,
      "radius": 3390,
      "orbit_km": 227938156.26676247,
      "period_days": 686.9668577299848,
      "eccentricity": 0.09346833568600746,
      "perihelion_arg_deg": 286.6214041951529,
      "a_AU": 1.523672464054413,
      "i_deg": 1.847479441151462,
      "raan_deg": 49.48192222840716,
      "argp_deg": 286.6214041951529,
      "M_deg": 352.5062383707285
    },
    "Júpiter": {
      "id": 599,
      "radius": 69911,
      "orbit_km": 778277369.4091873,
      "period_days": 4332.162349629143,
      "eccentricity": 0.04840341163211016,
      "perihelion_arg_deg": 273.5491454682357,
      "a_AU": 5.202462881105616,
      "i_deg": 1.303786634314976,
      "raan_deg": 100.5202708447537,
      "argp_deg": 273.5491454682357,
      "M_deg": 95.17556034977021
    },
    "Saturno": {
      "id": 699,
      "radius": 58232,
      "orbit_km": 1427850594.8225932,
      "period_days": 10768.92627927546,
      "eccentricity": 0.05521129802499192,
      "perihelion_arg_deg": 338.2214004503109,
      "a_AU": 9.544591698674447,
      "i_deg": 2.488597330394198,
      "raan_deg": 113.6768395218143,
      "argp_deg": 338.2214004503109,
      "M_deg": 278.3384785121529
    },
    "Urano": {
      "id": 799,
      "radius": 25362,
      "orbit_km": 2884052169.7323637,
      "period_days": 30917.58026575143,
      "eccentricity": 0.04702791780888758,
      "perihelion_arg_deg": 91.63835300153663,
      "a_AU": 19.27869799374333,
      "i_deg": 0.7740119993843975,
      "raan_deg": 73.99427548008175,
      "argp_deg": 91.63835300153663,
      "M_deg": 259.9479529119064
    },
    "Netuno": {
      "id": 899,
      "radius": 24622,
      "orbit_km": 4502205751.9340315,
      "period_days": 60302.75211589385,
      "eccentricity": 0.01062227667981743,
      "perihelion_arg_deg": 278.2841617899471,
      "a_AU": 30.09538659118115,
      "i_deg": 1.775280108532342,
      "raan_deg": 131.9790123716619,
      "argp_deg": 278.2841617899471,
      "M_deg": 312.0810744605596
    }
  },
  "moons": {
    "Lua": {
      "id": 301,
      "planet": "Terra",
      "radius": 1737,
      "eccentricity": 0.06518655420275168,
      "orbit_km": 379766.05372165155,
      "period_days": 26.7927213672967
    },
    "Io": {
      "id": 501,
      "planet": "Júpiter",
      "radius": 1821,
      "eccentricity": 0.004750211888140196,
      "orbit_km": 422051.5443829316,
      "period_days": 1.771490907388682
    },
    "Europa": {
      "id": 502,
      "planet": "Júpiter",
      "radius": 1560,
      "eccentricity": 0.0092029238186669,
      "orbit_km": 671297.4588737916,
      "period_days": 3.553594896567516
    },
    "Ganymede": {
      "id": 503,
      "planet": "Júpiter",
      "radius": 2634,
      "eccentricity": 0.001501482902169085,
      "orbit_km": 1070626.3649152871,
      "period_days": 7.157162134611849
    },
    "Callisto": {
      "id": 504,
      "planet": "Júpiter",
      "radius": 2410,
      "eccentricity": 0.006734402595479957,
      "orbit_km": 1883605.4270114747,
      "period_days": 16.70219294942754
    },
    "Titan": {
      "id": 606,
      "planet": "Saturno",
      "radius": 2575,
      "eccentricity": 0.02869391449944386,
      "orbit_km": 1221961.7422410676,
      "period_days": 15.94787492326946
    }
  }
}