{
  "generated_at": "2026-03-30T05:30:18.756838+00:00",
  "source": "JPL Horizons",
  "planets": {
    "Mercúrio": {
      "id": 199,
      "radius": 2440,
      "orbit_km": 57909150.78245228,
      "period_days": 87.96928600202499,
      "eccentricity": 0.2056345947791496,
      "perihelion_arg_deg": 29.20102714645014,
      "a_AU": 0.3870987635818822,
      "i_deg": 7.003393897831397,
      "raan_deg": 48.29805002577516,
      "argp_deg": 29.20102714645014,
      "M_deg": 157.7741607230859
    },
    "Vênus": {
      "id": 299,
      "radius": 6052,
      "orbit_km": 108208296.28024776,
      "period_days": 224.6987291106072,
      "eccentricity": 0.006789801521488449,
      "perihelion_arg_deg": 54.94517483912031,
      "a_AU": 0.7233277838375528,
      "i_deg": 3.394386755668186,
      "raan_deg": 76.60687885045142,
      "argp_deg": 54.94517483912031,
      "M_deg": 286.0471946420055
    },
    "Terra": {
      "id": 399,
      "radius": 6371,
      "orbit_km": 149489809.92998832,
      "period_days": 364.8606614813434,
      "eccentricity": 0.01638253680187802,
      "perihelion_arg_deg": 280.2853959600863,
      "a_AU": 0.9992776583683577,
      "i_deg": 0.005569561064507079,
      "raan_deg": 180.3602666679827,
      "argp_deg": 280.2853959600863,
      "M_deg": 86.41622161864655
    },
    "Marte": {
      "id": 499,
      "radius": 3390,
      "orbit_km": 227936184.5231753,
      "period_days": 686.9579439992434,
      "eccentricity": 0.09346036419114004,
      "perihelion_arg_deg": 286.6201866170524,
      "a_AU": 1.523659283762622,
      "i_deg": 1.847481759854718,
      "raan_deg": 49.48161712960115,
      "argp_deg": 286.6201866170524,
      "M_deg": 1.940279530258505
    },
    "Júpiter": {
      "id": 599,
      "radius": 69911,
      "orbit_km": 778236245.2546141,
      "period_days": 4331.818987157797,
      "eccentricity": 0.04835892962270211,
      "perihelion_arg_deg": 273.483652133094,
      "a_AU": 5.202187983111542,
      "i_deg": 1.303794106024812,
      "raan_deg": 100.5205978614354,
      "argp_deg": 273.483652133094,
      "M_deg": 96.74271741010068
    },
    "Saturno": {
      "id": 699,
      "radius": 58232,
      "orbit_km": 1427946334.4818375,
      "period_days": 10770.00940795019,
      "eccentricity": 0.05529407306375569,
      "perihelion_arg_deg": 338.1374234653453,
      "a_AU": 9.545231678767722,
      "i_deg": 2.488978009781762,
      "raan_deg": 113.7033420011523,
      "argp_deg": 338.1374234653453,
      "M_deg": 279.0065454719838
    },
    "Urano": {
      "id": 799,
      "radius": 25362,
      "orbit_km": 2883743055.75795,
      "period_days": 30912.60975925615,
      "eccentricity": 0.04708684690782976,
      "perihelion_arg_deg": 91.75265633955648,
      "a_AU": 19.27663169445065,
      "i_deg": 0.7736531086738819,
      "raan_deg": 74.00091430801676,
      "argp_deg": 91.75265633955648,
      "M_deg": 260.0406097222377
    },
    "Netuno": {
      "id": 899,
      "radius": 24622,
      "orbit_km": 4501465434.731408,
      "period_days": 60287.87896306086,
      "eccentricity": 0.01054589355974443,
      "perihelion_arg_deg": 279.1309049561726,
      "a_AU": 30.0904378763421,
      "i_deg": 1.774441935228322,
      "raan_deg": 131.9479038685949,
      "argp_deg": 279.1309049561726,
      "M_deg": 311.377657368741
    }
  },
  "moons": {
    "Lua": {
      "id": 301,
      "planet": "Terra",
      "radius": 1737,
      "eccentricity": 0.03653250746199282,
      "orbit_km": 384444.30104227527,
      "period_days": 27.28932264733007
    },
    "Io": {
      "id": 501,
      "planet": "Júpiter",
      "radius": 1821,
      "eccentricity": 0.004253460955089251,
      "orbit_km": 422028.8583661987,
      "period_days": 1.771348078155433
    },
    "Europa": {
      "id": 502,
      "planet": "Júpiter",
      "radius": 1560,
      "eccentricity": 0.00926582644217388,
      "orbit_km": 671343.6178594932,
      "period_days": 3.553961425191011
    },
    "Ganymede": {
      "id": 503,
      "planet": "Júpiter",
      "radius": 2634,
      "eccentricity": 0.001506132338966533,
      "orbit_km": 1070398.2943239033,
      "period_days": 7.154875270605826
    },
    "Callisto": {
      "id": 504,
      "planet": "Júpiter",
      "radius": 2410,
      "eccentricity": 0.006799107237554412,
      "orbit_km": 1883503.0621343888,
      "period_days": 16.70083144238773
    },
    "Titan": {
      "id": 606,
      "planet": "Saturno",
      "radius": 2575,
      "eccentricity": 0.02869016163716892,
      "orbit_km": 1221928.260098341,
      "period_days": 15.9472194624459
    }
  }
}