{
  "generated_at": "2026-04-26T05:43:47.843421+00:00",
  "source": "JPL Horizons",
  "planets": {
    "Mercúrio": {
      "id": 199,
      "radius": 2440,
      "orbit_km": 57909139.526687115,
      "period_days": 87.96926035422413,
      "eccentricity": 0.205633632537966,
      "perihelion_arg_deg": 29.20155979977491,
      "a_AU": 0.3870986883417393,
      "i_deg": 7.003384371541705,
      "raan_deg": 48.29793713055522,
      "argp_deg": 29.20155979977491,
      "M_deg": 268.2666226892034
    },
    "Vênus": {
      "id": 299,
      "radius": 6052,
      "orbit_km": 108208802.17891644,
      "period_days": 224.7003048897944,
      "eccentricity": 0.006791231874169827,
      "perihelion_arg_deg": 54.90298058251953,
      "a_AU": 0.7233311655612786,
      "i_deg": 3.394380967229767,
      "raan_deg": 76.60686653526707,
      "argp_deg": 54.90298058251953,
      "M_deg": 329.3469492779267
    },
    "Terra": {
      "id": 399,
      "radius": 6371,
      "orbit_km": 149546655.2879162,
      "period_days": 365.0687954655413,
      "eccentricity": 0.0164510895218448,
      "perihelion_arg_deg": 271.3298773528671,
      "a_AU": 0.9996576461159232,
      "i_deg": 0.005225791427578976,
      "raan_deg": 190.1382710810377,
      "argp_deg": 271.3298773528671,
      "M_deg": 112.220270287404
    },
    "Marte": {
      "id": 499,
      "radius": 3390,
      "orbit_km": 227932779.32037735,
      "period_days": 686.9425500697022,
      "eccentricity": 0.09344750048068132,
      "perihelion_arg_deg": 286.6172190551985,
      "a_AU": 1.52363652138785,
      "i_deg": 1.84748773510132,
      "raan_deg": 49.48125510838314,
      "argp_deg": 286.6172190551985,
      "M_deg": 16.09277605019719
    },
    "Júpiter": {
      "id": 599,
      "radius": 69911,
      "orbit_km": 778357871.5622652,
      "period_days": 4332.834521457261,
      "eccentricity": 0.04809009222384454,
      "perihelion_arg_deg": 273.632869828952,
      "a_AU": 5.203001004761394,
      "i_deg": 1.303336713266762,
      "raan_deg": 100.5144853454375,
      "argp_deg": 273.632869828952,
      "M_deg": 98.87098151527164
    },
    "Saturno": {
      "id": 699,
      "radius": 58232,
      "orbit_km": 1427252146.5541725,
      "period_days": 10762.15669499717,
      "eccentricity": 0.05517581292594754,
      "perihelion_arg_deg": 338.7278938470763,
      "a_AU": 9.540591319086019,
      "i_deg": 2.487411795878435,
      "raan_deg": 113.5977509127902,
      "argp_deg": 338.7278938470763,
      "M_deg": 279.4158387726624
    },
    "Urano": {
      "id": 799,
      "radius": 25362,
      "orbit_km": 2883350755.158156,
      "period_days": 30906.3020078358,
      "eccentricity": 0.04717611424509551,
      "perihelion_arg_deg": 91.85389548893187,
      "a_AU": 19.27400932691321,
      "i_deg": 0.7708435960973551,
      "raan_deg": 74.05001020743487,
      "argp_deg": 91.85389548893187,
      "M_deg": 260.2115463319431
    },
    "Netuno": {
      "id": 899,
      "radius": 24622,
      "orbit_km": 4503014014.759834,
      "period_days": 60318.9917092157,
      "eccentricity": 0.01065607420828434,
      "perihelion_arg_deg": 277.3734512065056,
      "a_AU": 30.10078949445792,
      "i_deg": 1.769203844977846,
      "raan_deg": 131.7479178532972,
      "argp_deg": 277.3734512065056,
      "M_deg": 313.4779910763321
    }
  },
  "moons": {
    "Lua": {
      "id": 301,
      "planet": "Terra",
      "radius": 1737,
      "eccentricity": 0.04776074498064498,
      "orbit_km": 381187.7322063871,
      "period_days": 26.94331248100729
    },
    "Io": {
      "id": 501,
      "planet": "Júpiter",
      "radius": 1821,
      "eccentricity": 0.003505911687241966,
      "orbit_km": 422020.63260223455,
      "period_days": 1.771296290392933
    },
    "Europa": {
      "id": 502,
      "planet": "Júpiter",
      "radius": 1560,
      "eccentricity": 0.009562273457486777,
      "orbit_km": 671274.4551078124,
      "period_days": 3.553412238275004
    },
    "Ganymede": {
      "id": 503,
      "planet": "Júpiter",
      "radius": 2634,
      "eccentricity": 0.001729513156536251,
      "orbit_km": 1070845.006569356,
      "period_days": 7.159354683351236
    },
    "Callisto": {
      "id": 504,
      "planet": "Júpiter",
      "radius": 2410,
      "eccentricity": 0.007704353671507245,
      "orbit_km": 1883823.7535014441,
      "period_days": 16.70509693088782
    },
    "Titan": {
      "id": 606,
      "planet": "Saturno",
      "radius": 2575,
      "eccentricity": 0.02877251253162817,
      "orbit_km": 1221960.1942617267,
      "period_days": 15.94784461916225
    }
  }
}