{
  "generated_at": "2026-05-04T06:17:29.944345+00:00",
  "source": "JPL Horizons",
  "planets": {
    "Mercúrio": {
      "id": 199,
      "radius": 2440,
      "orbit_km": 57909090.57450518,
      "period_days": 87.96914881000947,
      "eccentricity": 0.2056333649771176,
      "perihelion_arg_deg": 29.20180406183109,
      "a_AU": 0.3870983611166144,
      "i_deg": 7.003385715608421,
      "raan_deg": 48.29790525139909,
      "argp_deg": 29.20180406183109,
      "M_deg": 301.0051080623696
    },
    "Vênus": {
      "id": 299,
      "radius": 6052,
      "orbit_km": 108208877.5144099,
      "period_days": 224.700539546,
      "eccentricity": 0.006791318773358998,
      "perihelion_arg_deg": 54.89038105532609,
      "a_AU": 0.723331669147948,
      "i_deg": 3.394378221276256,
      "raan_deg": 76.60683919697803,
      "argp_deg": 54.89038105532609,
      "M_deg": 342.176490210219
    },
    "Terra": {
      "id": 399,
      "radius": 6371,
      "orbit_km": 149481402.299086,
      "period_days": 364.8298810825868,
      "eccentricity": 0.01717467495690087,
      "perihelion_arg_deg": 288.8157056545541,
      "a_AU": 0.9992214568270993,
      "i_deg": 0.003541622982208241,
      "raan_deg": 172.2155018505988,
      "argp_deg": 288.8157056545541,
      "M_deg": 120.4807471296727
    },
    "Marte": {
      "id": 499,
      "radius": 3390,
      "orbit_km": 227931745.34720525,
      "period_days": 686.9378758010589,
      "eccentricity": 0.09344378512801772,
      "perihelion_arg_deg": 286.6161076957333,
      "a_AU": 1.523629609704099,
      "i_deg": 1.847489623694042,
      "raan_deg": 49.48118130854645,
      "argp_deg": 286.6161076957333,
      "M_deg": 20.28641108201235
    },
    "Júpiter": {
      "id": 599,
      "radius": 69911,
      "orbit_km": 778163308.4435139,
      "period_days": 4331.210030053333,
      "eccentricity": 0.04832513163894021,
      "perihelion_arg_deg": 273.3666463057492,
      "a_AU": 5.201700430643322,
      "i_deg": 1.303875882500435,
      "raan_deg": 100.5222388253613,
      "argp_deg": 273.3666463057492,
      "M_deg": 99.77328204569379
    },
    "Saturno": {
      "id": 699,
      "radius": 58232,
      "orbit_km": 1427718492.0891478,
      "period_days": 10767.43182492071,
      "eccentricity": 0.05541352109310953,
      "perihelion_arg_deg": 338.3593544154108,
      "a_AU": 9.543708646443642,
      "i_deg": 2.488422466721893,
      "raan_deg": 113.6685122479586,
      "argp_deg": 338.3593544154108,
      "M_deg": 280.0049520701596
    },
    "Urano": {
      "id": 799,
      "radius": 25362,
      "orbit_km": 2883375926.5355115,
      "period_days": 30906.70672232657,
      "eccentricity": 0.04718796228404121,
      "perihelion_arg_deg": 91.89068342489911,
      "a_AU": 19.27417758717813,
      "i_deg": 0.7737359476402935,
      "raan_deg": 73.99989878142202,
      "argp_deg": 91.89068342489911,
      "M_deg": 260.3196725831831
    },
    "Netuno": {
      "id": 899,
      "radius": 24622,
      "orbit_km": 4500575649.337518,
      "period_days": 60270.00457616574,
      "eccentricity": 0.01035723679090028,
      "perihelion_arg_deg": 279.627652942254,
      "a_AU": 30.08449002835652,
      "i_deg": 1.775155050899375,
      "raan_deg": 131.9762286283525,
      "argp_deg": 279.627652942254,
      "M_deg": 311.0524460901449
    }
  },
  "moons": {
    "Lua": {
      "id": 301,
      "planet": "Terra",
      "radius": 1737,
      "eccentricity": 0.0513663801951573,
      "orbit_km": 385961.2539935751,
      "period_days": 27.45100053266389
    },
    "Io": {
      "id": 501,
      "planet": "Júpiter",
      "radius": 1821,
      "eccentricity": 0.004685678998845326,
      "orbit_km": 422045.4595118681,
      "period_days": 1.771452597180891
    },
    "Europa": {
      "id": 502,
      "planet": "Júpiter",
      "radius": 1560,
      "eccentricity": 0.009207063124309429,
      "orbit_km": 671306.2569579164,
      "period_days": 3.553664757391966
    },
    "Ganymede": {
      "id": 503,
      "planet": "Júpiter",
      "radius": 2634,
      "eccentricity": 0.001658998838476017,
      "orbit_km": 1070562.0062844157,
      "period_days": 7.156516785895618
    },
    "Callisto": {
      "id": 504,
      "planet": "Júpiter",
      "radius": 2410,
      "eccentricity": 0.007076055186149839,
      "orbit_km": 1882771.1888973296,
      "period_days": 16.69109821892623
    },
    "Titan": {
      "id": 606,
      "planet": "Saturno",
      "radius": 2575,
      "eccentricity": 0.0287117461962201,
      "orbit_km": 1221957.5491109851,
      "period_days": 15.94779283626001
    }
  }
}