{
  "generated_at": "2026-05-13T06:29:12.992264+00:00",
  "source": "JPL Horizons",
  "planets": {
    "Mercúrio": {
      "id": 199,
      "radius": 2440,
      "orbit_km": 57909060.504902005,
      "period_days": 87.96908029234598,
      "eccentricity": 0.2056331684180964,
      "perihelion_arg_deg": 29.20193672633541,
      "a_AU": 0.3870981601137322,
      "i_deg": 7.003386909260614,
      "raan_deg": 48.29789722589856,
      "argp_deg": 29.20193672633541,
      "M_deg": 337.8361033574898
    },
    "Vênus": {
      "id": 299,
      "radius": 6052,
      "orbit_km": 108208861.76399657,
      "period_days": 224.7004904863527,
      "eccentricity": 0.006790892587282668,
      "perihelion_arg_deg": 54.87800225516207,
      "a_AU": 0.723331563862938,
      "i_deg": 3.394375183899342,
      "raan_deg": 76.60678905109333,
      "argp_deg": 54.87800225516207,
      "M_deg": 356.6079377424858
    },
    "Terra": {
      "id": 399,
      "radius": 6371,
      "orbit_km": 149687515.4539742,
      "period_days": 365.5847123042374,
      "eccentricity": 0.01653610142626856,
      "perihelion_arg_deg": 324.1363860756721,
      "a_AU": 1.000599238167995,
      "i_deg": 0.002842587346762964,
      "raan_deg": 141.0489448700528,
      "argp_deg": 324.1363860756721,
      "M_deg": 125.1806193372234
    },
    "Marte": {
      "id": 499,
      "radius": 3390,
      "orbit_km": 227930563.64051858,
      "period_days": 686.9325336884817,
      "eccentricity": 0.09343963841771802,
      "perihelion_arg_deg": 286.6147134675139,
      "a_AU": 1.523621710482799,
      "i_deg": 1.847491288285722,
      "raan_deg": 49.48112706510323,
      "argp_deg": 286.6147134675139,
      "M_deg": 25.00442419246357
    },
    "Júpiter": {
      "id": 599,
      "radius": 69911,
      "orbit_km": 778182104.9726404,
      "period_days": 4331.366961521746,
      "eccentricity": 0.04832845292917282,
      "perihelion_arg_deg": 273.3972026547324,
      "a_AU": 5.201826077679864,
      "i_deg": 1.303875267888874,
      "raan_deg": 100.5224112942356,
      "argp_deg": 273.3972026547324,
      "M_deg": 100.4895932907723
    },
    "Saturno": {
      "id": 699,
      "radius": 58232,
      "orbit_km": 1427284388.5384474,
      "period_days": 10762.52137678877,
      "eccentricity": 0.0551494227141965,
      "perihelion_arg_deg": 338.6696140438332,
      "a_AU": 9.540806843438899,
      "i_deg": 2.487825562061971,
      "raan_deg": 113.6266465127951,
      "argp_deg": 338.6696140438332,
      "M_deg": 280.0106064801381
    },
    "Urano": {
      "id": 799,
      "radius": 25362,
      "orbit_km": 2883228312.729426,
      "period_days": 30904.3333594677,
      "eccentricity": 0.04722033746064337,
      "perihelion_arg_deg": 91.91096532210784,
      "a_AU": 19.2731908498309,
      "i_deg": 0.7716025976958283,
      "raan_deg": 74.03647256075269,
      "argp_deg": 91.91096532210784,
      "M_deg": 260.3700899013173
    },
    "Netuno": {
      "id": 899,
      "radius": 24622,
      "orbit_km": 4502535573.00123,
      "period_days": 60309.37869519971,
      "eccentricity": 0.01063291890762852,
      "perihelion_arg_deg": 278.1307575209725,
      "a_AU": 30.0975913088396,
      "i_deg": 1.766725296606033,
      "raan_deg": 131.65158202647,
      "argp_deg": 278.1307575209725,
      "M_deg": 312.9259703181117
    }
  },
  "moons": {
    "Lua": {
      "id": 301,
      "planet": "Terra",
      "radius": 1737,
      "eccentricity": 0.07047213113350637,
      "orbit_km": 382527.90140655555,
      "period_days": 27.085527116914
    },
    "Io": {
      "id": 501,
      "planet": "Júpiter",
      "radius": 1821,
      "eccentricity": 0.004404571923179558,
      "orbit_km": 422030.6532657106,
      "period_days": 1.771359378550365
    },
    "Europa": {
      "id": 502,
      "planet": "Júpiter",
      "radius": 1560,
      "eccentricity": 0.009633341116627857,
      "orbit_km": 671173.9059035267,
      "period_days": 3.5526138776557
    },
    "Ganymede": {
      "id": 503,
      "planet": "Júpiter",
      "radius": 2634,
      "eccentricity": 0.00149971469253709,
      "orbit_km": 1070619.8491539592,
      "period_days": 7.157096797687368
    },
    "Callisto": {
      "id": 504,
      "planet": "Júpiter",
      "radius": 2410,
      "eccentricity": 0.007164142791622925,
      "orbit_km": 1882952.9829174525,
      "period_days": 16.6935157312947
    },
    "Titan": {
      "id": 606,
      "planet": "Saturno",
      "radius": 2575,
      "eccentricity": 0.02874593505797052,
      "orbit_km": 1221930.4327473424,
      "period_days": 15.94726199488456
    }
  }
}