{
  "generated_at": "2026-04-21T05:32:02.479964+00:00",
  "source": "JPL Horizons",
  "planets": {
    "Mercúrio": {
      "id": 199,
      "radius": 2440,
      "orbit_km": 57909160.96354952,
      "period_days": 87.96930920105005,
      "eccentricity": 0.2056337664449437,
      "perihelion_arg_deg": 29.20141453335173,
      "a_AU": 0.3870988316383137,
      "i_deg": 7.003384628440681,
      "raan_deg": 48.29796544381256,
      "argp_deg": 29.20141453335173,
      "M_deg": 247.805089993549
    },
    "Vênus": {
      "id": 299,
      "radius": 6052,
      "orbit_km": 108208720.64101861,
      "period_days": 224.7000509143318,
      "eccentricity": 0.006791012979782781,
      "perihelion_arg_deg": 54.91142862618361,
      "a_AU": 0.7233306205140968,
      "i_deg": 3.394382575549619,
      "raan_deg": 76.60687636419192,
      "argp_deg": 54.91142862618361,
      "M_deg": 321.3278963279008
    },
    "Terra": {
      "id": 399,
      "radius": 6371,
      "orbit_km": 149689341.30325237,
      "period_days": 365.5914012851108,
      "eccentricity": 0.01620273335900901,
      "perihelion_arg_deg": 284.3879335766696,
      "a_AU": 1.000611443216567,
      "i_deg": 0.003727165686269553,
      "raan_deg": 180.318918745717,
      "argp_deg": 284.3879335766696,
      "M_deg": 104.0464854737255
    },
    "Marte": {
      "id": 499,
      "radius": 3390,
      "orbit_km": 227933424.79843965,
      "period_days": 686.9454680790906,
      "eccentricity": 0.09344986068885096,
      "perihelion_arg_deg": 286.6178708979476,
      "a_AU": 1.523640836142193,
      "i_deg": 1.847486554687477,
      "raan_deg": 49.48130848400762,
      "argp_deg": 286.6178708979476,
      "M_deg": 13.47181550434534
    },
    "Júpiter": {
      "id": 599,
      "radius": 69911,
      "orbit_km": 778269205.3249753,
      "period_days": 4332.094183612347,
      "eccentricity": 0.04821433566782282,
      "perihelion_arg_deg": 273.5144867689742,
      "a_AU": 5.202408307573426,
      "i_deg": 1.3035998382933,
      "raan_deg": 100.5181939394091,
      "argp_deg": 273.5144867689742,
      "M_deg": 98.55847710450166
    },
    "Saturno": {
      "id": 699,
      "radius": 58232,
      "orbit_km": 1427391138.0655203,
      "period_days": 10763.72882593984,
      "eccentricity": 0.05542109566594369,
      "perihelion_arg_deg": 338.6834548933469,
      "a_AU": 9.541520419952878,
      "i_deg": 2.487201010104149,
      "raan_deg": 113.582776652984,
      "argp_deg": 338.6834548933469,
      "M_deg": 279.3352835781287
    },
    "Urano": {
      "id": 799,
      "radius": 25362,
      "orbit_km": 2883683465.5928082,
      "period_days": 30911.65158893625,
      "eccentricity": 0.04714718532536738,
      "perihelion_arg_deg": 91.75558653500093,
      "a_AU": 19.27623335880013,
      "i_deg": 0.7730921890699863,
      "raan_deg": 74.01097819094042,
      "argp_deg": 91.75558653500093,
      "M_deg": 260.2903399814979
    },
    "Netuno": {
      "id": 899,
      "radius": 24622,
      "orbit_km": 4502360220.989852,
      "period_days": 60305.85559103245,
      "eccentricity": 0.01053123682448848,
      "perihelion_arg_deg": 277.6450102133724,
      "a_AU": 30.09641915304248,
      "i_deg": 1.773488691745991,
      "raan_deg": 131.9122675591138,
      "argp_deg": 277.6450102133724,
      "M_deg": 313.0080869214055
    }
  },
  "moons": {
    "Lua": {
      "id": 301,
      "planet": "Terra",
      "radius": 1737,
      "eccentricity": 0.05611611450445931,
      "orbit_km": 382915.51259214146,
      "period_days": 27.12670573028574
    },
    "Io": {
      "id": 501,
      "planet": "Júpiter",
      "radius": 1821,
      "eccentricity": 0.003943615207265313,
      "orbit_km": 422023.0172049466,
      "period_days": 1.771311303322084
    },
    "Europa": {
      "id": 502,
      "planet": "Júpiter",
      "radius": 1560,
      "eccentricity": 0.009657827044610635,
      "orbit_km": 671212.599923663,
      "period_days": 3.552921101073387
    },
    "Ganymede": {
      "id": 503,
      "planet": "Júpiter",
      "radius": 2634,
      "eccentricity": 0.001260441499726638,
      "orbit_km": 1070572.8809715533,
      "period_days": 7.156625829199347
    },
    "Callisto": {
      "id": 504,
      "planet": "Júpiter",
      "radius": 2410,
      "eccentricity": 0.007300495844909414,
      "orbit_km": 1882734.4318019701,
      "period_days": 16.6906094341248
    },
    "Titan": {
      "id": 606,
      "planet": "Saturno",
      "radius": 2575,
      "eccentricity": 0.02880457040339526,
      "orbit_km": 1221969.4474755556,
      "period_days": 15.94802576552418
    }
  }
}