{
  "generated_at": "2026-02-22T04:54:12.611999+00:00",
  "source": "JPL Horizons",
  "planets": {
    "Mercúrio": {
      "id": 199,
      "radius": 2440,
      "orbit_km": 57909114.31202215,
      "period_days": 87.96920289916943,
      "eccentricity": 0.2056324852108333,
      "perihelion_arg_deg": 29.20103150684252,
      "a_AU": 0.3870985197921146,
      "i_deg": 7.003388473604328,
      "raan_deg": 48.29817317912907,
      "argp_deg": 29.20103150684252,
      "M_deg": 10.45010018110379
    },
    "Vênus": {
      "id": 299,
      "radius": 6052,
      "orbit_km": 108208548.58672544,
      "period_days": 224.6995149973627,
      "eccentricity": 0.006787453494566695,
      "perihelion_arg_deg": 54.92959134044363,
      "a_AU": 0.7233294704021843,
      "i_deg": 3.394385174432793,
      "raan_deg": 76.60692617628207,
      "argp_deg": 54.92959134044363,
      "M_deg": 228.3854181478416
    },
    "Terra": {
      "id": 399,
      "radius": 6371,
      "orbit_km": 149669376.88200855,
      "period_days": 365.5182640399587,
      "eccentricity": 0.01672432315909788,
      "perihelion_arg_deg": 274.5254845359893,
      "a_AU": 1.000477989303417,
      "i_deg": 0.002307651047020394,
      "raan_deg": 190.4140284799277,
      "argp_deg": 274.5254845359893,
      "M_deg": 46.65124156872714
    },
    "Marte": {
      "id": 499,
      "radius": 3390,
      "orbit_km": 227939803.9680129,
      "period_days": 686.9743065806808,
      "eccentricity": 0.09347544863044505,
      "perihelion_arg_deg": 286.6222386178902,
      "a_AU": 1.523683478256973,
      "i_deg": 1.847479131213905,
      "raan_deg": 49.48220319985689,
      "argp_deg": 286.6222386178902,
      "M_deg": 343.072776269921
    },
    "Júpiter": {
      "id": 599,
      "radius": 69911,
      "orbit_km": 778020953.2009566,
      "period_days": 4330.021573372617,
      "eccentricity": 0.0483035429460957,
      "perihelion_arg_deg": 273.1421671069131,
      "a_AU": 5.200748844622136,
      "i_deg": 1.304047128195468,
      "raan_deg": 100.522674320443,
      "argp_deg": 273.1421671069131,
      "M_deg": 94.10077422251807
    },
    "Saturno": {
      "id": 699,
      "radius": 58232,
      "orbit_km": 1427671664.968406,
      "period_days": 10766.9020947618,
      "eccentricity": 0.05520354962059641,
      "perihelion_arg_deg": 338.4084341787208,
      "a_AU": 9.543395626475357,
      "i_deg": 2.487708273901474,
      "raan_deg": 113.620184825128,
      "argp_deg": 338.4084341787208,
      "M_deg": 277.6063861111343
    },
    "Urano": {
      "id": 799,
      "radius": 25362,
      "orbit_km": 2884264449.4170036,
      "period_days": 30920.99384562324,
      "eccentricity": 0.04697420157378428,
      "perihelion_arg_deg": 91.53970931281319,
      "a_AU": 19.28011699578959,
      "i_deg": 0.7729890959859351,
      "raan_deg": 74.01270842909847,
      "argp_deg": 91.53970931281319,
      "M_deg": 259.8143085219941
    },
    "Netuno": {
      "id": 899,
      "radius": 24622,
      "orbit_km": 4503106573.128378,
      "period_days": 60320.85148229299,
      "eccentricity": 0.01072560000162956,
      "perihelion_arg_deg": 277.3433149984785,
      "a_AU": 30.10140820893635,
      "i_deg": 1.775397676140206,
      "raan_deg": 131.9827672158921,
      "argp_deg": 277.3433149984785,
      "M_deg": 312.9061840447902
    }
  },
  "moons": {
    "Lua": {
      "id": 301,
      "planet": "Terra",
      "radius": 1737,
      "eccentricity": 0.03022684510905291,
      "orbit_km": 382066.2200942607,
      "period_days": 27.03650674038356
    },
    "Io": {
      "id": 501,
      "planet": "Júpiter",
      "radius": 1821,
      "eccentricity": 0.004303811448053,
      "orbit_km": 422031.263960201,
      "period_days": 1.77136322338887
    },
    "Europa": {
      "id": 502,
      "planet": "Júpiter",
      "radius": 1560,
      "eccentricity": 0.00926568027086551,
      "orbit_km": 671323.844332462,
      "period_days": 3.553804410587063
    },
    "Ganymede": {
      "id": 503,
      "planet": "Júpiter",
      "radius": 2634,
      "eccentricity": 0.001174172464356064,
      "orbit_km": 1070806.838409688,
      "period_days": 7.158971915131698
    },
    "Callisto": {
      "id": 504,
      "planet": "Júpiter",
      "radius": 2410,
      "eccentricity": 0.007037071076874708,
      "orbit_km": 1884110.1665894897,
      "period_days": 16.70890679386738
    },
    "Titan": {
      "id": 606,
      "planet": "Saturno",
      "radius": 2575,
      "eccentricity": 0.02875257753446151,
      "orbit_km": 1221949.6963167628,
      "period_days": 15.94763910604124
    }
  }
}