{
  "generated_at": "2026-03-22T04:57:42.440728+00:00",
  "source": "JPL Horizons",
  "planets": {
    "Mercúrio": {
      "id": 199,
      "radius": 2440,
      "orbit_km": 57909146.792698674,
      "period_days": 87.96927691082524,
      "eccentricity": 0.2056345746102758,
      "perihelion_arg_deg": 29.20098303431211,
      "a_AU": 0.3870987369120266,
      "i_deg": 7.003394838631471,
      "raan_deg": 48.29805147861538,
      "argp_deg": 29.20098303431211,
      "M_deg": 125.0355221375952
    },
    "Vênus": {
      "id": 299,
      "radius": 6052,
      "orbit_km": 108208217.67404369,
      "period_days": 224.6984842673988,
      "eccentricity": 0.006789522980081046,
      "perihelion_arg_deg": 54.95100546884366,
      "a_AU": 0.7233272583875333,
      "i_deg": 3.394386862504192,
      "raan_deg": 76.60687821391208,
      "argp_deg": 54.95100546884366,
      "M_deg": 273.2241771322285
    },
    "Terra": {
      "id": 399,
      "radius": 6371,
      "orbit_km": 149702542.3975623,
      "period_days": 365.6397645780086,
      "eccentricity": 0.01657790751193971,
      "perihelion_arg_deg": 290.2778932464109,
      "a_AU": 1.000699687081591,
      "i_deg": 0.002380897577234443,
      "raan_deg": 175.1968488306339,
      "argp_deg": 290.2778932464109,
      "M_deg": 73.70436509111224
    },
    "Marte": {
      "id": 499,
      "radius": 3390,
      "orbit_km": 227937105.96610117,
      "period_days": 686.9621095939615,
      "eccentricity": 0.0934640321080645,
      "perihelion_arg_deg": 286.6207900216971,
      "a_AU": 1.523665443228138,
      "i_deg": 1.847480489317786,
      "raan_deg": 49.48175063805887,
      "argp_deg": 286.6207900216971,
      "M_deg": 357.7472888524691
    },
    "Júpiter": {
      "id": 599,
      "radius": 69911,
      "orbit_km": 778172940.133658,
      "period_days": 4331.290444411592,
      "eccentricity": 0.0481363774366968,
      "perihelion_arg_deg": 273.3582650707385,
      "a_AU": 5.201764814515225,
      "i_deg": 1.303631485283565,
      "raan_deg": 100.5186225018026,
      "argp_deg": 273.3582650707385,
      "M_deg": 96.23260443971498
    },
    "Saturno": {
      "id": 699,
      "radius": 58232,
      "orbit_km": 1427348673.4649768,
      "period_days": 10763.24850134634,
      "eccentricity": 0.05535148850554068,
      "perihelion_arg_deg": 338.7274688445245,
      "a_AU": 9.541236561630933,
      "i_deg": 2.486758347794213,
      "raan_deg": 113.5567045236705,
      "argp_deg": 338.7274688445245,
      "M_deg": 278.306073028089
    },
    "Urano": {
      "id": 799,
      "radius": 25362,
      "orbit_km": 2883974516.9250436,
      "period_days": 30916.3315951651,
      "eccentricity": 0.04705947637831586,
      "perihelion_arg_deg": 91.64892766338983,
      "a_AU": 19.27817891678751,
      "i_deg": 0.7731143102719003,
      "raan_deg": 74.01050061354357,
      "argp_deg": 91.64892766338983,
      "M_deg": 260.0405608078018
    },
    "Netuno": {
      "id": 899,
      "radius": 24622,
      "orbit_km": 4503889034.556689,
      "period_days": 60336.57422472625,
      "eccentricity": 0.01079578243487618,
      "perihelion_arg_deg": 276.6164048750435,
      "a_AU": 30.10663864052371,
      "i_deg": 1.770460641740988,
      "raan_deg": 131.7963586919431,
      "argp_deg": 276.6164048750435,
      "M_deg": 313.9790548493756
    }
  },
  "moons": {
    "Lua": {
      "id": 301,
      "planet": "Terra",
      "radius": 1737,
      "eccentricity": 0.04465841258786397,
      "orbit_km": 383998.3918702307,
      "period_days": 27.24185791693036
    },
    "Io": {
      "id": 501,
      "planet": "Júpiter",
      "radius": 1821,
      "eccentricity": 0.003859015661800852,
      "orbit_km": 422028.80800774175,
      "period_days": 1.771347761107138
    },
    "Europa": {
      "id": 502,
      "planet": "Júpiter",
      "radius": 1560,
      "eccentricity": 0.009402000164083582,
      "orbit_km": 671303.6413560682,
      "period_days": 3.553643988265452
    },
    "Ganymede": {
      "id": 503,
      "planet": "Júpiter",
      "radius": 2634,
      "eccentricity": 0.00173446924936399,
      "orbit_km": 1070881.9753526598,
      "period_days": 7.159725430165065
    },
    "Callisto": {
      "id": 504,
      "planet": "Júpiter",
      "radius": 2410,
      "eccentricity": 0.007678162992104369,
      "orbit_km": 1883887.347086969,
      "period_days": 16.70594282688037
    },
    "Titan": {
      "id": 606,
      "planet": "Saturno",
      "radius": 2575,
      "eccentricity": 0.028814806838879,
      "orbit_km": 1221947.5439520965,
      "period_days": 15.9475969703626
    }
  }
}