{
  "generated_at": "2026-04-03T05:10:33.428314+00:00",
  "source": "JPL Horizons",
  "planets": {
    "Mercúrio": {
      "id": 199,
      "radius": 2440,
      "orbit_km": 57909158.25852388,
      "period_days": 87.96930303727831,
      "eccentricity": 0.2056344729807776,
      "perihelion_arg_deg": 29.2010743007693,
      "a_AU": 0.3870988135563342,
      "i_deg": 7.00339223595383,
      "raan_deg": 48.29804504189266,
      "argp_deg": 29.2010743007693,
      "M_deg": 174.1434496264846
    },
    "Vênus": {
      "id": 299,
      "radius": 6052,
      "orbit_km": 108208359.62943248,
      "period_days": 224.698926431199,
      "eccentricity": 0.006789976602511265,
      "perihelion_arg_deg": 54.94046453633079,
      "a_AU": 0.7233282073006971,
      "i_deg": 3.394386433336744,
      "raan_deg": 76.60688043508118,
      "argp_deg": 54.94046453633079,
      "M_deg": 292.4604798834305
    },
    "Terra": {
      "id": 399,
      "radius": 6371,
      "orbit_km": 149466675.1749318,
      "period_days": 364.775967058507,
      "eccentricity": 0.01673267707409161,
      "perihelion_arg_deg": 281.1365089945007,
      "a_AU": 0.99912301208263,
      "i_deg": 0.004962708917680699,
      "raan_deg": 178.9459915230662,
      "argp_deg": 281.1365089945007,
      "M_deg": 90.88626908961106
    },
    "Marte": {
      "id": 499,
      "radius": 3390,
      "orbit_km": 227935701.75213486,
      "period_days": 686.9557615250578,
      "eccentricity": 0.09345847659486572,
      "perihelion_arg_deg": 286.6198349000358,
      "a_AU": 1.523656056637542,
      "i_deg": 1.847482491997124,
      "raan_deg": 49.48155551507853,
      "argp_deg": 286.6198349000358,
      "M_deg": 4.036834225023229
    },
    "Júpiter": {
      "id": 599,
      "radius": 69911,
      "orbit_km": 778545412.314869,
      "period_days": 4334.400572283424,
      "eccentricity": 0.04820677052353069,
      "perihelion_arg_deg": 273.9477391892842,
      "a_AU": 5.204254637261151,
      "i_deg": 1.303141979519515,
      "raan_deg": 100.5124076899172,
      "argp_deg": 273.9477391892842,
      "M_deg": 96.62864432135025
    },
    "Saturno": {
      "id": 699,
      "radius": 58232,
      "orbit_km": 1427758282.577948,
      "period_days": 10767.88196025512,
      "eccentricity": 0.05544737654531573,
      "perihelion_arg_deg": 338.3605073147562,
      "a_AU": 9.543974629432665,
      "i_deg": 2.488059804465248,
      "raan_deg": 113.6420699564982,
      "argp_deg": 338.3605073147562,
      "M_deg": 278.9974251012155
    },
    "Urano": {
      "id": 799,
      "radius": 25362,
      "orbit_km": 2883977002.815718,
      "period_days": 30916.37156845708,
      "eccentricity": 0.04709489651278847,
      "perihelion_arg_deg": 91.61466270413125,
      "a_AU": 19.2781955339403,
      "i_deg": 0.771667633549863,
      "raan_deg": 74.03621415010146,
      "argp_deg": 91.61466270413125,
      "M_deg": 260.1930156360864
    },
    "Netuno": {
      "id": 899,
      "radius": 24622,
      "orbit_km": 4503312879.283542,
      "period_days": 60324.99685569578,
      "eccentricity": 0.01068988976755307,
      "perihelion_arg_deg": 276.9627033525715,
      "a_AU": 30.1027872804044,
      "i_deg": 1.771748087640717,
      "raan_deg": 131.8455367838774,
      "argp_deg": 276.9627033525715,
      "M_deg": 313.6522014591991
    }
  },
  "moons": {
    "Lua": {
      "id": 301,
      "planet": "Terra",
      "radius": 1737,
      "eccentricity": 0.04468701484148572,
      "orbit_km": 386986.4652897219,
      "period_days": 27.5604483959105
    },
    "Io": {
      "id": 501,
      "planet": "Júpiter",
      "radius": 1821,
      "eccentricity": 0.003487819991234962,
      "orbit_km": 422019.7476180275,
      "period_days": 1.771290718739678
    },
    "Europa": {
      "id": 502,
      "planet": "Júpiter",
      "radius": 1560,
      "eccentricity": 0.009598901339885682,
      "orbit_km": 671265.3081116617,
      "period_days": 3.553339608658846
    },
    "Ganymede": {
      "id": 503,
      "planet": "Júpiter",
      "radius": 2634,
      "eccentricity": 0.001723213346388423,
      "orbit_km": 1070898.3482771278,
      "period_days": 7.159889630461339
    },
    "Callisto": {
      "id": 504,
      "planet": "Júpiter",
      "radius": 2410,
      "eccentricity": 0.00732299349427289,
      "orbit_km": 1883987.490468235,
      "period_days": 16.70727492232448
    },
    "Titan": {
      "id": 606,
      "planet": "Saturno",
      "radius": 2575,
      "eccentricity": 0.02874426036139662,
      "orbit_km": 1221922.6522186755,
      "period_days": 15.94710968106013
    }
  }
}