{
  "generated_at": "2026-03-25T04:59:22.880720+00:00",
  "source": "JPL Horizons",
  "planets": {
    "Mercúrio": {
      "id": 199,
      "radius": 2440,
      "orbit_km": 57909145.826176316,
      "period_days": 87.96927470847183,
      "eccentricity": 0.2056346303158413,
      "perihelion_arg_deg": 29.20098944989824,
      "a_AU": 0.3870987304512237,
      "i_deg": 7.003394949345761,
      "raan_deg": 48.29805133866414,
      "argp_deg": 29.20098944989824,
      "M_deg": 137.3125225521216
    },
    "Vênus": {
      "id": 299,
      "radius": 6052,
      "orbit_km": 108208238.73909238,
      "period_days": 224.6985498809656,
      "eccentricity": 0.006789620128829343,
      "perihelion_arg_deg": 54.94943623571551,
      "a_AU": 0.7233273991986865,
      "i_deg": 3.394386897450734,
      "raan_deg": 76.60687785745934,
      "argp_deg": 54.94943623571551,
      "M_deg": 278.0321961419205
    },
    "Terra": {
      "id": 399,
      "radius": 6371,
      "orbit_km": 149622193.69855264,
      "period_days": 365.3454335347427,
      "eccentricity": 0.01630941163221188,
      "perihelion_arg_deg": 285.6575259390316,
      "a_AU": 1.0001625892029,
      "i_deg": 0.003967385672625536,
      "raan_deg": 178.1329959680877,
      "argp_deg": 285.6575259390316,
      "M_deg": 78.36119071925123
    },
    "Marte": {
      "id": 499,
      "radius": 3390,
      "orbit_km": 227936766.8203235,
      "period_days": 686.9605764064763,
      "eccentricity": 0.0934626716983486,
      "perihelion_arg_deg": 286.6205759726174,
      "a_AU": 1.52366317617864,
      "i_deg": 1.847480919770535,
      "raan_deg": 49.48170029120862,
      "argp_deg": 286.6205759726174,
      "M_deg": 359.3196437398893
    },
    "Júpiter": {
      "id": 599,
      "radius": 69911,
      "orbit_km": 778309964.8494662,
      "period_days": 4332.434508803742,
      "eccentricity": 0.04827330031553817,
      "perihelion_arg_deg": 273.5876124444924,
      "a_AU": 5.202680768165949,
      "i_deg": 1.303609717793579,
      "raan_deg": 100.5183338587225,
      "argp_deg": 273.5876124444924,
      "M_deg": 96.23355440651974
    },
    "Saturno": {
      "id": 699,
      "radius": 58232,
      "orbit_km": 1427397906.21549,
      "period_days": 10763.80538233915,
      "eccentricity": 0.05520162400491942,
      "perihelion_arg_deg": 338.632314315328,
      "a_AU": 9.541565662241009,
      "i_deg": 2.487311042482526,
      "raan_deg": 113.5931955879556,
      "argp_deg": 338.632314315328,
      "M_deg": 278.4475232710423
    },
    "Urano": {
      "id": 799,
      "radius": 25362,
      "orbit_km": 2884095965.487839,
      "period_days": 30918.28451649624,
      "eccentricity": 0.04706290344877868,
      "perihelion_arg_deg": 91.60056332943051,
      "a_AU": 19.27899075028639,
      "i_deg": 0.7733865945717314,
      "raan_deg": 74.00567337250313,
      "argp_deg": 91.60056332943051,
      "M_deg": 260.1302223562814
    },
    "Netuno": {
      "id": 899,
      "radius": 24622,
      "orbit_km": 4501856626.002588,
      "period_days": 60295.73793856303,
      "eccentricity": 0.01068417600430956,
      "perihelion_arg_deg": 279.3171716023892,
      "a_AU": 30.09305282847578,
      "i_deg": 1.77049610772662,
      "raan_deg": 131.7976348368631,
      "argp_deg": 279.3171716023892,
      "M_deg": 311.3241643321236
    }
  },
  "moons": {
    "Lua": {
      "id": 301,
      "planet": "Terra",
      "radius": 1737,
      "eccentricity": 0.03551813826540924,
      "orbit_km": 380419.81946958497,
      "period_days": 26.86193647891094
    },
    "Io": {
      "id": 501,
      "planet": "Júpiter",
      "radius": 1821,
      "eccentricity": 0.003651522167050749,
      "orbit_km": 422021.5264569003,
      "period_days": 1.77130191789845
    },
    "Europa": {
      "id": 502,
      "planet": "Júpiter",
      "radius": 1560,
      "eccentricity": 0.00961900424016742,
      "orbit_km": 671240.5809245924,
      "period_days": 3.553143270602188
    },
    "Ganymede": {
      "id": 503,
      "planet": "Júpiter",
      "radius": 2634,
      "eccentricity": 0.001577157533760667,
      "orbit_km": 1070470.5080593762,
      "period_days": 7.155599331435075
    },
    "Callisto": {
      "id": 504,
      "planet": "Júpiter",
      "radius": 2410,
      "eccentricity": 0.007197622024872116,
      "orbit_km": 1882771.8140927264,
      "period_days": 16.6911065326279
    },
    "Titan": {
      "id": 606,
      "planet": "Saturno",
      "radius": 2575,
      "eccentricity": 0.02878488002998151,
      "orbit_km": 1221970.13244231,
      "period_days": 15.94803917486391
    }
  }
}