{
  "generated_at": "2026-06-06T06:33:35.636666+00:00",
  "source": "JPL Horizons",
  "planets": {
    "Mercúrio": {
      "id": 199,
      "radius": 2440,
      "orbit_km": 57909172.95661597,
      "period_days": 87.9693365288979,
      "eccentricity": 0.2056361881327665,
      "perihelion_arg_deg": 29.20183940309767,
      "a_AU": 0.3870989118070113,
      "i_deg": 7.003387090819388,
      "raan_deg": 48.297752913715,
      "argp_deg": 29.20183940309767,
      "M_deg": 76.05226176137494
    },
    "Vênus": {
      "id": 299,
      "radius": 6052,
      "orbit_km": 108208318.1591742,
      "period_days": 224.6987972592711,
      "eccentricity": 0.006786464363245774,
      "perihelion_arg_deg": 54.85076528289387,
      "a_AU": 0.7233279300891428,
      "i_deg": 3.394371242135428,
      "raan_deg": 76.6066136861541,
      "argp_deg": 54.85076528289387,
      "M_deg": 35.08646614117991
    },
    "Terra": {
      "id": 399,
      "radius": 6371,
      "orbit_km": 149543746.03936645,
      "period_days": 365.0581425623081,
      "eccentricity": 0.01712681909671607,
      "perihelion_arg_deg": 320.9265163822093,
      "a_AU": 0.999638198990532,
      "i_deg": 0.003731805935661064,
      "raan_deg": 142.4673874096544,
      "argp_deg": 320.9265163822093,
      "M_deg": 150.6214880639409
    },
    "Marte": {
      "id": 499,
      "radius": 3390,
      "orbit_km": 227927735.62095758,
      "period_days": 686.9197491857004,
      "eccentricity": 0.09343065764279226,
      "perihelion_arg_deg": 286.6103006515699,
      "a_AU": 1.52360280633966,
      "i_deg": 1.847490018189468,
      "raan_deg": 49.48114996731361,
      "argp_deg": 286.6103006515699,
      "M_deg": 37.58650823642787
    },
    "Júpiter": {
      "id": 599,
      "radius": 69911,
      "orbit_km": 778400070.2516527,
      "period_days": 4333.186883313479,
      "eccentricity": 0.04824054781865446,
      "perihelion_arg_deg": 273.7269682539439,
      "a_AU": 5.203283085577051,
      "i_deg": 1.303408588685308,
      "raan_deg": 100.5148517381028,
      "argp_deg": 273.7269682539439,
      "M_deg": 102.1635876153497
    },
    "Saturno": {
      "id": 699,
      "radius": 58232,
      "orbit_km": 1427437133.2202861,
      "period_days": 10764.24909331602,
      "eccentricity": 0.05539452049702264,
      "perihelion_arg_deg": 338.5934183298723,
      "a_AU": 9.541827878572112,
      "i_deg": 2.487991571070149,
      "raan_deg": 113.6381705846507,
      "argp_deg": 338.5934183298723,
      "M_deg": 280.9050219454886
    },
    "Urano": {
      "id": 799,
      "radius": 25362,
      "orbit_km": 2882958739.260325,
      "period_days": 30899.99926272795,
      "eccentricity": 0.04727954060408911,
      "perihelion_arg_deg": 92.04271359627862,
      "a_AU": 19.27138886249084,
      "i_deg": 0.7732423472522026,
      "raan_deg": 74.00852496386861,
      "argp_deg": 92.04271359627862,
      "M_deg": 260.5503548460045
    },
    "Netuno": {
      "id": 899,
      "radius": 24622,
      "orbit_km": 4501931022.108112,
      "period_days": 60297.23258410179,
      "eccentricity": 0.01046226260357544,
      "perihelion_arg_deg": 278.1822915739817,
      "a_AU": 30.09355013572471,
      "i_deg": 1.768650575748054,
      "raan_deg": 131.7258728728602,
      "argp_deg": 278.1822915739817,
      "M_deg": 312.9308456324635
    }
  },
  "moons": {
    "Lua": {
      "id": 301,
      "planet": "Terra",
      "radius": 1737,
      "eccentricity": 0.06179493985164491,
      "orbit_km": 381555.21684320644,
      "period_days": 26.98228398446152
    },
    "Io": {
      "id": 501,
      "planet": "Júpiter",
      "radius": 1821,
      "eccentricity": 0.004357780034282417,
      "orbit_km": 422030.7622670055,
      "period_days": 1.771360064805535
    },
    "Europa": {
      "id": 502,
      "planet": "Júpiter",
      "radius": 1560,
      "eccentricity": 0.009708671838001637,
      "orbit_km": 671230.5502222109,
      "period_days": 3.553063626156078
    },
    "Ganymede": {
      "id": 503,
      "planet": "Júpiter",
      "radius": 2634,
      "eccentricity": 0.001536011136827577,
      "orbit_km": 1070555.046507828,
      "period_days": 7.15644699870431
    },
    "Callisto": {
      "id": 504,
      "planet": "Júpiter",
      "radius": 2410,
      "eccentricity": 0.007112029498462096,
      "orbit_km": 1883174.7055320118,
      "period_days": 16.69646437548223
    },
    "Titan": {
      "id": 606,
      "planet": "Saturno",
      "radius": 2575,
      "eccentricity": 0.02874199998847522,
      "orbit_km": 1221932.0591884628,
      "period_days": 15.9472938346161
    }
  }
}