{
  "generated_at": "2026-04-06T05:30:27.723875+00:00",
  "source": "JPL Horizons",
  "planets": {
    "Mercúrio": {
      "id": 199,
      "radius": 2440,
      "orbit_km": 57909164.17632064,
      "period_days": 87.96931652178971,
      "eccentricity": 0.2056343488122979,
      "perihelion_arg_deg": 29.20111624705881,
      "a_AU": 0.3870988531143622,
      "i_deg": 7.003390725603944,
      "raan_deg": 48.29803803078031,
      "argp_deg": 29.20111624705881,
      "M_deg": 186.4204064809028
    },
    "Vênus": {
      "id": 299,
      "radius": 6052,
      "orbit_km": 108208414.99473773,
      "period_days": 224.6990988835809,
      "eccentricity": 0.006790128446709863,
      "perihelion_arg_deg": 54.93631029679077,
      "a_AU": 0.7233285773949036,
      "i_deg": 3.394386059495946,
      "raan_deg": 76.60688163798343,
      "argp_deg": 54.93631029679077,
      "M_deg": 297.2710551132586
    },
    "Terra": {
      "id": 399,
      "radius": 6371,
      "orbit_km": 149503522.7142019,
      "period_days": 364.9108659426778,
      "eccentricity": 0.01694877478767211,
      "perihelion_arg_deg": 286.8507235832595,
      "a_AU": 0.9993693226691222,
      "i_deg": 0.003812621670945972,
      "raan_deg": 174.0947378539638,
      "argp_deg": 286.8507235832595,
      "M_deg": 92.95711543434452
    },
    "Marte": {
      "id": 499,
      "radius": 3390,
      "orbit_km": 227935332.91993237,
      "period_days": 686.9540941383647,
      "eccentricity": 0.09345704907797368,
      "perihelion_arg_deg": 286.6195551837224,
      "a_AU": 1.523653591146551,
      "i_deg": 1.847483120418752,
      "raan_deg": 49.48150834272076,
      "argp_deg": 286.6195551837224,
      "M_deg": 5.609274335112642
    },
    "Júpiter": {
      "id": 599,
      "radius": 69911,
      "orbit_km": 778267511.9421048,
      "period_days": 4332.080044757739,
      "eccentricity": 0.04829234694789179,
      "perihelion_arg_deg": 273.5240074491803,
      "a_AU": 5.202396988008098,
      "i_deg": 1.303685639799854,
      "raan_deg": 100.5193180285688,
      "argp_deg": 273.5240074491803,
      "M_deg": 97.29226683429863
    },
    "Saturno": {
      "id": 699,
      "radius": 58232,
      "orbit_km": 1427363673.6463566,
      "period_days": 10763.41817022991,
      "eccentricity": 0.05539459149730251,
      "perihelion_arg_deg": 338.7135102999554,
      "a_AU": 9.541336831650217,
      "i_deg": 2.48694800835685,
      "raan_deg": 113.567200280423,
      "argp_deg": 338.7135102999554,
      "M_deg": 278.8161854419149
    },
    "Urano": {
      "id": 799,
      "radius": 25362,
      "orbit_km": 2883926290.3680696,
      "period_days": 30915.55611224119,
      "eccentricity": 0.04709858422512263,
      "perihelion_arg_deg": 91.6770129988145,
      "a_AU": 19.27785654216581,
      "i_deg": 0.7739991947434891,
      "raan_deg": 73.99496960498892,
      "argp_deg": 91.6770129988145,
      "M_deg": 260.2068004420991
    },
    "Netuno": {
      "id": 899,
      "radius": 24622,
      "orbit_km": 4501732908.807816,
      "period_days": 60293.25244127027,
      "eccentricity": 0.01066701042458786,
      "perihelion_arg_deg": 279.4794639488016,
      "a_AU": 30.0922258301088,
      "i_deg": 1.769267700193648,
      "raan_deg": 131.7505395398934,
      "argp_deg": 279.4794639488016,
      "M_deg": 311.2807132264364
    }
  },
  "moons": {
    "Lua": {
      "id": 301,
      "planet": "Terra",
      "radius": 1737,
      "eccentricity": 0.05550883815899835,
      "orbit_km": 383672.6543002728,
      "period_days": 27.20720224644097
    },
    "Io": {
      "id": 501,
      "planet": "Júpiter",
      "radius": 1821,
      "eccentricity": 0.004362019171214919,
      "orbit_km": 422031.1547689519,
      "period_days": 1.771362535937369
    },
    "Europa": {
      "id": 502,
      "planet": "Júpiter",
      "radius": 1560,
      "eccentricity": 0.009238826594301398,
      "orbit_km": 671338.1020880744,
      "period_days": 3.553917626163063
    },
    "Ganymede": {
      "id": 503,
      "planet": "Júpiter",
      "radius": 2634,
      "eccentricity": 0.001270103374212025,
      "orbit_km": 1070420.2517484333,
      "period_days": 7.15509542712179
    },
    "Callisto": {
      "id": 504,
      "planet": "Júpiter",
      "radius": 2410,
      "eccentricity": 0.007208084164927418,
      "orbit_km": 1882707.23333882,
      "period_days": 16.69024776021174
    },
    "Titan": {
      "id": 606,
      "planet": "Saturno",
      "radius": 2575,
      "eccentricity": 0.02880736178687142,
      "orbit_km": 1221949.892639169,
      "period_days": 15.94764294934061
    }
  }
}