{
  "generated_at": "2026-04-09T05:17:09.133856+00:00",
  "source": "JPL Horizons",
  "planets": {
    "Mercúrio": {
      "id": 199,
      "radius": 2440,
      "orbit_km": 57909169.10799076,
      "period_days": 87.96932775927682,
      "eccentricity": 0.2056342135947936,
      "perihelion_arg_deg": 29.20116294067201,
      "a_AU": 0.3870988860805407,
      "i_deg": 7.003389149197749,
      "raan_deg": 48.29802801931325,
      "argp_deg": 29.20116294067201,
      "M_deg": 198.6973562000668
    },
    "Vênus": {
      "id": 299,
      "radius": 6052,
      "orbit_km": 108208475.1095737,
      "period_days": 224.6992861298966,
      "eccentricity": 0.006790296551280346,
      "perihelion_arg_deg": 54.93173834955832,
      "a_AU": 0.7233289792377621,
      "i_deg": 3.394385570475124,
      "raan_deg": 76.60688250274491,
      "argp_deg": 54.93173834955832,
      "M_deg": 302.082038509344
    },
    "Terra": {
      "id": 399,
      "radius": 6371,
      "orbit_km": 149570693.45289358,
      "period_days": 365.1568208702671,
      "eccentricity": 0.01703411578701484,
      "perihelion_arg_deg": 299.5051636838634,
      "a_AU": 0.9998183313239739,
      "i_deg": 0.002663782540495955,
      "raan_deg": 162.9761489081853,
      "argp_deg": 299.5051636838634,
      "M_deg": 94.36567987738925
    },
    "Marte": {
      "id": 499,
      "radius": 3390,
      "orbit_km": 227934956.7073589,
      "period_days": 686.9523933884788,
      "eccentricity": 0.09345560602407117,
      "perihelion_arg_deg": 286.6192519084761,
      "a_AU": 1.523651076320827,
      "i_deg": 1.847483753283349,
      "raan_deg": 49.48146500482792,
      "argp_deg": 286.6192519084761,
      "M_deg": 7.181739713898747
    },
    "Júpiter": {
      "id": 599,
      "radius": 69911,
      "orbit_km": 778186709.0542326,
      "period_days": 4331.40540110343,
      "eccentricity": 0.04831615063005962,
      "perihelion_arg_deg": 273.4007855022324,
      "a_AU": 5.201856854064385,
      "i_deg": 1.303849450246228,
      "raan_deg": 100.5214552198519,
      "argp_deg": 273.4007855022324,
      "M_deg": 97.66220628976487
    },
    "Saturno": {
      "id": 699,
      "radius": 58232,
      "orbit_km": 1427264600.058108,
      "period_days": 10762.2975532752,
      "eccentricity": 0.05522415380141257,
      "perihelion_arg_deg": 338.7498847633599,
      "a_AU": 9.540674565618053,
      "i_deg": 2.487070067073749,
      "raan_deg": 113.5755572104609,
      "argp_deg": 338.7498847633599,
      "M_deg": 278.8528143970215
    },
    "Urano": {
      "id": 799,
      "radius": 25362,
      "orbit_km": 2883589616.643297,
      "period_days": 30910.14258016652,
      "eccentricity": 0.04711958177691009,
      "perihelion_arg_deg": 91.8002203615292,
      "a_AU": 19.27560601732079,
      "i_deg": 0.7729942941264409,
      "raan_deg": 74.01261153596634,
      "argp_deg": 91.8002203615292,
      "M_deg": 260.1002106450103
    },
    "Netuno": {
      "id": 899,
      "radius": 24622,
      "orbit_km": 4503003650.872746,
      "period_days": 60318.78346907115,
      "eccentricity": 0.01063712609810643,
      "perihelion_arg_deg": 277.1748073998896,
      "a_AU": 30.10072021615176,
      "i_deg": 1.772351075332402,
      "raan_deg": 131.8686188271526,
      "argp_deg": 277.1748073998896,
      "M_deg": 313.4518347778574
    }
  },
  "moons": {
    "Lua": {
      "id": 301,
      "planet": "Terra",
      "radius": 1737,
      "eccentricity": 0.06544457235399614,
      "orbit_km": 380165.442991411,
      "period_days": 26.83499820419479
    },
    "Io": {
      "id": 501,
      "planet": "Júpiter",
      "radius": 1821,
      "eccentricity": 0.004609701269463708,
      "orbit_km": 422040.78958294244,
      "period_days": 1.771423195603453
    },
    "Europa": {
      "id": 502,
      "planet": "Júpiter",
      "radius": 1560,
      "eccentricity": 0.009222002358757057,
      "orbit_km": 671318.0272187105,
      "period_days": 3.553758219378681
    },
    "Ganymede": {
      "id": 503,
      "planet": "Júpiter",
      "radius": 2634,
      "eccentricity": 0.001222635818883242,
      "orbit_km": 1070524.7761325089,
      "period_days": 7.156143473716051
    },
    "Callisto": {
      "id": 504,
      "planet": "Júpiter",
      "radius": 2410,
      "eccentricity": 0.007157692154559637,
      "orbit_km": 1882676.1610396756,
      "period_days": 16.68983457682701
    },
    "Titan": {
      "id": 606,
      "planet": "Saturno",
      "radius": 2575,
      "eccentricity": 0.02879016451751453,
      "orbit_km": 1221949.9797321528,
      "period_days": 15.94764465431376
    }
  }
}