{
  "generated_at": "2026-03-28T04:58:35.366419+00:00",
  "source": "JPL Horizons",
  "planets": {
    "Mercúrio": {
      "id": 199,
      "radius": 2440,
      "orbit_km": 57909147.98345962,
      "period_days": 87.96927962413703,
      "eccentricity": 0.2056346270862946,
      "perihelion_arg_deg": 29.20100862523148,
      "a_AU": 0.3870987448717719,
      "i_deg": 7.003394483334085,
      "raan_deg": 48.29805100260863,
      "argp_deg": 29.20100862523148,
      "M_deg": 149.5895094999824
    },
    "Vênus": {
      "id": 299,
      "radius": 6052,
      "orbit_km": 108208270.10512769,
      "period_days": 224.6986475801322,
      "eccentricity": 0.006789724792105521,
      "perihelion_arg_deg": 54.94711332431565,
      "a_AU": 0.7233276088676822,
      "i_deg": 3.39438684513965,
      "raan_deg": 76.60687826331271,
      "argp_deg": 54.94711332431565,
      "M_deg": 282.8409635040543
    },
    "Terra": {
      "id": 399,
      "radius": 6371,
      "orbit_km": 149533518.33392754,
      "period_days": 365.0206922167529,
      "eccentricity": 0.01627497023961048,
      "perihelion_arg_deg": 281.8325104802084,
      "a_AU": 0.9995698310024647,
      "i_deg": 0.005227076770727681,
      "raan_deg": 179.8745215815427,
      "argp_deg": 281.8325104802084,
      "M_deg": 83.39659900365145
    },
    "Marte": {
      "id": 499,
      "radius": 3390,
      "orbit_km": 227936421.17213583,
      "period_days": 686.9590138245059,
      "eccentricity": 0.09346129786589956,
      "perihelion_arg_deg": 286.6203460202146,
      "a_AU": 1.523660865663216,
      "i_deg": 1.847481394980781,
      "raan_deg": 49.48165127605525,
      "argp_deg": 286.6203460202146,
      "M_deg": 0.8920187005821388
    },
    "Júpiter": {
      "id": 599,
      "radius": 69911,
      "orbit_km": 778300323.0753094,
      "period_days": 4332.35400316794,
      "eccentricity": 0.04826378585930677,
      "perihelion_arg_deg": 273.5717491757597,
      "a_AU": 5.202616316886584,
      "i_deg": 1.303585082395464,
      "raan_deg": 100.5180343206618,
      "argp_deg": 273.5717491757597,
      "M_deg": 96.50034948006623
    },
    "Saturno": {
      "id": 699,
      "radius": 58232,
      "orbit_km": 1427779714.756593,
      "period_days": 10768.12441729986,
      "eccentricity": 0.0552130103885248,
      "perihelion_arg_deg": 338.2712721848557,
      "a_AU": 9.544117894698037,
      "i_deg": 2.488590583283063,
      "raan_deg": 113.6777223154873,
      "argp_deg": 338.2712721848557,
      "M_deg": 278.8232377614331
    },
    "Urano": {
      "id": 799,
      "radius": 25362,
      "orbit_km": 2883781693.14264,
      "period_days": 30913.23102805816,
      "eccentricity": 0.0470785030543563,
      "perihelion_arg_deg": 91.7494628315088,
      "a_AU": 19.27688996941479,
      "i_deg": 0.7743128924541177,
      "raan_deg": 73.989200330398,
      "argp_deg": 91.7494628315088,
      "M_deg": 260.0316105500654
    },
    "Netuno": {
      "id": 899,
      "radius": 24622,
      "orbit_km": 4503601627.484124,
      "period_days": 60330.79892207704,
      "eccentricity": 0.01074225236312624,
      "perihelion_arg_deg": 276.7843367670401,
      "a_AU": 30.10471744290759,
      "i_deg": 1.771118059543038,
      "raan_deg": 131.8214544613831,
      "argp_deg": 276.7843367670401,
      "M_deg": 313.8202370298972
    }
  },
  "moons": {
    "Lua": {
      "id": 301,
      "planet": "Terra",
      "radius": 1737,
      "eccentricity": 0.03434544206631993,
      "orbit_km": 381608.0455816819,
      "period_days": 26.98788798081771
    },
    "Io": {
      "id": 501,
      "planet": "Júpiter",
      "radius": 1821,
      "eccentricity": 0.004674237985230499,
      "orbit_km": 422036.47291722393,
      "period_days": 1.77139601829352
    },
    "Europa": {
      "id": 502,
      "planet": "Júpiter",
      "radius": 1560,
      "eccentricity": 0.009809882621977448,
      "orbit_km": 671252.0991089793,
      "period_days": 3.553234726488662
    },
    "Ganymede": {
      "id": 503,
      "planet": "Júpiter",
      "radius": 2634,
      "eccentricity": 0.001608637457828519,
      "orbit_km": 1070497.1466403843,
      "period_days": 7.155866432952875
    },
    "Callisto": {
      "id": 504,
      "planet": "Júpiter",
      "radius": 2410,
      "eccentricity": 0.007144046999192674,
      "orbit_km": 1882749.366109941,
      "period_days": 16.69080802548608
    },
    "Titan": {
      "id": 606,
      "planet": "Saturno",
      "radius": 2575,
      "eccentricity": 0.02870835531349011,
      "orbit_km": 1221923.3065103663,
      "period_days": 15.9471224896402
    }
  }
}