{
  "generated_at": "2026-07-18T05:31:54.971937+00:00",
  "source": "JPL Horizons",
  "planets": {
    "Mercúrio": {
      "id": 199,
      "radius": 2440,
      "orbit_km": 57909049.859278634,
      "period_days": 87.96905603485557,
      "eccentricity": 0.2056368356750963,
      "perihelion_arg_deg": 29.2016388899904,
      "a_AU": 0.3870980889521353,
      "i_deg": 7.003371700262509,
      "raan_deg": 48.29752558955691,
      "argp_deg": 29.2016388899904,
      "M_deg": 247.9310371963235
    },
    "Vênus": {
      "id": 299,
      "radius": 6052,
      "orbit_km": 108207966.01233771,
      "period_days": 224.697700390182,
      "eccentricity": 0.006780626359032368,
      "perihelion_arg_deg": 54.84021965645545,
      "a_AU": 0.7233255761329344,
      "i_deg": 3.394370908750553,
      "raan_deg": 76.60655649675842,
      "argp_deg": 54.84021965645545,
      "M_deg": 102.3878605817592
    },
    "Terra": {
      "id": 399,
      "radius": 6371,
      "orbit_km": 149695383.73206994,
      "period_days": 365.613537954551,
      "eccentricity": 0.0160925809366593,
      "perihelion_arg_deg": 247.9165156179707,
      "a_AU": 1.000651834358428,
      "i_deg": 0.003042421276686293,
      "raan_deg": 213.6491104758745,
      "argp_deg": 247.9165156179707,
      "M_deg": 193.9181613612961
    },
    "Marte": {
      "id": 499,
      "radius": 3390,
      "orbit_km": 227926632.96890157,
      "period_days": 686.9147644968762,
      "eccentricity": 0.09342601501158068,
      "perihelion_arg_deg": 286.6089185925054,
      "a_AU": 1.523595435565926,
      "i_deg": 1.847483180545631,
      "raan_deg": 49.48120873854133,
      "argp_deg": 286.6089185925054,
      "M_deg": 59.59947220849681
    },
    "Júpiter": {
      "id": 599,
      "radius": 69911,
      "orbit_km": 778370542.0147569,
      "period_days": 4332.940319572847,
      "eccentricity": 0.04827546195846213,
      "perihelion_arg_deg": 273.6925781758615,
      "a_AU": 5.203085701504954,
      "i_deg": 1.303475729227335,
      "raan_deg": 100.5156412317369,
      "argp_deg": 273.6925781758615,
      "M_deg": 105.6835254582714
    },
    "Saturno": {
      "id": 699,
      "radius": 58232,
      "orbit_km": 1427302663.9020069,
      "period_days": 10762.72808712152,
      "eccentricity": 0.05512051367017096,
      "perihelion_arg_deg": 338.5840723828045,
      "a_AU": 9.540929006698804,
      "i_deg": 2.488575756431898,
      "raan_deg": 113.6882444079248,
      "argp_deg": 338.5840723828045,
      "M_deg": 282.2386142868048
    },
    "Urano": {
      "id": 799,
      "radius": 25362,
      "orbit_km": 2882603611.2281694,
      "period_days": 30894.28996249956,
      "eccentricity": 0.04736944371560723,
      "perihelion_arg_deg": 92.14653700732566,
      "a_AU": 19.26901497822034,
      "i_deg": 0.7713462276443509,
      "raan_deg": 74.03925247366112,
      "argp_deg": 92.14653700732566,
      "M_deg": 260.9125113032846
    },
    "Netuno": {
      "id": 899,
      "radius": 24622,
      "orbit_km": 4500361360.524791,
      "period_days": 60265.7001161934,
      "eccentricity": 0.01013759554005919,
      "perihelion_arg_deg": 278.9687529553269,
      "a_AU": 30.08305759611852,
      "i_deg": 1.772942153866001,
      "raan_deg": 131.8929811547774,
      "argp_deg": 278.9687529553269,
      "M_deg": 312.2137398965338
    }
  },
  "moons": {
    "Lua": {
      "id": 301,
      "planet": "Terra",
      "radius": 1737,
      "eccentricity": 0.06929863086461527,
      "orbit_km": 382960.74114193866,
      "period_days": 27.13151202990987
    },
    "Io": {
      "id": 501,
      "planet": "Júpiter",
      "radius": 1821,
      "eccentricity": 0.003736868205030717,
      "orbit_km": 422020.04155242146,
      "period_days": 1.771292569281119
    },
    "Europa": {
      "id": 502,
      "planet": "Júpiter",
      "radius": 1560,
      "eccentricity": 0.009577832206318202,
      "orbit_km": 671230.7543237166,
      "period_days": 3.553065246729717
    },
    "Ganymede": {
      "id": 503,
      "planet": "Júpiter",
      "radius": 2634,
      "eccentricity": 0.001729940054892482,
      "orbit_km": 1070758.7771032897,
      "period_days": 7.15848994349648
    },
    "Callisto": {
      "id": 504,
      "planet": "Júpiter",
      "radius": 2410,
      "eccentricity": 0.007100254301517019,
      "orbit_km": 1882285.80321794,
      "period_days": 16.68464409063105
    },
    "Titan": {
      "id": 606,
      "planet": "Saturno",
      "radius": 2575,
      "eccentricity": 0.02868093136052079,
      "orbit_km": 1221951.2242274683,
      "period_days": 15.94766901714502
    }
  }
}