{
  "generated_at": "2026-01-25T04:16:56.492206+00:00",
  "source": "JPL Horizons",
  "planets": {
    "Mercúrio": {
      "id": 199,
      "radius": 2440,
      "orbit_km": 57909336.436467856,
      "period_days": 87.96970904045833,
      "eccentricity": 0.2056345267524806,
      "perihelion_arg_deg": 29.19974496778401,
      "a_AU": 0.3871000046023239,
      "i_deg": 7.003382847293626,
      "raan_deg": 48.29838673218116,
      "argp_deg": 29.19974496778401,
      "M_deg": 255.8660002051934
    },
    "Vênus": {
      "id": 299,
      "radius": 6052,
      "orbit_km": 108209185.62765208,
      "period_days": 224.7014992629286,
      "eccentricity": 0.006782777818836473,
      "perihelion_arg_deg": 54.8960221010968,
      "a_AU": 0.7233337287577589,
      "i_deg": 3.39438680538876,
      "raan_deg": 76.60706978631286,
      "argp_deg": 54.8960221010968,
      "M_deg": 183.5593065629356
    },
    "Terra": {
      "id": 399,
      "radius": 6371,
      "orbit_km": 149629554.15446594,
      "period_days": 365.3723928577045,
      "eccentricity": 0.01672497095089603,
      "perihelion_arg_deg": 261.9024324151446,
      "a_AU": 1.000211790811712,
      "i_deg": 0.002807379985975984,
      "raan_deg": 202.5735780123632,
      "argp_deg": 261.9024324151446,
      "M_deg": 19.52344452164581
    },
    "Marte": {
      "id": 499,
      "radius": 3390,
      "orbit_km": 227941414.0364303,
      "period_days": 686.981585328635,
      "eccentricity": 0.09348292032542753,
      "perihelion_arg_deg": 286.62229419647,
      "a_AU": 1.523694240899582,
      "i_deg": 1.847483213941177,
      "raan_deg": 49.48275728300744,
      "argp_deg": 286.62229419647,
      "M_deg": 328.3996687492722
    },
    "Júpiter": {
      "id": 599,
      "radius": 69911,
      "orbit_km": 778174291.9317447,
      "period_days": 4331.301730526239,
      "eccentricity": 0.04838699983507571,
      "perihelion_arg_deg": 273.3805308647159,
      "a_AU": 5.201773850727307,
      "i_deg": 1.303914398356432,
      "raan_deg": 100.5207325450492,
      "argp_deg": 273.3805308647159,
      "M_deg": 91.5244143379031
    },
    "Saturno": {
      "id": 699,
      "radius": 58232,
      "orbit_km": 1428252954.0444267,
      "period_days": 10773.47852239924,
      "eccentricity": 0.05530791176461659,
      "perihelion_arg_deg": 337.9205115983312,
      "a_AU": 9.54728130394724,
      "i_deg": 2.489075860816892,
      "raan_deg": 113.7013672513631,
      "argp_deg": 337.9205115983312,
      "M_deg": 277.0865829187201
    },
    "Urano": {
      "id": 799,
      "radius": 25362,
      "orbit_km": 2884632198.3629985,
      "period_days": 30926.90775827681,
      "eccentricity": 0.04689088068580784,
      "perihelion_arg_deg": 91.37139227099024,
      "a_AU": 19.28257524565822,
      "i_deg": 0.7715399284583141,
      "raan_deg": 74.03991058832706,
      "argp_deg": 91.37139227099024,
      "M_deg": 259.6232351669393
    },
    "Netuno": {
      "id": 899,
      "radius": 24622,
      "orbit_km": 4503404912.529716,
      "period_days": 60326.84613881265,
      "eccentricity": 0.01092311719450849,
      "perihelion_arg_deg": 277.9740951251612,
      "a_AU": 30.10340248465659,
      "i_deg": 1.77161358910371,
      "raan_deg": 131.839776806768,
      "argp_deg": 277.9740951251612,
      "M_deg": 312.2749672739287
    }
  },
  "moons": {
    "Lua": {
      "id": 301,
      "planet": "Terra",
      "radius": 1737,
      "eccentricity": 0.03606536722910252,
      "orbit_km": 380489.6157327398,
      "period_days": 26.86932942488063
    },
    "Io": {
      "id": 501,
      "planet": "Júpiter",
      "radius": 1821,
      "eccentricity": 0.004658196612947599,
      "orbit_km": 422041.7408925637,
      "period_days": 1.771429184975526
    },
    "Europa": {
      "id": 502,
      "planet": "Júpiter",
      "radius": 1560,
      "eccentricity": 0.009181212497125836,
      "orbit_km": 671301.7076921262,
      "period_days": 3.553628634077262
    },
    "Ganymede": {
      "id": 503,
      "planet": "Júpiter",
      "radius": 2634,
      "eccentricity": 0.001482150999426602,
      "orbit_km": 1070737.3243441859,
      "period_days": 7.158274812981944
    },
    "Callisto": {
      "id": 504,
      "planet": "Júpiter",
      "radius": 2410,
      "eccentricity": 0.006980105266005815,
      "orbit_km": 1882965.4665715757,
      "period_days": 16.69368174427307
    },
    "Titan": {
      "id": 606,
      "planet": "Saturno",
      "radius": 2575,
      "eccentricity": 0.02869216788823279,
      "orbit_km": 1221930.1721242722,
      "period_days": 15.94725689284595
    }
  }
}