{
  "generated_at": "2026-06-11T08:08:19.570869+00:00",
  "source": "JPL Horizons",
  "planets": {
    "Mercúrio": {
      "id": 199,
      "radius": 2440,
      "orbit_km": 57909117.411911674,
      "period_days": 87.96920996269003,
      "eccentricity": 0.2056369464814748,
      "perihelion_arg_deg": 29.20159075728407,
      "a_AU": 0.3870985405135962,
      "i_deg": 7.003391441123621,
      "raan_deg": 48.29772074933407,
      "argp_deg": 29.20159075728407,
      "M_deg": 96.51416566354447
    },
    "Vênus": {
      "id": 299,
      "radius": 6052,
      "orbit_km": 108208181.28486234,
      "period_days": 224.6983709221274,
      "eccentricity": 0.006785380444741211,
      "perihelion_arg_deg": 54.84519847113948,
      "a_AU": 0.7233270151408803,
      "i_deg": 3.394371352146941,
      "raan_deg": 76.60658911329935,
      "argp_deg": 54.84519847113948,
      "M_deg": 43.10280896884171
    },
    "Terra": {
      "id": 399,
      "radius": 6371,
      "orbit_km": 149679168.1276322,
      "period_days": 365.5541324758625,
      "eccentricity": 0.01630321391305976,
      "perihelion_arg_deg": 312.1997656937277,
      "a_AU": 1.000543439737824,
      "i_deg": 0.003481865351776044,
      "raan_deg": 152.5623390100008,
      "argp_deg": 312.1997656937277,
      "M_deg": 154.1828540154406
    },
    "Marte": {
      "id": 499,
      "radius": 3390,
      "orbit_km": 227927334.73323184,
      "period_days": 686.9179369167321,
      "eccentricity": 0.09342951198170045,
      "perihelion_arg_deg": 286.6095683535299,
      "a_AU": 1.523600126570731,
      "i_deg": 1.847489372624009,
      "raan_deg": 49.48116025972194,
      "argp_deg": 286.6095683535299,
      "M_deg": 40.20761986064326
    },
    "Júpiter": {
      "id": 599,
      "radius": 69911,
      "orbit_km": 778339267.416233,
      "period_days": 4332.679178637254,
      "eccentricity": 0.04820845531114971,
      "perihelion_arg_deg": 273.6208476416357,
      "a_AU": 5.202876643726407,
      "i_deg": 1.303511675367512,
      "raan_deg": 100.5166071093525,
      "argp_deg": 273.6208476416357,
      "M_deg": 102.6897050983496
    },
    "Saturno": {
      "id": 699,
      "radius": 58232,
      "orbit_km": 1426925579.1546028,
      "period_days": 10758.46319716047,
      "eccentricity": 0.05520133749599615,
      "perihelion_arg_deg": 339.0046309408056,
      "a_AU": 9.538408350852302,
      "i_deg": 2.487007883707896,
      "raan_deg": 113.5627525067578,
      "argp_deg": 339.0046309408056,
      "M_deg": 280.7189597534273
    },
    "Urano": {
      "id": 799,
      "radius": 25362,
      "orbit_km": 2883157767.2210665,
      "period_days": 30903.19913681777,
      "eccentricity": 0.04728653263585479,
      "perihelion_arg_deg": 91.93314301286969,
      "a_AU": 19.27271928223419,
      "i_deg": 0.771880791236092,
      "raan_deg": 74.03127173210308,
      "argp_deg": 91.93314301286969,
      "M_deg": 260.6980356226029
    },
    "Netuno": {
      "id": 899,
      "radius": 24622,
      "orbit_km": 4501516062.744099,
      "period_days": 60288.8960532044,
      "eccentricity": 0.01049202662723304,
      "perihelion_arg_deg": 279.1111503766618,
      "a_AU": 30.09077630370376,
      "i_deg": 1.766083854700113,
      "raan_deg": 131.6254859178323,
      "argp_deg": 279.1111503766618,
      "M_deg": 312.1462501788187
    }
  },
  "moons": {
    "Lua": {
      "id": 301,
      "planet": "Terra",
      "radius": 1737,
      "eccentricity": 0.06905762157877354,
      "orbit_km": 382016.22193940094,
      "period_days": 27.03119981521734
    },
    "Io": {
      "id": 501,
      "planet": "Júpiter",
      "radius": 1821,
      "eccentricity": 0.003717107977229587,
      "orbit_km": 422022.93893895496,
      "period_days": 1.771310810576107
    },
    "Europa": {
      "id": 502,
      "planet": "Júpiter",
      "radius": 1560,
      "eccentricity": 0.009380501296642436,
      "orbit_km": 671314.9702661656,
      "period_days": 3.553733945508269
    },
    "Ganymede": {
      "id": 503,
      "planet": "Júpiter",
      "radius": 2634,
      "eccentricity": 0.001631746707990901,
      "orbit_km": 1070378.860189351,
      "period_days": 7.154680415786398
    },
    "Callisto": {
      "id": 504,
      "planet": "Júpiter",
      "radius": 2410,
      "eccentricity": 0.007383053766169098,
      "orbit_km": 1883076.6175999308,
      "period_days": 16.69515990250938
    },
    "Titan": {
      "id": 606,
      "planet": "Saturno",
      "radius": 2575,
      "eccentricity": 0.02879689646863995,
      "orbit_km": 1221941.3756268923,
      "period_days": 15.94747621660273
    }
  }
}