{
  "generated_at": "2026-04-27T06:06:27.265796+00:00",
  "source": "JPL Horizons",
  "planets": {
    "Mercúrio": {
      "id": 199,
      "radius": 2440,
      "orbit_km": 57909134.058827445,
      "period_days": 87.96924789495873,
      "eccentricity": 0.2056336045544719,
      "perihelion_arg_deg": 29.20159105993183,
      "a_AU": 0.387098651791355,
      "i_deg": 7.003384443284797,
      "raan_deg": 48.29793199738571,
      "argp_deg": 29.20159105993183,
      "M_deg": 272.3589293775827
    },
    "Vênus": {
      "id": 299,
      "radius": 6052,
      "orbit_km": 108208815.67500599,
      "period_days": 224.700346927625,
      "eccentricity": 0.006791262780604195,
      "perihelion_arg_deg": 54.90133590002339,
      "a_AU": 0.723331255777065,
      "i_deg": 3.394380631176101,
      "raan_deg": 76.60686392902765,
      "argp_deg": 54.90133590002339,
      "M_deg": 330.9507129148759
    },
    "Terra": {
      "id": 399,
      "radius": 6371,
      "orbit_km": 149522205.2376035,
      "period_days": 364.9792690342706,
      "eccentricity": 0.01656211989788694,
      "perihelion_arg_deg": 270.814129095315,
      "a_AU": 0.999494207624464,
      "i_deg": 0.005237272661108849,
      "raan_deg": 190.1969606608638,
      "argp_deg": 270.814129095315,
      "M_deg": 113.6580568518284
    },
    "Marte": {
      "id": 499,
      "radius": 3390,
      "orbit_km": 227932650.5056275,
      "period_days": 686.941967738013,
      "eccentricity": 0.09344703314024486,
      "perihelion_arg_deg": 286.6170861908003,
      "a_AU": 1.523635660314432,
      "i_deg": 1.84748798935047,
      "raan_deg": 49.48124438556141,
      "argp_deg": 286.6170861908003,
      "M_deg": 16.61697317186725
    },
    "Júpiter": {
      "id": 599,
      "radius": 69911,
      "orbit_km": 778122065.2345144,
      "period_days": 4330.865698796103,
      "eccentricity": 0.04829656892917584,
      "perihelion_arg_deg": 273.2963517112118,
      "a_AU": 5.201424736819562,
      "i_deg": 1.303910996640997,
      "raan_deg": 100.5226464742053,
      "argp_deg": 273.2963517112118,
      "M_deg": 99.26601687010837
    },
    "Saturno": {
      "id": 699,
      "radius": 58232,
      "orbit_km": 1427369170.1168368,
      "period_days": 10763.48034170199,
      "eccentricity": 0.05515992969658223,
      "perihelion_arg_deg": 338.6100818927823,
      "a_AU": 9.541373573286005,
      "i_deg": 2.487832186655661,
      "raan_deg": 113.6272968387805,
      "argp_deg": 338.6100818927823,
      "M_deg": 279.5348364791984
    },
    "Urano": {
      "id": 799,
      "radius": 25362,
      "orbit_km": 2883489353.5528193,
      "period_days": 30908.53046476807,
      "eccentricity": 0.04717233324192204,
      "perihelion_arg_deg": 91.80815341832762,
      "a_AU": 19.27493579995734,
      "i_deg": 0.7716006141073607,
      "raan_deg": 74.03683206063269,
      "argp_deg": 91.80815341832762,
      "M_deg": 260.2829533581509
    },
    "Netuno": {
      "id": 899,
      "radius": 24622,
      "orbit_km": 4502027574.720231,
      "period_days": 60299.17238054558,
      "eccentricity": 0.01048028749034241,
      "perihelion_arg_deg": 277.9135550953993,
      "a_AU": 30.0941955500723,
      "i_deg": 1.773975710215114,
      "raan_deg": 131.9310147944819,
      "argp_deg": 277.9135550953993,
      "M_deg": 312.7563715476997
    }
  },
  "moons": {
    "Lua": {
      "id": 301,
      "planet": "Terra",
      "radius": 1737,
      "eccentricity": 0.04674834870488528,
      "orbit_km": 382390.15862188843,
      "period_days": 27.07089877199986
    },
    "Io": {
      "id": 501,
      "planet": "Júpiter",
      "radius": 1821,
      "eccentricity": 0.004622888601973327,
      "orbit_km": 422041.3912595016,
      "period_days": 1.771426983711923
    },
    "Europa": {
      "id": 502,
      "planet": "Júpiter",
      "radius": 1560,
      "eccentricity": 0.009216969351169974,
      "orbit_km": 671315.3817531135,
      "period_days": 3.553737212935834
    },
    "Ganymede": {
      "id": 503,
      "planet": "Júpiter",
      "radius": 2634,
      "eccentricity": 0.001426148964557821,
      "orbit_km": 1070579.264658634,
      "period_days": 7.156689840340623
    },
    "Callisto": {
      "id": 504,
      "planet": "Júpiter",
      "radius": 2410,
      "eccentricity": 0.007276928547248158,
      "orbit_km": 1883483.1442041525,
      "period_days": 16.70056652767417
    },
    "Titan": {
      "id": 606,
      "planet": "Saturno",
      "radius": 2575,
      "eccentricity": 0.02874146438430029,
      "orbit_km": 1221955.8179657373,
      "period_days": 15.94775894645423
    }
  }
}