{
  "generated_at": "2026-05-12T06:18:14.811333+00:00",
  "source": "JPL Horizons",
  "planets": {
    "Mercúrio": {
      "id": 199,
      "radius": 2440,
      "orbit_km": 57909060.124406576,
      "period_days": 87.96907942533578,
      "eccentricity": 0.2056331573204752,
      "perihelion_arg_deg": 29.20193357961413,
      "a_AU": 0.3870981575702774,
      "i_deg": 7.003386931016564,
      "raan_deg": 48.29789720622374,
      "argp_deg": 29.20193357961413,
      "M_deg": 333.7437579539791
    },
    "Vênus": {
      "id": 299,
      "radius": 6052,
      "orbit_km": 108208869.11702463,
      "period_days": 224.7005133896853,
      "eccentricity": 0.006790971345793081,
      "perihelion_arg_deg": 54.87927010944438,
      "a_AU": 0.7233316130148946,
      "i_deg": 3.394375508048147,
      "raan_deg": 76.60679572322972,
      "argp_deg": 54.87927010944438,
      "M_deg": 355.004548462888
    },
    "Terra": {
      "id": 399,
      "radius": 6371,
      "orbit_km": 149662547.4740432,
      "period_days": 365.4932464486569,
      "eccentricity": 0.01667758983336691,
      "perihelion_arg_deg": 326.8112426413937,
      "a_AU": 1.000432337530879,
      "i_deg": 0.002847730803078129,
      "raan_deg": 138.0062159539046,
      "argp_deg": 326.8112426413937,
      "M_deg": 124.5576082807845
    },
    "Marte": {
      "id": 499,
      "radius": 3390,
      "orbit_km": 227930696.73037225,
      "period_days": 686.9331353438431,
      "eccentricity": 0.0934400991253378,
      "perihelion_arg_deg": 286.6148788171208,
      "a_AU": 1.523622600133521,
      "i_deg": 1.847491138384532,
      "raan_deg": 49.48113149408894,
      "argp_deg": 286.6148788171208,
      "M_deg": 24.48018891804546
    },
    "Júpiter": {
      "id": 599,
      "radius": 69911,
      "orbit_km": 778275897.7702625,
      "period_days": 4332.150062154305,
      "eccentricity": 0.04817624386712627,
      "perihelion_arg_deg": 273.5157296401251,
      "a_AU": 5.20245304380701,
      "i_deg": 1.303553695656287,
      "raan_deg": 100.5174880525925,
      "argp_deg": 273.5157296401251,
      "M_deg": 100.3073536229589
    },
    "Saturno": {
      "id": 699,
      "radius": 58232,
      "orbit_km": 1427188468.3921702,
      "period_days": 10761.43645781084,
      "eccentricity": 0.05516582023837774,
      "perihelion_arg_deg": 338.7677202753918,
      "a_AU": 9.540165656864328,
      "i_deg": 2.48748198104914,
      "raan_deg": 113.6017073890459,
      "argp_deg": 338.7677202753918,
      "M_deg": 279.906672860297
    },
    "Urano": {
      "id": 799,
      "radius": 25362,
      "orbit_km": 2883271184.016669,
      "period_days": 30905.02264592054,
      "eccentricity": 0.04721261789500588,
      "perihelion_arg_deg": 91.9205942187772,
      "a_AU": 19.27347742668552,
      "i_deg": 0.7731510999126598,
      "raan_deg": 74.00998303155066,
      "argp_deg": 91.9205942187772,
      "M_deg": 260.3747890075664
    },
    "Netuno": {
      "id": 899,
      "radius": 24622,
      "orbit_km": 4501619975.722056,
      "period_days": 60290.98362818803,
      "eccentricity": 0.01060030075469048,
      "perihelion_arg_deg": 279.4526594120218,
      "a_AU": 30.09147091905805,
      "i_deg": 1.766488967163318,
      "raan_deg": 131.6423909543722,
      "argp_deg": 279.4526594120218,
      "M_deg": 311.6229562709742
    }
  },
  "moons": {
    "Lua": {
      "id": 301,
      "planet": "Terra",
      "radius": 1737,
      "eccentricity": 0.06988463775185189,
      "orbit_km": 381277.2045468909,
      "period_days": 26.95279923442856
    },
    "Io": {
      "id": 501,
      "planet": "Júpiter",
      "radius": 1821,
      "eccentricity": 0.003649151286206078,
      "orbit_km": 422021.1667914031,
      "period_days": 1.77129965352563
    },
    "Europa": {
      "id": 502,
      "planet": "Júpiter",
      "radius": 1560,
      "eccentricity": 0.009602500926092782,
      "orbit_km": 671240.6018135948,
      "period_days": 3.553143436462884
    },
    "Ganymede": {
      "id": 503,
      "planet": "Júpiter",
      "radius": 2634,
      "eccentricity": 0.001748120682252888,
      "orbit_km": 1070458.5837643633,
      "period_days": 7.155479769187686
    },
    "Callisto": {
      "id": 504,
      "planet": "Júpiter",
      "radius": 2410,
      "eccentricity": 0.007513714180671187,
      "orbit_km": 1883550.0827042626,
      "period_days": 16.70145683625774
    },
    "Titan": {
      "id": 606,
      "planet": "Saturno",
      "radius": 2575,
      "eccentricity": 0.02875904227031706,
      "orbit_km": 1221917.5088645618,
      "period_days": 15.94700899357506
    }
  }
}