{
  "generated_at": "2026-07-10T06:50:04.777285+00:00",
  "source": "JPL Horizons",
  "planets": {
    "Mercúrio": {
      "id": 199,
      "radius": 2440,
      "orbit_km": 57909060.57082296,
      "period_days": 87.96908044255582,
      "eccentricity": 0.205637210979357,
      "perihelion_arg_deg": 29.20139122278952,
      "a_AU": 0.3870981605543866,
      "i_deg": 7.003377091187857,
      "raan_deg": 48.2976196670582,
      "argp_deg": 29.20139122278952,
      "M_deg": 215.1924973379372
    },
    "Vênus": {
      "id": 299,
      "radius": 6052,
      "orbit_km": 108207878.83600608,
      "period_days": 224.6974288530944,
      "eccentricity": 0.006781405184667292,
      "perihelion_arg_deg": 54.83405572127244,
      "a_AU": 0.7233249933951506,
      "i_deg": 3.394372054677178,
      "raan_deg": 76.60654634192349,
      "argp_deg": 54.83405572127244,
      "M_deg": 89.57672712889647
    },
    "Terra": {
      "id": 399,
      "radius": 6371,
      "orbit_km": 149670571.40637422,
      "period_days": 365.5226398984619,
      "eccentricity": 0.01615287138528783,
      "perihelion_arg_deg": 297.4751123659859,
      "a_AU": 1.000485974205609,
      "i_deg": 0.003530465701781615,
      "raan_deg": 166.6133103243089,
      "argp_deg": 297.4751123659859,
      "M_deg": 183.4357879309509
    },
    "Marte": {
      "id": 499,
      "radius": 3390,
      "orbit_km": 227926424.76713642,
      "period_days": 686.9138232937887,
      "eccentricity": 0.09342623792783838,
      "perihelion_arg_deg": 286.6082077419575,
      "a_AU": 1.523594043823088,
      "i_deg": 1.84748471057493,
      "raan_deg": 49.48120348331403,
      "argp_deg": 286.6082077419575,
      "M_deg": 55.40744536729006
    },
    "Júpiter": {
      "id": 599,
      "radius": 69911,
      "orbit_km": 778112219.9473867,
      "period_days": 4330.783503823077,
      "eccentricity": 0.04839543240847293,
      "perihelion_arg_deg": 273.3079287874245,
      "a_AU": 5.201358925140014,
      "i_deg": 1.303971285082529,
      "raan_deg": 100.5253691688915,
      "argp_deg": 273.3079287874245,
      "M_deg": 105.392239891978
    },
    "Saturno": {
      "id": 699,
      "radius": 58232,
      "orbit_km": 1427016645.087398,
      "period_days": 10759.49311609823,
      "eccentricity": 0.05532979788859127,
      "perihelion_arg_deg": 338.9514846429819,
      "a_AU": 9.539017089013942,
      "i_deg": 2.487239368591725,
      "raan_deg": 113.5766805101601,
      "argp_deg": 338.9514846429819,
      "M_deg": 281.7426328370412
    },
    "Urano": {
      "id": 799,
      "radius": 25362,
      "orbit_km": 2882639255.917046,
      "period_days": 30894.86299693641,
      "eccentricity": 0.0473489086589422,
      "perihelion_arg_deg": 92.17755559440502,
      "a_AU": 19.26925324824858,
      "i_deg": 0.7739721397272641,
      "raan_deg": 73.99693848800297,
      "argp_deg": 92.17755559440502,
      "M_deg": 260.8285001041526
    },
    "Netuno": {
      "id": 899,
      "radius": 24622,
      "orbit_km": 4500501798.807397,
      "period_days": 60268.52111547817,
      "eccentricity": 0.01034815129585252,
      "perihelion_arg_deg": 280.0529663157771,
      "a_AU": 30.0839963680539,
      "i_deg": 1.766201960816116,
      "raan_deg": 131.6289691740756,
      "argp_deg": 280.0529663157771,
      "M_deg": 311.3747004665702
    }
  },
  "moons": {
    "Lua": {
      "id": 301,
      "planet": "Terra",
      "radius": 1737,
      "eccentricity": 0.06126535077401594,
      "orbit_km": 381678.58294700715,
      "period_days": 26.99537108751147
    },
    "Io": {
      "id": 501,
      "planet": "Júpiter",
      "radius": 1821,
      "eccentricity": 0.00469851889023379,
      "orbit_km": 422042.8012315849,
      "period_days": 1.771435860796253
    },
    "Europa": {
      "id": 502,
      "planet": "Júpiter",
      "radius": 1560,
      "eccentricity": 0.00910703395884883,
      "orbit_km": 671301.2917306783,
      "period_days": 3.553625331153408
    },
    "Ganymede": {
      "id": 503,
      "planet": "Júpiter",
      "radius": 2634,
      "eccentricity": 0.001757063407108098,
      "orbit_km": 1070712.9409733457,
      "period_days": 7.158030296602892
    },
    "Callisto": {
      "id": 504,
      "planet": "Júpiter",
      "radius": 2410,
      "eccentricity": 0.006911706969784618,
      "orbit_km": 1883224.4054286403,
      "period_days": 16.69712534816793
    },
    "Titan": {
      "id": 606,
      "planet": "Saturno",
      "radius": 2575,
      "eccentricity": 0.02880454855211493,
      "orbit_km": 1221969.1837576018,
      "period_days": 15.94802060281675
    }
  }
}