{
  "generated_at": "2026-02-26T04:56:00.288698+00:00",
  "source": "JPL Horizons",
  "planets": {
    "Mercúrio": {
      "id": 199,
      "radius": 2440,
      "orbit_km": 57909143.544060916,
      "period_days": 87.96926950835966,
      "eccentricity": 0.2056329122368802,
      "perihelion_arg_deg": 29.20105012458608,
      "a_AU": 0.3870987151962245,
      "i_deg": 7.003387334232201,
      "raan_deg": 48.29815803013707,
      "argp_deg": 29.20105012458608,
      "M_deg": 26.81943876299947
    },
    "Vênus": {
      "id": 299,
      "radius": 6052,
      "orbit_km": 108208449.52687308,
      "period_days": 224.6992064446285,
      "eccentricity": 0.006788018434328907,
      "perihelion_arg_deg": 54.93572338553429,
      "a_AU": 0.723328808227971,
      "i_deg": 3.394385364564233,
      "raan_deg": 76.60691484716618,
      "argp_deg": 54.93572338553429,
      "M_deg": 234.7878587377667
    },
    "Terra": {
      "id": 399,
      "radius": 6371,
      "orbit_km": 149549489.30570355,
      "period_days": 365.0791729931389,
      "eccentricity": 0.01618856427938081,
      "perihelion_arg_deg": 289.0472659502821,
      "a_AU": 0.9996765903547287,
      "i_deg": 0.004144860769841447,
      "raan_deg": 173.8651046543971,
      "argp_deg": 289.0472659502821,
      "M_deg": 52.62534373002459
    },
    "Marte": {
      "id": 499,
      "radius": 3390,
      "orbit_km": 227939453.37279898,
      "period_days": 686.9727216239921,
      "eccentricity": 0.09347390036659976,
      "perihelion_arg_deg": 286.6220998678361,
      "a_AU": 1.523681134672721,
      "i_deg": 1.847479044839751,
      "raan_deg": 49.4821433708504,
      "argp_deg": 286.6220998678361,
      "M_deg": 345.1690412413265
    },
    "Júpiter": {
      "id": 599,
      "radius": 69911,
      "orbit_km": 778405314.2747084,
      "period_days": 4333.230671921151,
      "eccentricity": 0.04838543196038574,
      "perihelion_arg_deg": 273.7424529676119,
      "a_AU": 5.203318139706038,
      "i_deg": 1.303559075244402,
      "raan_deg": 100.5177675878665,
      "argp_deg": 273.7424529676119,
      "M_deg": 93.8210280585357
    },
    "Saturno": {
      "id": 699,
      "radius": 58232,
      "orbit_km": 1428091090.8277938,
      "period_days": 10771.64714462203,
      "eccentricity": 0.05530242917792576,
      "perihelion_arg_deg": 338.0370435925036,
      "a_AU": 9.546199315173768,
      "i_deg": 2.488999608024773,
      "raan_deg": 113.700631382615,
      "argp_deg": 338.0370435925036,
      "M_deg": 278.0402364294982
    },
    "Urano": {
      "id": 799,
      "radius": 25362,
      "orbit_km": 2884110966.5619483,
      "period_days": 30918.52574013406,
      "eccentricity": 0.04698994041410946,
      "perihelion_arg_deg": 91.60540083167554,
      "a_AU": 19.2790910262732,
      "i_deg": 0.7731338034923462,
      "raan_deg": 74.01005162247151,
      "argp_deg": 91.60540083167554,
      "M_deg": 259.7982236573247
    },
    "Netuno": {
      "id": 899,
      "radius": 24622,
      "orbit_km": 4504826337.710661,
      "period_days": 60355.41014734556,
      "eccentricity": 0.01098933358935861,
      "perihelion_arg_deg": 276.1850358543385,
      "a_AU": 30.11290412511641,
      "i_deg": 1.76803597010271,
      "raan_deg": 131.7041154754225,
      "argp_deg": 276.1850358543385,
      "M_deg": 314.3676121949974
    }
  },
  "moons": {
    "Lua": {
      "id": 301,
      "planet": "Terra",
      "radius": 1737,
      "eccentricity": 0.02804372479669742,
      "orbit_km": 380859.5579845996,
      "period_days": 26.90852569556642
    },
    "Io": {
      "id": 501,
      "planet": "Júpiter",
      "radius": 1821,
      "eccentricity": 0.004697941315302223,
      "orbit_km": 422046.12184650684,
      "period_days": 1.771456767211096
    },
    "Europa": {
      "id": 502,
      "planet": "Júpiter",
      "radius": 1560,
      "eccentricity": 0.009202553109595925,
      "orbit_km": 671302.6619094266,
      "period_days": 3.55363621100226
    },
    "Ganymede": {
      "id": 503,
      "planet": "Júpiter",
      "radius": 2634,
      "eccentricity": 0.001417023902064656,
      "orbit_km": 1070684.0534037035,
      "period_days": 7.15774061573316
    },
    "Callisto": {
      "id": 504,
      "planet": "Júpiter",
      "radius": 2410,
      "eccentricity": 0.006731674121354649,
      "orbit_km": 1883979.4178460096,
      "period_days": 16.70716753994397
    },
    "Titan": {
      "id": 606,
      "planet": "Saturno",
      "radius": 2575,
      "eccentricity": 0.02869799183621913,
      "orbit_km": 1221920.083208996,
      "period_days": 15.9470593895083
    }
  }
}