{
  "generated_at": "2026-04-16T05:34:49.907421+00:00",
  "source": "JPL Horizons",
  "planets": {
    "Mercúrio": {
      "id": 199,
      "radius": 2440,
      "orbit_km": 57909171.28819016,
      "period_days": 87.96933272716053,
      "eccentricity": 0.2056339232530379,
      "perihelion_arg_deg": 29.20129413537648,
      "a_AU": 0.3870989006542736,
      "i_deg": 7.003385948389576,
      "raan_deg": 48.29799449380972,
      "argp_deg": 29.20129413537648,
      "M_deg": 227.3435465123811
    },
    "Vênus": {
      "id": 299,
      "radius": 6052,
      "orbit_km": 108208622.17924905,
      "period_days": 224.6997442242684,
      "eccentricity": 0.006790724099500994,
      "perihelion_arg_deg": 54.92006187489661,
      "a_AU": 0.72332996233782,
      "i_deg": 3.394384004151842,
      "raan_deg": 76.60688141655241,
      "argp_deg": 54.92006187489661,
      "M_deg": 313.3086364606156
    },
    "Terra": {
      "id": 399,
      "radius": 6371,
      "orbit_km": 149728466.61778313,
      "period_days": 365.7347462929296,
      "eccentricity": 0.01661891915021512,
      "perihelion_arg_deg": 318.6503697520375,
      "a_AU": 1.000872979790234,
      "i_deg": 0.002001876685368341,
      "raan_deg": 147.265883304585,
      "argp_deg": 318.6503697520375,
      "M_deg": 97.85915751351075
    },
    "Marte": {
      "id": 499,
      "radius": 3390,
      "orbit_km": 227934066.8256399,
      "period_days": 686.9483704922835,
      "eccentricity": 0.09345224345255575,
      "perihelion_arg_deg": 286.6184780316004,
      "a_AU": 1.523645127828948,
      "i_deg": 1.847485350233723,
      "raan_deg": 49.48136986751096,
      "argp_deg": 286.6184780316004,
      "M_deg": 10.85091015072778
    },
    "Júpiter": {
      "id": 599,
      "radius": 69911,
      "orbit_km": 778184096.5751681,
      "period_days": 4331.383589442484,
      "eccentricity": 0.04836647158887888,
      "perihelion_arg_deg": 273.4049061675175,
      "a_AU": 5.201839390720473,
      "i_deg": 1.303903709601332,
      "raan_deg": 100.5222682223578,
      "argp_deg": 273.4049061675175,
      "M_deg": 98.23330561927594
    },
    "Saturno": {
      "id": 699,
      "radius": 58232,
      "orbit_km": 1427885827.4084888,
      "period_days": 10769.32487083195,
      "eccentricity": 0.05534035424171547,
      "perihelion_arg_deg": 338.1926137158707,
      "a_AU": 9.544827213964409,
      "i_deg": 2.488894930735801,
      "raan_deg": 113.6998499113743,
      "argp_deg": 338.1926137158707,
      "M_deg": 279.5288429551575
    },
    "Urano": {
      "id": 799,
      "radius": 25362,
      "orbit_km": 2883646608.183991,
      "period_days": 30911.05895121114,
      "eccentricity": 0.04713595065690691,
      "perihelion_arg_deg": 91.77247111321566,
      "a_AU": 19.27598698223979,
      "i_deg": 0.773013668241351,
      "raan_deg": 74.01232383415565,
      "argp_deg": 91.77247111321566,
      "M_deg": 260.2122224743162
    },
    "Netuno": {
      "id": 899,
      "radius": 24622,
      "orbit_km": 4501410027.272434,
      "period_days": 60286.76586291059,
      "eccentricity": 0.01045265937868542,
      "perihelion_arg_deg": 278.7276527922277,
      "a_AU": 30.09006750035537,
      "i_deg": 1.775490907383592,
      "raan_deg": 131.9883511517014,
      "argp_deg": 278.7276527922277,
      "M_deg": 311.8290128784535
    }
  },
  "moons": {
    "Lua": {
      "id": 301,
      "planet": "Terra",
      "radius": 1737,
      "eccentricity": 0.06582917737598534,
      "orbit_km": 385742.1807763254,
      "period_days": 27.42763189592015
    },
    "Io": {
      "id": 501,
      "planet": "Júpiter",
      "radius": 1821,
      "eccentricity": 0.00453311856650384,
      "orbit_km": 422036.9295077524,
      "period_days": 1.771398892936761
    },
    "Europa": {
      "id": 502,
      "planet": "Júpiter",
      "radius": 1560,
      "eccentricity": 0.009231789427731113,
      "orbit_km": 671326.1134359763,
      "period_days": 3.553822428620296
    },
    "Ganymede": {
      "id": 503,
      "planet": "Júpiter",
      "radius": 2634,
      "eccentricity": 0.001124974622047727,
      "orbit_km": 1070495.8689779178,
      "period_days": 7.155853621924946
    },
    "Callisto": {
      "id": 504,
      "planet": "Júpiter",
      "radius": 2410,
      "eccentricity": 0.006869268009004864,
      "orbit_km": 1883559.2067315606,
      "period_days": 16.7015781906624
    },
    "Titan": {
      "id": 606,
      "planet": "Saturno",
      "radius": 2575,
      "eccentricity": 0.02870218371156497,
      "orbit_km": 1221917.6367587661,
      "period_days": 15.9470114972589
    }
  }
}