{
  "generated_at": "2026-04-15T05:29:21.429163+00:00",
  "source": "JPL Horizons",
  "planets": {
    "Mercúrio": {
      "id": 199,
      "radius": 2440,
      "orbit_km": 57909172.04753778,
      "period_days": 87.96933445743835,
      "eccentricity": 0.2056339599301053,
      "perihelion_arg_deg": 29.20127303210619,
      "a_AU": 0.3870989057301989,
      "i_deg": 7.003386327003439,
      "raan_deg": 48.29799997467874,
      "argp_deg": 29.20127303210619,
      "M_deg": 223.2512357922557
    },
    "Vênus": {
      "id": 299,
      "radius": 6052,
      "orbit_km": 108208601.32496874,
      "period_days": 224.6996792670894,
      "eccentricity": 0.00679066247999121,
      "perihelion_arg_deg": 54.92178055897773,
      "a_AU": 0.7233298229355664,
      "i_deg": 3.394384261679601,
      "raan_deg": 76.60688193955616,
      "argp_deg": 54.92178055897773,
      "M_deg": 311.7047894149223
    },
    "Terra": {
      "id": 399,
      "radius": 6371,
      "orbit_km": 149715169.64893565,
      "period_days": 365.6860275456017,
      "eccentricity": 0.01672333390688041,
      "perihelion_arg_deg": 323.150196068787,
      "a_AU": 1.000784095043511,
      "i_deg": 0.001909269531853946,
      "raan_deg": 142.5047856003166,
      "argp_deg": 323.150196068787,
      "M_deg": 97.1255062514743
    },
    "Marte": {
      "id": 499,
      "radius": 3390,
      "orbit_km": 227934195.2478195,
      "period_days": 686.9489510510878,
      "eccentricity": 0.09345272421582128,
      "perihelion_arg_deg": 286.6185959681286,
      "a_AU": 1.523645986278196,
      "i_deg": 1.847485128126083,
      "raan_deg": 49.48138206915461,
      "argp_deg": 286.6185959681286,
      "M_deg": 10.3267349658262
    },
    "Júpiter": {
      "id": 599,
      "radius": 69911,
      "orbit_km": 778288429.7207078,
      "period_days": 4332.254698264593,
      "eccentricity": 0.04836026845837974,
      "perihelion_arg_deg": 273.5674074291338,
      "a_AU": 5.202536814721574,
      "i_deg": 1.30374804918412,
      "raan_deg": 100.5201666187037,
      "argp_deg": 273.5674074291338,
      "M_deg": 97.98737964940942
    },
    "Saturno": {
      "id": 699,
      "radius": 58232,
      "orbit_km": 1427890512.8393772,
      "period_days": 10769.37787818852,
      "eccentricity": 0.0552925710708216,
      "perihelion_arg_deg": 338.1730274041242,
      "a_AU": 9.544858534135388,
      "i_deg": 2.489010333137548,
      "raan_deg": 113.7077415738744,
      "argp_deg": 338.1730274041242,
      "M_deg": 279.5015580300462
    },
    "Urano": {
      "id": 799,
      "radius": 25362,
      "orbit_km": 2883668784.8201194,
      "period_days": 30911.41553337143,
      "eccentricity": 0.04713131695549527,
      "perihelion_arg_deg": 91.77334017870324,
      "a_AU": 19.27613522389607,
      "i_deg": 0.773554674849312,
      "raan_deg": 74.00286206109085,
      "argp_deg": 91.77334017870324,
      "M_deg": 260.2088312667032
    },
    "Netuno": {
      "id": 899,
      "radius": 24622,
      "orbit_km": 4502678639.359329,
      "period_days": 60312.25317944376,
      "eccentricity": 0.01058276359237661,
      "perihelion_arg_deg": 277.4061274019696,
      "a_AU": 30.09854764837458,
      "i_deg": 1.77295173920952,
      "raan_deg": 131.8916437516183,
      "argp_deg": 277.4061274019696,
      "M_deg": 313.2324091618768
    }
  },
  "moons": {
    "Lua": {
      "id": 301,
      "planet": "Terra",
      "radius": 1737,
      "eccentricity": 0.06596091266643332,
      "orbit_km": 384652.6469191164,
      "period_days": 27.31150942999327
    },
    "Io": {
      "id": 501,
      "planet": "Júpiter",
      "radius": 1821,
      "eccentricity": 0.003956074892441535,
      "orbit_km": 422023.3178818084,
      "period_days": 1.771313196319848
    },
    "Europa": {
      "id": 502,
      "planet": "Júpiter",
      "radius": 1560,
      "eccentricity": 0.00966680659100614,
      "orbit_km": 671209.8144420951,
      "period_days": 3.552898984565205
    },
    "Ganymede": {
      "id": 503,
      "planet": "Júpiter",
      "radius": 2634,
      "eccentricity": 0.001066039582520626,
      "orbit_km": 1070633.4898345582,
      "period_days": 7.157233580107119
    },
    "Callisto": {
      "id": 504,
      "planet": "Júpiter",
      "radius": 2410,
      "eccentricity": 0.006951176503858513,
      "orbit_km": 1883421.0370399093,
      "period_days": 16.69974049192156
    },
    "Titan": {
      "id": 606,
      "planet": "Saturno",
      "radius": 2575,
      "eccentricity": 0.02866394354379101,
      "orbit_km": 1221961.6004063103,
      "period_days": 15.94787214663233
    }
  }
}