{
  "generated_at": "2026-05-18T07:00:27.836177+00:00",
  "source": "JPL Horizons",
  "planets": {
    "Mercúrio": {
      "id": 199,
      "radius": 2440,
      "orbit_km": 57909080.52468648,
      "period_days": 87.96912591013442,
      "eccentricity": 0.2056334454079481,
      "perihelion_arg_deg": 29.20192901779256,
      "a_AU": 0.3870982939377257,
      "i_deg": 7.003386014605129,
      "raan_deg": 48.29789528290151,
      "argp_deg": 29.20192901779256,
      "M_deg": 358.2978465322749
    },
    "Vênus": {
      "id": 299,
      "radius": 6052,
      "orbit_km": 108208803.06345034,
      "period_days": 224.7003076449542,
      "eccentricity": 0.006790360055784826,
      "perihelion_arg_deg": 54.87206143134794,
      "a_AU": 0.7233311714740225,
      "i_deg": 3.394373672168779,
      "raan_deg": 76.60675184287823,
      "argp_deg": 54.87206143134794,
      "M_deg": 4.624502323989678
    },
    "Terra": {
      "id": 399,
      "radius": 6371,
      "orbit_km": 149732195.23811722,
      "period_days": 365.7484079686196,
      "eccentricity": 0.01597474896370606,
      "perihelion_arg_deg": 284.5524223777377,
      "a_AU": 1.000897904077703,
      "i_deg": 0.003497767312388256,
      "raan_deg": 180.4363392164475,
      "argp_deg": 284.5524223777377,
      "M_deg": 130.3545912482136
    },
    "Marte": {
      "id": 499,
      "radius": 3390,
      "orbit_km": 227929895.34465313,
      "period_days": 686.9295125458044,
      "eccentricity": 0.09343736699262248,
      "perihelion_arg_deg": 286.6138238234598,
      "a_AU": 1.523617243200863,
      "i_deg": 1.847491614792457,
      "raan_deg": 49.48111788456337,
      "argp_deg": 286.6138238234598,
      "M_deg": 27.62565689938721
    },
    "Júpiter": {
      "id": 599,
      "radius": 69911,
      "orbit_km": 778109121.265571,
      "period_days": 4330.757634084008,
      "eccentricity": 0.04829011802225965,
      "perihelion_arg_deg": 273.2737080718081,
      "a_AU": 5.201338211731453,
      "i_deg": 1.303914413646212,
      "raan_deg": 100.5231087468874,
      "argp_deg": 273.2737080718081,
      "M_deg": 101.0352540427133
    },
    "Saturno": {
      "id": 699,
      "radius": 58232,
      "orbit_km": 1427729721.1275837,
      "period_days": 10767.55885431505,
      "eccentricity": 0.05531999430942369,
      "perihelion_arg_deg": 338.3020219461123,
      "a_AU": 9.543783707929366,
      "i_deg": 2.488846308502582,
      "raan_deg": 113.7007527815073,
      "argp_deg": 338.3020219461123,
      "M_deg": 280.4871765297178
    },
    "Urano": {
      "id": 799,
      "radius": 25362,
      "orbit_km": 2883357508.1533737,
      "period_days": 30906.41058475702,
      "eccentricity": 0.0472216108340347,
      "perihelion_arg_deg": 91.9016583333079,
      "a_AU": 19.27405446789808,
      "i_deg": 0.7743355436024751,
      "raan_deg": 73.98994364917768,
      "argp_deg": 91.9016583333079,
      "M_deg": 260.4854931409258
    },
    "Netuno": {
      "id": 899,
      "radius": 24622,
      "orbit_km": 4501614029.295287,
      "period_days": 60290.86416592693,
      "eccentricity": 0.01058397767158544,
      "perihelion_arg_deg": 279.3941001937546,
      "a_AU": 30.09143116965025,
      "i_deg": 1.766236650791542,
      "raan_deg": 131.6323585042488,
      "argp_deg": 279.3941001937546,
      "M_deg": 311.7250159419807
    }
  },
  "moons": {
    "Lua": {
      "id": 301,
      "planet": "Terra",
      "radius": 1737,
      "eccentricity": 0.07155518822342433,
      "orbit_km": 385651.1510662104,
      "period_days": 27.41792366772644
    },
    "Io": {
      "id": 501,
      "planet": "Júpiter",
      "radius": 1821,
      "eccentricity": 0.004758094419958783,
      "orbit_km": 422051.290849079,
      "period_days": 1.771489311139884
    },
    "Europa": {
      "id": 502,
      "planet": "Júpiter",
      "radius": 1560,
      "eccentricity": 0.009188925456511747,
      "orbit_km": 671295.0142762035,
      "period_days": 3.553575485422375
    },
    "Ganymede": {
      "id": 503,
      "planet": "Júpiter",
      "radius": 2634,
      "eccentricity": 0.001778047013089349,
      "orbit_km": 1070610.136121281,
      "period_days": 7.156999400430824
    },
    "Callisto": {
      "id": 504,
      "planet": "Júpiter",
      "radius": 2410,
      "eccentricity": 0.006988007133298642,
      "orbit_km": 1883272.2536104517,
      "period_days": 16.69776170262607
    },
    "Titan": {
      "id": 606,
      "planet": "Saturno",
      "radius": 2575,
      "eccentricity": 0.02869123020252451,
      "orbit_km": 1221931.198646756,
      "period_days": 15.94727698837378
    }
  }
}