{
  "generated_at": "2026-03-29T05:17:37.695391+00:00",
  "source": "JPL Horizons",
  "planets": {
    "Mercúrio": {
      "id": 199,
      "radius": 2440,
      "orbit_km": 57909149.270705864,
      "period_days": 87.96928255730383,
      "eccentricity": 0.2056346137172989,
      "perihelion_arg_deg": 29.2010173847464,
      "a_AU": 0.3870987534764816,
      "i_deg": 7.00339421518791,
      "raan_deg": 48.29805061618057,
      "argp_deg": 29.2010173847464,
      "M_deg": 153.6818357374833
    },
    "Vênus": {
      "id": 299,
      "radius": 6052,
      "orbit_km": 108208282.69346422,
      "period_days": 224.698686790383,
      "eccentricity": 0.006789762348180409,
      "perihelion_arg_deg": 54.94618135207579,
      "a_AU": 0.7233276930155145,
      "i_deg": 3.394386806127067,
      "raan_deg": 76.60687853128348,
      "argp_deg": 54.94618135207579,
      "M_deg": 284.4440421994292
    },
    "Terra": {
      "id": 399,
      "radius": 6371,
      "orbit_km": 149509369.00282133,
      "period_days": 364.9322707403044,
      "eccentricity": 0.01631824735792022,
      "perihelion_arg_deg": 280.9294949294588,
      "a_AU": 0.9994084026947406,
      "i_deg": 0.005455753541840052,
      "raan_deg": 180.1922766599406,
      "argp_deg": 280.9294949294588,
      "M_deg": 84.96173733728834
    },
    "Marte": {
      "id": 499,
      "radius": 3390,
      "orbit_km": 227936303.49944183,
      "period_days": 686.9584818583526,
      "eccentricity": 0.09346083291996572,
      "perihelion_arg_deg": 286.6202673796255,
      "a_AU": 1.523660079069841,
      "i_deg": 1.847481574672332,
      "raan_deg": 49.48163412899075,
      "argp_deg": 286.6202673796255,
      "M_deg": 1.416147830111611
    },
    "Júpiter": {
      "id": 599,
      "radius": 69911,
      "orbit_km": 778173202.3816737,
      "period_days": 4331.292633910278,
      "eccentricity": 0.04818618427135824,
      "perihelion_arg_deg": 273.3633337558407,
      "a_AU": 5.201766567534933,
      "i_deg": 1.303684911614034,
      "raan_deg": 100.5192652352587,
      "argp_deg": 273.3633337558407,
      "M_deg": 96.80297640655509
    },
    "Saturno": {
      "id": 699,
      "radius": 58232,
      "orbit_km": 1427886191.9132671,
      "period_days": 10769.32899455517,
      "eccentricity": 0.0552475056992261,
      "perihelion_arg_deg": 338.1804815909093,
      "a_AU": 9.544829650528357,
      "i_deg": 2.488874391451806,
      "raan_deg": 113.6964857380675,
      "argp_deg": 338.1804815909093,
      "M_deg": 278.931957760669
    },
    "Urano": {
      "id": 799,
      "radius": 25362,
      "orbit_km": 2883751998.793449,
      "period_days": 30912.75355818801,
      "eccentricity": 0.04708573119953087,
      "perihelion_arg_deg": 91.73550212949677,
      "a_AU": 19.27669147495058,
      "i_deg": 0.7728907783564049,
      "raan_deg": 74.01444588333109,
      "argp_deg": 91.73550212949677,
      "M_deg": 260.032541181331
    },
    "Netuno": {
      "id": 899,
      "radius": 24622,
      "orbit_km": 4502373784.2675905,
      "period_days": 60306.12809666657,
      "eccentricity": 0.01057471492071132,
      "perihelion_arg_deg": 277.7841969748251,
      "a_AU": 30.09650981795419,
      "i_deg": 1.775083571201539,
      "raan_deg": 131.9722322783482,
      "argp_deg": 277.7841969748251,
      "M_deg": 312.6781440143637
    }
  },
  "moons": {
    "Lua": {
      "id": 301,
      "planet": "Terra",
      "radius": 1737,
      "eccentricity": 0.03524422844412136,
      "orbit_km": 382964.196699119,
      "period_days": 27.13187925307128
    },
    "Io": {
      "id": 501,
      "planet": "Júpiter",
      "radius": 1821,
      "eccentricity": 0.0037564794267175,
      "orbit_km": 422027.60369743453,
      "period_days": 1.771340178979553
    },
    "Europa": {
      "id": 502,
      "planet": "Júpiter",
      "radius": 1560,
      "eccentricity": 0.009442113135027196,
      "orbit_km": 671297.3260021132,
      "period_days": 3.553593841508938
    },
    "Ganymede": {
      "id": 503,
      "planet": "Júpiter",
      "radius": 2634,
      "eccentricity": 0.001726125013249299,
      "orbit_km": 1070867.6923338328,
      "period_days": 7.159582190077247
    },
    "Callisto": {
      "id": 504,
      "planet": "Júpiter",
      "radius": 2410,
      "eccentricity": 0.00729652044940278,
      "orbit_km": 1882605.084121293,
      "period_days": 16.68888944549888
    },
    "Titan": {
      "id": 606,
      "planet": "Saturno",
      "radius": 2575,
      "eccentricity": 0.02868562569464032,
      "orbit_km": 1221939.5359700893,
      "period_days": 15.94744020275707
    }
  }
}