{
  "generated_at": "2026-03-02T04:52:54.868167+00:00",
  "source": "JPL Horizons",
  "planets": {
    "Mercúrio": {
      "id": 199,
      "radius": 2440,
      "orbit_km": 57909165.59299444,
      "period_days": 87.9693197498753,
      "eccentricity": 0.2056333007818391,
      "perihelion_arg_deg": 29.20107398276521,
      "a_AU": 0.3870988625842416,
      "i_deg": 7.003386900203803,
      "raan_deg": 48.29813462474848,
      "argp_deg": 29.20107398276521,
      "M_deg": 43.18875763703819
    },
    "Vênus": {
      "id": 299,
      "radius": 6052,
      "orbit_km": 108208363.96961394,
      "period_days": 224.6989399500361,
      "eccentricity": 0.006788465006772324,
      "perihelion_arg_deg": 54.94127499494618,
      "a_AU": 0.7233282363130182,
      "i_deg": 3.394385597503378,
      "raan_deg": 76.60690521892909,
      "argp_deg": 54.94127499494618,
      "M_deg": 241.1908907268071
    },
    "Terra": {
      "id": 399,
      "radius": 6371,
      "orbit_km": 149467150.15336436,
      "period_days": 364.777705849323,
      "eccentricity": 0.01612055854493015,
      "perihelion_arg_deg": 290.7550188150281,
      "a_AU": 0.9991261871173437,
      "i_deg": 0.005539318945006893,
      "raan_deg": 169.9845360927054,
      "argp_deg": 290.7550188150281,
      "M_deg": 58.71215519651549
    },
    "Marte": {
      "id": 499,
      "radius": 3390,
      "orbit_km": 227939095.385533,
      "period_days": 686.9711032508702,
      "eccentricity": 0.0934723354479382,
      "perihelion_arg_deg": 286.6219275793889,
      "a_AU": 1.523678741675653,
      "i_deg": 1.847479043613595,
      "raan_deg": 49.48208102949479,
      "argp_deg": 286.6219275793889,
      "M_deg": 347.2653467979869
    },
    "Júpiter": {
      "id": 599,
      "radius": 69911,
      "orbit_km": 778362757.3982464,
      "period_days": 4332.875318022954,
      "eccentricity": 0.04826870902534307,
      "perihelion_arg_deg": 273.6688851134307,
      "a_AU": 5.203033664557677,
      "i_deg": 1.303484532915044,
      "raan_deg": 100.5170075665743,
      "argp_deg": 273.6688851134307,
      "M_deg": 94.24195094551123
    },
    "Saturno": {
      "id": 699,
      "radius": 58232,
      "orbit_km": 1427926770.5139213,
      "period_days": 10769.78807253471,
      "eccentricity": 0.05546686535036335,
      "perihelion_arg_deg": 338.2353162697698,
      "a_AU": 9.545100901719728,
      "i_deg": 2.488124497371604,
      "raan_deg": 113.6456047111968,
      "argp_deg": 338.2353162697698,
      "M_deg": 278.0505266839123
    },
    "Urano": {
      "id": 799,
      "radius": 25362,
      "orbit_km": 2884097119.014223,
      "period_days": 30918.30306566775,
      "eccentricity": 0.04699947030142914,
      "perihelion_arg_deg": 91.6244071642911,
      "a_AU": 19.278998461134,
      "i_deg": 0.7739644272617365,
      "raan_deg": 73.99495226290337,
      "argp_deg": 91.6244071642911,
      "M_deg": 259.8418755896633
    },
    "Netuno": {
      "id": 899,
      "radius": 24622,
      "orbit_km": 4503068054.346507,
      "period_days": 60320.07752301151,
      "eccentricity": 0.01088561246904593,
      "perihelion_arg_deg": 278.4630925496899,
      "a_AU": 30.10115072678309,
      "i_deg": 1.767986488223895,
      "raan_deg": 131.7020802453904,
      "argp_deg": 278.4630925496899,
      "M_deg": 312.140327892576
    }
  },
  "moons": {
    "Lua": {
      "id": 301,
      "planet": "Terra",
      "radius": 1737,
      "eccentricity": 0.04102235802584257,
      "orbit_km": 386173.45465285436,
      "period_days": 27.47364239478183
    },
    "Io": {
      "id": 501,
      "planet": "Júpiter",
      "radius": 1821,
      "eccentricity": 0.003810191607329276,
      "orbit_km": 422024.009461636,
      "period_days": 1.771317550362356
    },
    "Europa": {
      "id": 502,
      "planet": "Júpiter",
      "radius": 1560,
      "eccentricity": 0.009391546471178201,
      "orbit_km": 671324.9751062843,
      "period_days": 3.55381338960082
    },
    "Ganymede": {
      "id": 503,
      "planet": "Júpiter",
      "radius": 2634,
      "eccentricity": 0.001289174540040894,
      "orbit_km": 1070387.3925869677,
      "period_days": 7.154765964981251
    },
    "Callisto": {
      "id": 504,
      "planet": "Júpiter",
      "radius": 2410,
      "eccentricity": 0.007271779178996474,
      "orbit_km": 1883095.592139309,
      "period_days": 16.69541224256078
    },
    "Titan": {
      "id": 606,
      "planet": "Saturno",
      "radius": 2575,
      "eccentricity": 0.02874005885311443,
      "orbit_km": 1221944.6701016692,
      "period_days": 15.9475407106054
    }
  }
}