{
  "generated_at": "2026-03-03T04:51:30.791763+00:00",
  "source": "JPL Horizons",
  "planets": {
    "Mercúrio": {
      "id": 199,
      "radius": 2440,
      "orbit_km": 57909169.2876379,
      "period_days": 87.9693281686275,
      "eccentricity": 0.2056333874506036,
      "perihelion_arg_deg": 29.20107837406067,
      "a_AU": 0.3870988872814077,
      "i_deg": 7.003386963594069,
      "raan_deg": 48.2981278903689,
      "argp_deg": 29.20107837406067,
      "M_deg": 47.28108730187083
    },
    "Vênus": {
      "id": 299,
      "radius": 6052,
      "orbit_km": 108208345.14348316,
      "period_days": 224.6988813102329,
      "eccentricity": 0.006788559009725611,
      "perihelion_arg_deg": 54.94252372520168,
      "a_AU": 0.7233281104681069,
      "i_deg": 3.394385662390577,
      "raan_deg": 76.60690299634678,
      "argp_deg": 54.94252372520168,
      "M_deg": 242.7917895804102
    },
    "Terra": {
      "id": 399,
      "radius": 6371,
      "orbit_km": 149461188.4407598,
      "period_days": 364.7558815405113,
      "eccentricity": 0.01618411567548615,
      "perihelion_arg_deg": 290.5863364886313,
      "a_AU": 0.9990863355300404,
      "i_deg": 0.005622807141099286,
      "raan_deg": 169.856539919666,
      "argp_deg": 290.5863364886313,
      "M_deg": 59.98475852535331
    },
    "Marte": {
      "id": 499,
      "radius": 3390,
      "orbit_km": 227939005.21036392,
      "period_days": 686.970695591123,
      "eccentricity": 0.09347194396981255,
      "perihelion_arg_deg": 286.6218780537685,
      "a_AU": 1.523678138891879,
      "i_deg": 1.8474790563433,
      "raan_deg": 49.48206653045561,
      "argp_deg": 286.6218780537685,
      "M_deg": 347.7894293984835
    },
    "Júpiter": {
      "id": 599,
      "radius": 69911,
      "orbit_km": 778227393.8564682,
      "period_days": 4331.745084382591,
      "eccentricity": 0.04832582274081187,
      "perihelion_arg_deg": 273.4632019920574,
      "a_AU": 5.202128815169481,
      "i_deg": 1.303793488964812,
      "raan_deg": 100.5202525719602,
      "argp_deg": 273.4632019920574,
      "M_deg": 94.52363755478342
    },
    "Saturno": {
      "id": 699,
      "radius": 58232,
      "orbit_km": 1427785521.5588908,
      "period_days": 10768.19010856078,
      "eccentricity": 0.05546919183897966,
      "perihelion_arg_deg": 338.3678619675609,
      "a_AU": 9.544156710773898,
      "i_deg": 2.487652363492158,
      "raan_deg": 113.6157606690688,
      "argp_deg": 338.3678619675609,
      "M_deg": 277.9822959787145
    },
    "Urano": {
      "id": 799,
      "radius": 25362,
      "orbit_km": 2883939290.9747057,
      "period_days": 30915.76516132727,
      "eccentricity": 0.04700915167648905,
      "perihelion_arg_deg": 91.67709692633863,
      "a_AU": 19.27794344585351,
      "i_deg": 0.7732191107060084,
      "raan_deg": 74.00848119418313,
      "argp_deg": 91.67709692633863,
      "M_deg": 259.786928453211
    },
    "Netuno": {
      "id": 899,
      "radius": 24622,
      "orbit_km": 4504269227.38491,
      "period_days": 60344.21429424945,
      "eccentricity": 0.01099869142652936,
      "perihelion_arg_deg": 277.2059786566841,
      "a_AU": 30.10918007260721,
      "i_deg": 1.765791114953895,
      "raan_deg": 131.61808069199,
      "argp_deg": 277.2059786566841,
      "M_deg": 313.4772934320389
    }
  },
  "moons": {
    "Lua": {
      "id": 301,
      "planet": "Terra",
      "radius": 1737,
      "eccentricity": 0.04393508624407569,
      "orbit_km": 386877.8606057386,
      "period_days": 27.54884727787508
    },
    "Io": {
      "id": 501,
      "planet": "Júpiter",
      "radius": 1821,
      "eccentricity": 0.004637194367527576,
      "orbit_km": 422038.21676997066,
      "period_days": 1.771406997405047
    },
    "Europa": {
      "id": 502,
      "planet": "Júpiter",
      "radius": 1560,
      "eccentricity": 0.009652901462736752,
      "orbit_km": 671167.5138826953,
      "period_days": 3.552563127035826
    },
    "Ganymede": {
      "id": 503,
      "planet": "Júpiter",
      "radius": 2634,
      "eccentricity": 0.001050117814765322,
      "orbit_km": 1070691.2643035967,
      "period_days": 7.157812925353045
    },
    "Callisto": {
      "id": 504,
      "planet": "Júpiter",
      "radius": 2410,
      "eccentricity": 0.007105034824388141,
      "orbit_km": 1882405.871302079,
      "period_days": 16.68624054733822
    },
    "Titan": {
      "id": 606,
      "planet": "Saturno",
      "radius": 2575,
      "eccentricity": 0.02876711012022422,
      "orbit_km": 1221938.0886138973,
      "period_days": 15.94741186876163
    }
  }
}