{
  "generated_at": "2026-02-25T04:58:02.562398+00:00",
  "source": "JPL Horizons",
  "planets": {
    "Mercúrio": {
      "id": 199,
      "radius": 2440,
      "orbit_km": 57909136.581256874,
      "period_days": 87.96925364265881,
      "eccentricity": 0.2056328061390535,
      "perihelion_arg_deg": 29.20104427334438,
      "a_AU": 0.3870986686527543,
      "i_deg": 7.003387577948777,
      "raan_deg": 48.29816267792065,
      "argp_deg": 29.20104427334438,
      "M_deg": 22.72710686536951
    },
    "Vênus": {
      "id": 299,
      "radius": 6052,
      "orbit_km": 108208473.21091466,
      "period_days": 224.6992802159328,
      "eccentricity": 0.006787888240500032,
      "perihelion_arg_deg": 54.93422648634824,
      "a_AU": 0.7233289665460102,
      "i_deg": 3.394385313035799,
      "raan_deg": 76.60691747987937,
      "argp_deg": 54.93422648634824,
      "M_deg": 233.1872114642917
    },
    "Terra": {
      "id": 399,
      "radius": 6371,
      "orbit_km": 149579798.6440754,
      "period_days": 365.1901650353722,
      "eccentricity": 0.01629127868577878,
      "perihelion_arg_deg": 287.1704898868393,
      "a_AU": 0.9998791957676936,
      "i_deg": 0.003641281564258606,
      "raan_deg": 176.3571587571135,
      "argp_deg": 287.1704898868393,
      "M_deg": 51.02683560731131
    },
    "Marte": {
      "id": 499,
      "radius": 3390,
      "orbit_km": 227939541.18369833,
      "period_days": 686.9731185958461,
      "eccentricity": 0.09347428714071428,
      "perihelion_arg_deg": 286.6221383396636,
      "a_AU": 1.523681721652328,
      "i_deg": 1.847479058831097,
      "raan_deg": 49.48215848093161,
      "argp_deg": 286.6221383396636,
      "M_deg": 344.6449706796665
    },
    "Júpiter": {
      "id": 599,
      "radius": 69911,
      "orbit_km": 778317739.8885868,
      "period_days": 4332.499428180543,
      "eccentricity": 0.04828867203720947,
      "perihelion_arg_deg": 273.600369827964,
      "a_AU": 5.202732741092329,
      "i_deg": 1.303584949847294,
      "raan_deg": 100.5180395559939,
      "argp_deg": 273.600369827964,
      "M_deg": 93.89256508224432
    },
    "Saturno": {
      "id": 699,
      "radius": 58232,
      "orbit_km": 1428038216.5787816,
      "period_days": 10771.0489291245,
      "eccentricity": 0.05526438253009073,
      "perihelion_arg_deg": 338.0768881849887,
      "a_AU": 9.545845872649721,
      "i_deg": 2.488888363456791,
      "raan_deg": 113.6936911873075,
      "argp_deg": 338.0768881849887,
      "M_deg": 277.9698197093562
    },
    "Urano": {
      "id": 799,
      "radius": 25362,
      "orbit_km": 2884267466.23792,
      "period_days": 30921.04235875043,
      "eccentricity": 0.04698150485917665,
      "perihelion_arg_deg": 91.54398163233975,
      "a_AU": 19.28013716199184,
      "i_deg": 0.7733815752359715,
      "raan_deg": 74.00553464344969,
      "argp_deg": 91.54398163233975,
      "M_deg": 259.8530220707516
    },
    "Netuno": {
      "id": 899,
      "radius": 24622,
      "orbit_km": 4504323785.539108,
      "period_days": 60345.31068039502,
      "eccentricity": 0.01102172905163705,
      "perihelion_arg_deg": 277.2331502328676,
      "a_AU": 30.10954477134218,
      "i_deg": 1.76578309616861,
      "raan_deg": 131.6180055423442,
      "argp_deg": 277.2331502328676,
      "M_deg": 313.4167332303412
    }
  },
  "moons": {
    "Lua": {
      "id": 301,
      "planet": "Terra",
      "radius": 1737,
      "eccentricity": 0.02651834000550391,
      "orbit_km": 380217.82802316145,
      "period_days": 26.84054500237552
    },
    "Io": {
      "id": 501,
      "planet": "Júpiter",
      "radius": 1821,
      "eccentricity": 0.003464609359684571,
      "orbit_km": 422020.9019668446,
      "period_days": 1.771297986250579
    },
    "Europa": {
      "id": 502,
      "planet": "Júpiter",
      "radius": 1560,
      "eccentricity": 0.009550003934940713,
      "orbit_km": 671276.8816043913,
      "period_days": 3.553431505395254
    },
    "Ganymede": {
      "id": 503,
      "planet": "Júpiter",
      "radius": 2634,
      "eccentricity": 0.001319608548071739,
      "orbit_km": 1070411.1487543485,
      "period_days": 7.155004155512199
    },
    "Callisto": {
      "id": 504,
      "planet": "Júpiter",
      "radius": 2410,
      "eccentricity": 0.007106182883750064,
      "orbit_km": 1883099.9361282436,
      "period_days": 16.69547001291097
    },
    "Titan": {
      "id": 606,
      "planet": "Saturno",
      "radius": 2575,
      "eccentricity": 0.02869520196540043,
      "orbit_km": 1221925.8806705663,
      "period_days": 15.94717288208638
    }
  }
}