{
  "generated_at": "2026-06-08T08:15:42.945552+00:00",
  "source": "JPL Horizons",
  "planets": {
    "Mercúrio": {
      "id": 199,
      "radius": 2440,
      "orbit_km": 57909153.09248744,
      "period_days": 87.96929126575642,
      "eccentricity": 0.2056364911732781,
      "perihelion_arg_deg": 29.20174664604642,
      "a_AU": 0.3870987790235135,
      "i_deg": 7.003388889185488,
      "raan_deg": 48.29773700964422,
      "argp_deg": 29.20174664604642,
      "M_deg": 84.23701083533003
    },
    "Vênus": {
      "id": 299,
      "radius": 6052,
      "orbit_km": 108208261.68764491,
      "period_days": 224.6986213612911,
      "eccentricity": 0.006786017814831025,
      "perihelion_arg_deg": 54.84850052626891,
      "a_AU": 0.7233275526002853,
      "i_deg": 3.394371263417263,
      "raan_deg": 76.60660333814943,
      "argp_deg": 54.84850052626891,
      "M_deg": 38.29303808594883
    },
    "Terra": {
      "id": 399,
      "radius": 6371,
      "orbit_km": 149595688.33058965,
      "period_days": 365.2483571648781,
      "eccentricity": 0.01684095035878186,
      "perihelion_arg_deg": 322.3761693646115,
      "a_AU": 0.9999854117615435,
      "i_deg": 0.003751811934429243,
      "raan_deg": 141.7303881662215,
      "argp_deg": 322.3761693646115,
      "M_deg": 151.8746666705954
    },
    "Marte": {
      "id": 499,
      "radius": 3390,
      "orbit_km": 227927566.05237493,
      "period_days": 686.9189826270396,
      "eccentricity": 0.09343017188467102,
      "perihelion_arg_deg": 286.6099906844693,
      "a_AU": 1.523601672843696,
      "i_deg": 1.847489718428638,
      "raan_deg": 49.48115491471108,
      "argp_deg": 286.6099906844693,
      "M_deg": 38.63496715243901
    },
    "Júpiter": {
      "id": 599,
      "radius": 69911,
      "orbit_km": 778246390.5432991,
      "period_days": 4331.903693500475,
      "eccentricity": 0.04818471170532784,
      "perihelion_arg_deg": 273.4663063416686,
      "a_AU": 5.202255800177637,
      "i_deg": 1.303602245567813,
      "raan_deg": 100.518187430046,
      "argp_deg": 273.4663063416686,
      "M_deg": 102.6001222770617
    },
    "Saturno": {
      "id": 699,
      "radius": 58232,
      "orbit_km": 1427159147.9940696,
      "period_days": 10761.10483239399,
      "eccentricity": 0.05536540210342429,
      "perihelion_arg_deg": 338.8460720394108,
      "a_AU": 9.539969662108765,
      "i_deg": 2.487267436235308,
      "raan_deg": 113.5827140799326,
      "argp_deg": 338.8460720394108,
      "M_deg": 280.7739867550514
    },
    "Urano": {
      "id": 799,
      "radius": 25362,
      "orbit_km": 2882988604.715988,
      "period_days": 30900.47941785575,
      "eccentricity": 0.04728557035961724,
      "perihelion_arg_deg": 92.00833557826955,
      "a_AU": 19.27158850073117,
      "i_deg": 0.7720242262155752,
      "raan_deg": 74.02887126362579,
      "argp_deg": 92.00833557826955,
      "M_deg": 260.5886638427798
    },
    "Netuno": {
      "id": 899,
      "radius": 24622,
      "orbit_km": 4499830993.273464,
      "period_days": 60255.04696694713,
      "eccentricity": 0.01017908305735897,
      "perihelion_arg_deg": 279.9617771131494,
      "a_AU": 30.07951231002023,
      "i_deg": 1.775545168610407,
      "raan_deg": 131.9925083011541,
      "argp_deg": 279.9617771131494,
      "M_deg": 310.9003334090838
    }
  },
  "moons": {
    "Lua": {
      "id": 301,
      "planet": "Terra",
      "radius": 1737,
      "eccentricity": 0.06556146006396922,
      "orbit_km": 380156.289709072,
      "period_days": 26.83402904652483
    },
    "Io": {
      "id": 501,
      "planet": "Júpiter",
      "radius": 1821,
      "eccentricity": 0.004711471837125564,
      "orbit_km": 422045.21681285935,
      "period_days": 1.77145106915926
    },
    "Europa": {
      "id": 502,
      "planet": "Júpiter",
      "radius": 1560,
      "eccentricity": 0.009155228213145548,
      "orbit_km": 671301.4858790367,
      "period_days": 3.553626872779909
    },
    "Ganymede": {
      "id": 503,
      "planet": "Júpiter",
      "radius": 2634,
      "eccentricity": 0.001826873731707367,
      "orbit_km": 1070699.7450482058,
      "period_days": 7.157897969061173
    },
    "Callisto": {
      "id": 504,
      "planet": "Júpiter",
      "radius": 2410,
      "eccentricity": 0.007353570021083373,
      "orbit_km": 1882325.5756132843,
      "period_days": 16.68517290918123
    },
    "Titan": {
      "id": 606,
      "planet": "Saturno",
      "radius": 2575,
      "eccentricity": 0.02879052055835131,
      "orbit_km": 1221947.4865340507,
      "period_days": 15.94759584632109
    }
  }
}