{
  "generated_at": "2026-04-12T05:28:13.968807+00:00",
  "source": "JPL Horizons",
  "planets": {
    "Mercúrio": {
      "id": 199,
      "radius": 2440,
      "orbit_km": 57909172.02462507,
      "period_days": 87.9693344052286,
      "eccentricity": 0.2056340807658994,
      "perihelion_arg_deg": 29.20121479247122,
      "a_AU": 0.3870989055770369,
      "i_deg": 7.003387642863695,
      "raan_deg": 48.29801518169458,
      "argp_deg": 29.20121479247122,
      "M_deg": 210.9742992741896
    },
    "Vênus": {
      "id": 299,
      "radius": 6052,
      "orbit_km": 108208537.94801041,
      "period_days": 224.6994818597676,
      "eccentricity": 0.006790476794057476,
      "perihelion_arg_deg": 54.92685862072466,
      "a_AU": 0.7233293992867669,
      "i_deg": 3.394384968950042,
      "raan_deg": 76.6068827074425,
      "argp_deg": 54.92685862072466,
      "M_deg": 306.8933197710834
    },
    "Terra": {
      "id": 399,
      "radius": 6371,
      "orbit_km": 149649411.66905734,
      "period_days": 365.4451287725034,
      "eccentricity": 0.01695872018913513,
      "perihelion_arg_deg": 317.9466838518839,
      "a_AU": 1.00034453009803,
      "i_deg": 0.001992395042833289,
      "raan_deg": 146.2931449718005,
      "argp_deg": 317.9466838518839,
      "M_deg": 95.56578939742117
    },
    "Marte": {
      "id": 499,
      "radius": 3390,
      "orbit_km": 227934578.84238178,
      "period_days": 686.9506851699592,
      "eccentricity": 0.09345416981174663,
      "perihelion_arg_deg": 286.6189318725001,
      "a_AU": 1.523648550449467,
      "i_deg": 1.847484414761947,
      "raan_deg": 49.48142339629427,
      "argp_deg": 286.6189318725001,
      "M_deg": 8.75422631208878
    },
    "Júpiter": {
      "id": 599,
      "radius": 69911,
      "orbit_km": 778242455.8968633,
      "period_days": 4331.870841781358,
      "eccentricity": 0.04813138805440547,
      "perihelion_arg_deg": 273.4612747010775,
      "a_AU": 5.202229498690742,
      "i_deg": 1.303533609979997,
      "raan_deg": 100.5173506732571,
      "argp_deg": 273.4612747010775,
      "M_deg": 97.87504243774326
    },
    "Saturno": {
      "id": 699,
      "radius": 58232,
      "orbit_km": 1427575246.2907133,
      "period_days": 10765.81138921611,
      "eccentricity": 0.05517949178606638,
      "perihelion_arg_deg": 338.437674756814,
      "a_AU": 9.542751107424108,
      "i_deg": 2.488218684874438,
      "raan_deg": 113.653783262297,
      "argp_deg": 338.437674756814,
      "M_deg": 279.1798390962675
    },
    "Urano": {
      "id": 799,
      "radius": 25362,
      "orbit_km": 2883688275.6728463,
      "period_days": 30911.72893146467,
      "eccentricity": 0.04712397433967505,
      "perihelion_arg_deg": 91.75906184127035,
      "a_AU": 19.27626551219921,
      "i_deg": 0.7731292794715472,
      "raan_deg": 74.01027838638623,
      "argp_deg": 91.75906184127035,
      "M_deg": 260.1800765194466
    },
    "Netuno": {
      "id": 899,
      "radius": 24622,
      "orbit_km": 4501702892.849728,
      "period_days": 60292.64942124724,
      "eccentricity": 0.01065923952425523,
      "perihelion_arg_deg": 279.5134722440917,
      "a_AU": 30.0920251858219,
      "i_deg": 1.768678844798274,
      "raan_deg": 131.7278344274441,
      "argp_deg": 279.5134722440917,
      "M_deg": 311.3047119157907
    }
  },
  "moons": {
    "Lua": {
      "id": 301,
      "planet": "Terra",
      "radius": 1737,
      "eccentricity": 0.06720335895260678,
      "orbit_km": 380742.5528463625,
      "period_days": 26.89612666075156
    },
    "Io": {
      "id": 501,
      "planet": "Júpiter",
      "radius": 1821,
      "eccentricity": 0.003594870866095369,
      "orbit_km": 422024.10467521835,
      "period_days": 1.771318149807512
    },
    "Europa": {
      "id": 502,
      "planet": "Júpiter",
      "radius": 1560,
      "eccentricity": 0.009495886037100047,
      "orbit_km": 671287.2420824528,
      "period_days": 3.553513771131378
    },
    "Ganymede": {
      "id": 503,
      "planet": "Júpiter",
      "radius": 2634,
      "eccentricity": 0.001542023667623084,
      "orbit_km": 1070840.6734168185,
      "period_days": 7.159311228120545
    },
    "Callisto": {
      "id": 504,
      "planet": "Júpiter",
      "radius": 2410,
      "eccentricity": 0.007375810446565847,
      "orbit_km": 1883337.8798818064,
      "period_days": 16.69863450902841
    },
    "Titan": {
      "id": 606,
      "planet": "Saturno",
      "radius": 2575,
      "eccentricity": 0.02872308201900825,
      "orbit_km": 1221935.1859490578,
      "period_days": 15.94735504514105
    }
  }
}