{
  "generated_at": "2026-02-11T05:07:59.269541+00:00",
  "source": "JPL Horizons",
  "planets": {
    "Mercúrio": {
      "id": 199,
      "radius": 2440,
      "orbit_km": 57909097.82855135,
      "period_days": 87.96916533933886,
      "eccentricity": 0.2056321554950111,
      "perihelion_arg_deg": 29.20094657770851,
      "a_AU": 0.387098409606918,
      "i_deg": 7.003389708376745,
      "raan_deg": 48.29818118228741,
      "argp_deg": 29.20094657770851,
      "M_deg": 325.4343812258349
    },
    "Vênus": {
      "id": 299,
      "radius": 6052,
      "orbit_km": 108208841.29611893,
      "period_days": 224.7004267326751,
      "eccentricity": 0.006785501269929667,
      "perihelion_arg_deg": 54.91348070689573,
      "a_AU": 0.7233314270436266,
      "i_deg": 3.394385015173214,
      "raan_deg": 76.60697514003678,
      "argp_deg": 54.91348070689573,
      "M_deg": 210.7780069274208
    },
    "Terra": {
      "id": 399,
      "radius": 6371,
      "orbit_km": 149634761.06578645,
      "period_days": 365.391464740362,
      "eccentricity": 0.01706788315965584,
      "perihelion_arg_deg": 290.4860924590155,
      "a_AU": 1.000246596864072,
      "i_deg": 0.003370839431687843,
      "raan_deg": 172.0657747500795,
      "argp_deg": 290.4860924590155,
      "M_deg": 38.11619812065666
    },
    "Marte": {
      "id": 499,
      "radius": 3390,
      "orbit_km": 227940682.54834038,
      "period_days": 686.9782784365109,
      "eccentricity": 0.09347934799527235,
      "perihelion_arg_deg": 286.6223172080197,
      "a_AU": 1.523689351203716,
      "i_deg": 1.847479987362084,
      "raan_deg": 49.48240708606777,
      "argp_deg": 286.6223172080197,
      "M_deg": 337.3083080003073
    },
    "Júpiter": {
      "id": 599,
      "radius": 69911,
      "orbit_km": 778331873.067392,
      "period_days": 4332.617437055183,
      "eccentricity": 0.04827293811461106,
      "perihelion_arg_deg": 273.620864928009,
      "a_AU": 5.202827215557368,
      "i_deg": 1.303528779274373,
      "raan_deg": 100.5175339553502,
      "argp_deg": 273.620864928009,
      "M_deg": 92.71089544899807
    },
    "Saturno": {
      "id": 699,
      "radius": 58232,
      "orbit_km": 1428219434.9957025,
      "period_days": 10773.09926748669,
      "eccentricity": 0.05536323291826202,
      "perihelion_arg_deg": 337.9497639130327,
      "a_AU": 9.547057242945789,
      "i_deg": 2.489080355985721,
      "raan_deg": 113.7035931371141,
      "argp_deg": 337.9497639130327,
      "M_deg": 277.6296439736226
    },
    "Urano": {
      "id": 799,
      "radius": 25362,
      "orbit_km": 2884499311.614375,
      "period_days": 30924.77071171285,
      "eccentricity": 0.04693454223088928,
      "perihelion_arg_deg": 91.45808157368579,
      "a_AU": 19.28168695260965,
      "i_deg": 0.7736107254136508,
      "raan_deg": 74.0012328775381,
      "argp_deg": 91.45808157368579,
      "M_deg": 259.776949399529
    },
    "Netuno": {
      "id": 899,
      "radius": 24622,
      "orbit_km": 4502853898.981048,
      "period_days": 60315.77455184714,
      "eccentricity": 0.01077505116084704,
      "perihelion_arg_deg": 278.0280726235832,
      "a_AU": 30.09971918658497,
      "i_deg": 1.774356810909288,
      "raan_deg": 131.9432515804137,
      "argp_deg": 278.0280726235832,
      "M_deg": 312.2086848926099
    }
  },
  "moons": {
    "Lua": {
      "id": 301,
      "planet": "Terra",
      "radius": 1737,
      "eccentricity": 0.06424353245184669,
      "orbit_km": 380158.70345312555,
      "period_days": 26.834284614758
    },
    "Io": {
      "id": 501,
      "planet": "Júpiter",
      "radius": 1821,
      "eccentricity": 0.003511456858650634,
      "orbit_km": 422021.07954228594,
      "period_days": 1.77129910422502
    },
    "Europa": {
      "id": 502,
      "planet": "Júpiter",
      "radius": 1560,
      "eccentricity": 0.00948620346879023,
      "orbit_km": 671298.3801022803,
      "period_days": 3.553602211522911
    },
    "Ganymede": {
      "id": 503,
      "planet": "Júpiter",
      "radius": 2634,
      "eccentricity": 0.001726372559513989,
      "orbit_km": 1070449.1289289785,
      "period_days": 7.155384968134725
    },
    "Callisto": {
      "id": 504,
      "planet": "Júpiter",
      "radius": 2410,
      "eccentricity": 0.007170632896496567,
      "orbit_km": 1883099.5531266993,
      "period_days": 16.69546491940237
    },
    "Titan": {
      "id": 606,
      "planet": "Saturno",
      "radius": 2575,
      "eccentricity": 0.0286780779852426,
      "orbit_km": 1221953.1003768588,
      "period_days": 15.94770574555988
    }
  }
}