{
  "generated_at": "2026-02-04T04:45:28.746885+00:00",
  "source": "JPL Horizons",
  "planets": {
    "Mercúrio": {
      "id": 199,
      "radius": 2440,
      "orbit_km": 57909191.51983182,
      "period_days": 87.9693788277384,
      "eccentricity": 0.2056328954574373,
      "perihelion_arg_deg": 29.20057935627774,
      "a_AU": 0.3870990358944449,
      "i_deg": 7.003386435816721,
      "raan_deg": 48.29820734461153,
      "argp_deg": 29.20057935627774,
      "M_deg": 296.7883651080317
    },
    "Vênus": {
      "id": 299,
      "radius": 6052,
      "orbit_km": 108209004.89984548,
      "period_days": 224.7009363283877,
      "eccentricity": 0.006784270923777822,
      "perihelion_arg_deg": 54.90533635846691,
      "a_AU": 0.7233325206669903,
      "i_deg": 3.394385473603934,
      "raan_deg": 76.60701763011228,
      "argp_deg": 54.90533635846691,
      "M_deg": 199.5712298783261
    },
    "Terra": {
      "id": 399,
      "radius": 6371,
      "orbit_km": 149472352.07104692,
      "period_days": 364.7967490983544,
      "eccentricity": 0.01607680321070142,
      "perihelion_arg_deg": 301.6376770834352,
      "a_AU": 0.9991609597892955,
      "i_deg": 0.005297006866392289,
      "raan_deg": 159.3922718626354,
      "argp_deg": 301.6376770834352,
      "M_deg": 32.76192563111319
    },
    "Marte": {
      "id": 499,
      "radius": 3390,
      "orbit_km": 227941083.43121064,
      "period_days": 686.980090736593,
      "eccentricity": 0.09348118951487916,
      "perihelion_arg_deg": 286.6222666330775,
      "a_AU": 1.523692030940188,
      "i_deg": 1.847481078152729,
      "raan_deg": 49.48255469773191,
      "argp_deg": 286.6222666330775,
      "M_deg": 333.6400847462599
    },
    "Júpiter": {
      "id": 599,
      "radius": 69911,
      "orbit_km": 778216915.5173097,
      "period_days": 4331.65759836941,
      "eccentricity": 0.0482659012324175,
      "perihelion_arg_deg": 273.4435167963681,
      "a_AU": 5.202058771798479,
      "i_deg": 1.303684193132807,
      "raan_deg": 100.5189475730342,
      "argp_deg": 273.4435167963681,
      "M_deg": 92.30770969992251
    },
    "Saturno": {
      "id": 699,
      "radius": 58232,
      "orbit_km": 1427559477.8173635,
      "period_days": 10765.63301689391,
      "eccentricity": 0.05526951234392828,
      "perihelion_arg_deg": 338.5517402522815,
      "a_AU": 9.542645701690216,
      "i_deg": 2.486841352890926,
      "raan_deg": 113.5680512289459,
      "argp_deg": 338.5517402522815,
      "M_deg": 276.9213599907516
    },
    "Urano": {
      "id": 799,
      "radius": 25362,
      "orbit_km": 2884342161.327031,
      "period_days": 30922.24352940895,
      "eccentricity": 0.04692155007094628,
      "perihelion_arg_deg": 91.52473329111464,
      "a_AU": 19.28063646782261,
      "i_deg": 0.7733655714076523,
      "raan_deg": 74.00563558860648,
      "argp_deg": 91.52473329111464,
      "M_deg": 259.6213649737197
    },
    "Netuno": {
      "id": 899,
      "radius": 24622,
      "orbit_km": 4504088866.4211855,
      "period_days": 60340.58985558601,
      "eccentricity": 0.01084917398009325,
      "perihelion_arg_deg": 276.4067163855607,
      "a_AU": 30.10797443403174,
      "i_deg": 1.774783041401357,
      "raan_deg": 131.9590618638602,
      "argp_deg": 276.4067163855607,
      "M_deg": 313.7554128765875
    }
  },
  "moons": {
    "Lua": {
      "id": 301,
      "planet": "Terra",
      "radius": 1737,
      "eccentricity": 0.05892536670080904,
      "orbit_km": 385550.7867224375,
      "period_days": 27.40722123808589
    },
    "Io": {
      "id": 501,
      "planet": "Júpiter",
      "radius": 1821,
      "eccentricity": 0.003569581261429497,
      "orbit_km": 422021.20178870804,
      "period_days": 1.771299873860723
    },
    "Europa": {
      "id": 502,
      "planet": "Júpiter",
      "radius": 1560,
      "eccentricity": 0.009444341444796035,
      "orbit_km": 671309.9361615449,
      "period_days": 3.553693972092517
    },
    "Ganymede": {
      "id": 503,
      "planet": "Júpiter",
      "radius": 2634,
      "eccentricity": 0.001824097732419295,
      "orbit_km": 1070379.5603724467,
      "period_days": 7.154687436086343
    },
    "Callisto": {
      "id": 504,
      "planet": "Júpiter",
      "radius": 2410,
      "eccentricity": 0.007203549542873968,
      "orbit_km": 1883110.768630378,
      "period_days": 16.69561407375276
    },
    "Titan": {
      "id": 606,
      "planet": "Saturno",
      "radius": 2575,
      "eccentricity": 0.0288129655032213,
      "orbit_km": 1221977.0989195153,
      "period_days": 15.9481755552141
    }
  }
}