{
  "generated_at": "2026-06-07T07:09:10.132685+00:00",
  "source": "JPL Horizons",
  "planets": {
    "Mercúrio": {
      "id": 199,
      "radius": 2440,
      "orbit_km": 57909163.65594227,
      "period_days": 87.96931533603615,
      "eccentricity": 0.2056363391172105,
      "perihelion_arg_deg": 29.20179505216747,
      "a_AU": 0.3870988496358476,
      "i_deg": 7.003387983767594,
      "raan_deg": 48.29774446789034,
      "argp_deg": 29.20179505216747,
      "M_deg": 80.14463347341155
    },
    "Vênus": {
      "id": 299,
      "radius": 6052,
      "orbit_km": 108208289.67841491,
      "period_days": 224.698708547164,
      "eccentricity": 0.006786239165327442,
      "perihelion_arg_deg": 54.84962820766553,
      "a_AU": 0.7233277397070259,
      "i_deg": 3.394371248621956,
      "raan_deg": 76.60660842459565,
      "argp_deg": 54.84962820766553,
      "M_deg": 36.68975624738437
    },
    "Terra": {
      "id": 399,
      "radius": 6371,
      "orbit_km": 149568645.8621848,
      "period_days": 365.1493225181086,
      "eccentricity": 0.01699495238239748,
      "perihelion_arg_deg": 322.379113399985,
      "a_AU": 0.9998046440254902,
      "i_deg": 0.003762430809939676,
      "raan_deg": 141.3858934572068,
      "argp_deg": 322.379113399985,
      "M_deg": 151.2324391756693
    },
    "Marte": {
      "id": 499,
      "radius": 3390,
      "orbit_km": 227927649.2137108,
      "period_days": 686.919358569536,
      "eccentricity": 0.09343040951940976,
      "perihelion_arg_deg": 286.6101430527519,
      "a_AU": 1.523602228742891,
      "i_deg": 1.847489867615073,
      "raan_deg": 49.48115248879085,
      "argp_deg": 286.6101430527519,
      "M_deg": 38.11073997774222
    },
    "Júpiter": {
      "id": 599,
      "radius": 69911,
      "orbit_km": 778477742.0583931,
      "period_days": 4333.835473022436,
      "eccentricity": 0.04823022141509666,
      "perihelion_arg_deg": 273.8486684504634,
      "a_AU": 5.203802289536152,
      "i_deg": 1.303297508063015,
      "raan_deg": 100.512943884928,
      "argp_deg": 273.8486684504634,
      "M_deg": 102.1249012632566
    },
    "Saturno": {
      "id": 699,
      "radius": 58232,
      "orbit_km": 1427303127.3823807,
      "period_days": 10762.7333295068,
      "eccentricity": 0.05538942913665035,
      "perihelion_arg_deg": 338.7185636891389,
      "a_AU": 9.540932104873741,
      "i_deg": 2.487620865362127,
      "raan_deg": 113.6098366262033,
      "argp_deg": 338.7185636891389,
      "M_deg": 280.8423440792052
    },
    "Urano": {
      "id": 799,
      "radius": 25362,
      "orbit_km": 2882868497.2650533,
      "period_days": 30898.54843251237,
      "eccentricity": 0.04728613654377822,
      "perihelion_arg_deg": 92.06819907848286,
      "a_AU": 19.27078563201136,
      "i_deg": 0.7725272522484786,
      "raan_deg": 74.02046191051313,
      "argp_deg": 92.06819907848286,
      "M_deg": 260.5245388706745
    },
    "Netuno": {
      "id": 899,
      "radius": 24622,
      "orbit_km": 4501067114.215375,
      "period_days": 60279.87711293977,
      "eccentricity": 0.01029009666716407,
      "perihelion_arg_deg": 278.548900533967,
      "a_AU": 30.08777526815009,
      "i_deg": 1.773514368021602,
      "raan_deg": 131.9143302321716,
      "argp_deg": 278.548900533967,
      "M_deg": 312.374960421506
    }
  },
  "moons": {
    "Lua": {
      "id": 301,
      "planet": "Terra",
      "radius": 1737,
      "eccentricity": 0.0639671055459912,
      "orbit_km": 380615.5871390551,
      "period_days": 26.88267425958987
    },
    "Io": {
      "id": 501,
      "planet": "Júpiter",
      "radius": 1821,
      "eccentricity": 0.003750624425670579,
      "orbit_km": 422021.43723162386,
      "period_days": 1.771301356156151
    },
    "Europa": {
      "id": 502,
      "planet": "Júpiter",
      "radius": 1560,
      "eccentricity": 0.009639445235141809,
      "orbit_km": 671228.8946660524,
      "period_days": 3.553050480986942
    },
    "Ganymede": {
      "id": 503,
      "planet": "Júpiter",
      "radius": 2634,
      "eccentricity": 0.001763700836204174,
      "orbit_km": 1070709.5243137248,
      "period_days": 7.157996034571541
    },
    "Callisto": {
      "id": 504,
      "planet": "Júpiter",
      "radius": 2410,
      "eccentricity": 0.007057278627763078,
      "orbit_km": 1883509.574532732,
      "period_days": 16.70091805963028
    },
    "Titan": {
      "id": 606,
      "planet": "Saturno",
      "radius": 2575,
      "eccentricity": 0.02876362223996027,
      "orbit_km": 1221933.0563256033,
      "period_days": 15.94731335490215
    }
  }
}