{
  "generated_at": "2026-02-28T04:19:08.097095+00:00",
  "source": "JPL Horizons",
  "planets": {
    "Mercúrio": {
      "id": 199,
      "radius": 2440,
      "orbit_km": 57909155.909356944,
      "period_days": 87.9692976843795,
      "eccentricity": 0.2056331147684886,
      "perihelion_arg_deg": 29.20106264120123,
      "a_AU": 0.3870987978531231,
      "i_deg": 7.003386992164268,
      "raan_deg": 48.29814718063574,
      "argp_deg": 29.20106264120123,
      "M_deg": 35.00409909015892
    },
    "Vênus": {
      "id": 299,
      "radius": 6052,
      "orbit_km": 108208404.79264575,
      "period_days": 224.699067106004,
      "eccentricity": 0.006788256302723716,
      "perihelion_arg_deg": 54.93859940470956,
      "a_AU": 0.723328509198131,
      "i_deg": 3.394385475634504,
      "raan_deg": 76.60690987422954,
      "argp_deg": 54.93859940470956,
      "M_deg": 237.9892731427717
    },
    "Terra": {
      "id": 399,
      "radius": 6371,
      "orbit_km": 149498027.65764612,
      "period_days": 364.8907474794055,
      "eccentricity": 0.01608395593190725,
      "perihelion_arg_deg": 290.6537487940652,
      "a_AU": 0.9993325904848332,
      "i_deg": 0.005022424344978275,
      "raan_deg": 171.0351709847772,
      "argp_deg": 290.6537487940652,
      "M_deg": 55.80884104091696
    },
    "Marte": {
      "id": 499,
      "radius": 3390,
      "orbit_km": 227939275.4924798,
      "period_days": 686.9719174702918,
      "eccentricity": 0.09347312053453205,
      "perihelion_arg_deg": 286.6220184611428,
      "a_AU": 1.52367994561623,
      "i_deg": 1.84747903284902,
      "raan_deg": 49.48211178890227,
      "argp_deg": 286.6220184611428,
      "M_deg": 346.217189096018
    },
    "Júpiter": {
      "id": 599,
      "radius": 69911,
      "orbit_km": 778400954.8214443,
      "period_days": 4333.194269632136,
      "eccentricity": 0.04821579292341361,
      "perihelion_arg_deg": 273.7242472055533,
      "a_AU": 5.203288998560889,
      "i_deg": 1.303356892791991,
      "raan_deg": 100.5157051632667,
      "argp_deg": 273.7242472055533,
      "M_deg": 94.02709254442934
    },
    "Saturno": {
      "id": 699,
      "radius": 58232,
      "orbit_km": 1428116729.2032735,
      "period_days": 10771.93721936793,
      "eccentricity": 0.05540506642266353,
      "perihelion_arg_deg": 338.0405184188756,
      "a_AU": 9.546370697128335,
      "i_deg": 2.488887583794863,
      "raan_deg": 113.6936037878218,
      "argp_deg": 338.0405184188756,
      "M_deg": 278.1223042806129
    },
    "Urano": {
      "id": 799,
      "radius": 25362,
      "orbit_km": 2884301074.6702795,
      "period_days": 30921.58281354529,
      "eccentricity": 0.04698734063321722,
      "perihelion_arg_deg": 91.53883850420227,
      "a_AU": 19.28036182048599,
      "i_deg": 0.7739698314671394,
      "raan_deg": 73.99485679491967,
      "argp_deg": 91.53883850420227,
      "M_deg": 259.9047729215181
    },
    "Netuno": {
      "id": 899,
      "radius": 24622,
      "orbit_km": 4502785207.7513895,
      "period_days": 60314.39437751317,
      "eccentricity": 0.01068695250158198,
      "perihelion_arg_deg": 277.6656021923124,
      "a_AU": 30.09926001407579,
      "i_deg": 1.775459251693657,
      "raan_deg": 131.9853110785437,
      "argp_deg": 277.6656021923124,
      "M_deg": 312.6185504017267
    }
  },
  "moons": {
    "Lua": {
      "id": 301,
      "planet": "Terra",
      "radius": 1737,
      "eccentricity": 0.03412008157757837,
      "orbit_km": 383490.50763846346,
      "period_days": 27.1878298226153
    },
    "Io": {
      "id": 501,
      "planet": "Júpiter",
      "radius": 1821,
      "eccentricity": 0.004354990034483441,
      "orbit_km": 422031.50648293406,
      "period_days": 1.771364750275437
    },
    "Europa": {
      "id": 502,
      "planet": "Júpiter",
      "radius": 1560,
      "eccentricity": 0.00974989765234819,
      "orbit_km": 671232.2550601009,
      "period_days": 3.553077162640686
    },
    "Ganymede": {
      "id": 503,
      "planet": "Júpiter",
      "radius": 2634,
      "eccentricity": 0.001358302476865658,
      "orbit_km": 1070558.31847909,
      "period_days": 7.156479807442477
    },
    "Callisto": {
      "id": 504,
      "planet": "Júpiter",
      "radius": 2410,
      "eccentricity": 0.007218350234266999,
      "orbit_km": 1883149.692429738,
      "period_days": 16.6961317226091
    },
    "Titan": {
      "id": 606,
      "planet": "Saturno",
      "radius": 2575,
      "eccentricity": 0.0286868743252986,
      "orbit_km": 1221956.9403539065,
      "period_days": 15.94778091890996
    }
  }
}