{
  "generated_at": "2026-02-05T04:53:12.081237+00:00",
  "source": "JPL Horizons",
  "planets": {
    "Mercúrio": {
      "id": 199,
      "radius": 2440,
      "orbit_km": 57909174.367538854,
      "period_days": 87.96933974387947,
      "eccentricity": 0.2056327671438598,
      "perihelion_arg_deg": 29.20065187276989,
      "a_AU": 0.3870989212384482,
      "i_deg": 7.003387060172959,
      "raan_deg": 48.29820005083597,
      "argp_deg": 29.20065187276989,
      "M_deg": 300.8806265719205
    },
    "Vênus": {
      "id": 299,
      "radius": 6052,
      "orbit_km": 108208983.35076381,
      "period_days": 224.700869206914,
      "eccentricity": 0.006784438140194007,
      "perihelion_arg_deg": 54.90640150466718,
      "a_AU": 0.7233323766202765,
      "i_deg": 3.394385376583006,
      "raan_deg": 76.60701151055741,
      "argp_deg": 54.90640150466718,
      "M_deg": 201.172293685012
    },
    "Terra": {
      "id": 399,
      "radius": 6371,
      "orbit_km": 149488278.14726317,
      "period_days": 364.8550535490009,
      "eccentricity": 0.01620865085582143,
      "perihelion_arg_deg": 301.2492678588555,
      "a_AU": 0.999267419033279,
      "i_deg": 0.005224256669216679,
      "raan_deg": 159.7473499441963,
      "argp_deg": 301.2492678588555,
      "M_deg": 33.77279765576313
    },
    "Marte": {
      "id": 499,
      "radius": 3390,
      "orbit_km": 227941035.12123722,
      "period_days": 686.9798723381305,
      "eccentricity": 0.09348096136896566,
      "perihelion_arg_deg": 286.6222738791594,
      "a_AU": 1.523691708007962,
      "i_deg": 1.847480892240499,
      "raan_deg": 49.48253278606065,
      "argp_deg": 286.6222738791594,
      "M_deg": 334.1641178079922
    },
    "Júpiter": {
      "id": 599,
      "radius": 69911,
      "orbit_km": 778422432.6011891,
      "period_days": 4333.373614287712,
      "eccentricity": 0.048308437910311,
      "perihelion_arg_deg": 273.7620088569942,
      "a_AU": 5.203432568650786,
      "i_deg": 1.303398471247816,
      "raan_deg": 100.5164287803151,
      "argp_deg": 273.7620088569942,
      "M_deg": 92.06694618530024
    },
    "Saturno": {
      "id": 699,
      "radius": 58232,
      "orbit_km": 1427648854.5423968,
      "period_days": 10766.64405576522,
      "eccentricity": 0.05523177612157595,
      "perihelion_arg_deg": 338.4566529436248,
      "a_AU": 9.543243148195403,
      "i_deg": 2.487260510992546,
      "raan_deg": 113.5934137439619,
      "argp_deg": 338.4566529436248,
      "M_deg": 277.019827944012
    },
    "Urano": {
      "id": 799,
      "radius": 25362,
      "orbit_km": 2884306551.0485673,
      "period_days": 30921.67087909086,
      "eccentricity": 0.04692502044924336,
      "perihelion_arg_deg": 91.54177632381139,
      "a_AU": 19.28039842781377,
      "i_deg": 0.7734929273666276,
      "raan_deg": 74.00327182849121,
      "argp_deg": 91.54177632381139,
      "M_deg": 259.6183896258314
    },
    "Netuno": {
      "id": 899,
      "radius": 24622,
      "orbit_km": 4503079227.50277,
      "period_days": 60320.30202530481,
      "eccentricity": 0.01079559892475497,
      "perihelion_arg_deg": 277.7572089693559,
      "a_AU": 30.10122541471956,
      "i_deg": 1.774715366299816,
      "raan_deg": 131.9565212717469,
      "argp_deg": 277.7572089693559,
      "M_deg": 312.4285382662666
    }
  },
  "moons": {
    "Lua": {
      "id": 301,
      "planet": "Terra",
      "radius": 1737,
      "eccentricity": 0.06029997989077603,
      "orbit_km": 384232.3823444701,
      "period_days": 27.26676156110254
    },
    "Io": {
      "id": 501,
      "planet": "Júpiter",
      "radius": 1821,
      "eccentricity": 0.004493433051376599,
      "orbit_km": 422034.32144648436,
      "period_days": 1.771382472893694
    },
    "Europa": {
      "id": 502,
      "planet": "Júpiter",
      "radius": 1560,
      "eccentricity": 0.009223592561077338,
      "orbit_km": 671312.2984868849,
      "period_days": 3.553712730168902
    },
    "Ganymede": {
      "id": 503,
      "planet": "Júpiter",
      "radius": 2634,
      "eccentricity": 0.002109894723767431,
      "orbit_km": 1070809.5985917365,
      "period_days": 7.158999595303962
    },
    "Callisto": {
      "id": 504,
      "planet": "Júpiter",
      "radius": 2410,
      "eccentricity": 0.007173588629349214,
      "orbit_km": 1882295.8205904036,
      "period_days": 16.68477728229331
    },
    "Titan": {
      "id": 606,
      "planet": "Saturno",
      "radius": 2575,
      "eccentricity": 0.02877440327452333,
      "orbit_km": 1221945.5537574866,
      "period_days": 15.94755800943244
    }
  }
}