{
  "generated_at": "2026-04-05T05:18:41.444027+00:00",
  "source": "JPL Horizons",
  "planets": {
    "Mercúrio": {
      "id": 199,
      "radius": 2440,
      "orbit_km": 57909162.2591401,
      "period_days": 87.96931215323086,
      "eccentricity": 0.2056343921699915,
      "perihelion_arg_deg": 29.20110172722959,
      "a_AU": 0.3870988402988018,
      "i_deg": 7.003391243428035,
      "raan_deg": 48.2980407009217,
      "argp_deg": 29.20110172722959,
      "M_deg": 182.3280883631859
    },
    "Vênus": {
      "id": 299,
      "radius": 6052,
      "orbit_km": 108208395.9177429,
      "period_days": 224.6990394623701,
      "eccentricity": 0.006790075899530413,
      "perihelion_arg_deg": 54.93774677772923,
      "a_AU": 0.7233284498730697,
      "i_deg": 3.394386196920271,
      "raan_deg": 76.60688125869603,
      "argp_deg": 54.93774677772923,
      "M_deg": 295.667479334626
    },
    "Terra": {
      "id": 399,
      "radius": 6371,
      "orbit_km": 149487001.05697456,
      "period_days": 364.8503780802325,
      "eccentricity": 0.01688878618079676,
      "perihelion_arg_deg": 284.3154553982281,
      "a_AU": 0.9992588822119818,
      "i_deg": 0.004223042272467515,
      "raan_deg": 176.2456660515768,
      "argp_deg": 284.3154553982281,
      "M_deg": 92.36257589141368
    },
    "Marte": {
      "id": 499,
      "radius": 3390,
      "orbit_km": 227935456.94429362,
      "period_days": 686.954654817483,
      "eccentricity": 0.0934575277448478,
      "perihelion_arg_deg": 286.6196503886873,
      "a_AU": 1.523654420198199,
      "i_deg": 1.847482904433981,
      "raan_deg": 49.48152404651641,
      "argp_deg": 286.6196503886873,
      "M_deg": 5.085125027533604
    },
    "Júpiter": {
      "id": 599,
      "radius": 69911,
      "orbit_km": 778302702.0282592,
      "period_days": 4332.373866594511,
      "eccentricity": 0.04810951412777931,
      "perihelion_arg_deg": 273.5543227269644,
      "a_AU": 5.202632219204837,
      "i_deg": 1.303419494137169,
      "raan_deg": 100.5159260828745,
      "argp_deg": 273.5543227269644,
      "M_deg": 97.20251124882196
    },
    "Saturno": {
      "id": 699,
      "radius": 58232,
      "orbit_km": 1427485075.663558,
      "period_days": 10764.79139607948,
      "eccentricity": 0.05542995882472428,
      "perihelion_arg_deg": 338.6110785320044,
      "a_AU": 9.542148354011019,
      "i_deg": 2.487242336898301,
      "raan_deg": 113.587096330438,
      "argp_deg": 338.6110785320044,
      "M_deg": 278.8685455372542
    },
    "Urano": {
      "id": 799,
      "radius": 25362,
      "orbit_km": 2883850219.078412,
      "period_days": 30914.33289926082,
      "eccentricity": 0.04709900129623166,
      "perihelion_arg_deg": 91.70512449181297,
      "a_AU": 19.27734803700259,
      "i_deg": 0.7737362716621126,
      "raan_deg": 73.9995963174349,
      "argp_deg": 91.70512449181297,
      "M_deg": 260.1617594093864
    },
    "Netuno": {
      "id": 899,
      "radius": 24622,
      "orbit_km": 4501257063.12208,
      "period_days": 60283.69294725089,
      "eccentricity": 0.01052490891848591,
      "perihelion_arg_deg": 279.378692539289,
      "a_AU": 30.08904499816574,
      "i_deg": 1.774038379471521,
      "raan_deg": 131.9327498588499,
      "argp_deg": 279.378692539289,
      "M_deg": 311.1822177430402
    }
  },
  "moons": {
    "Lua": {
      "id": 301,
      "planet": "Terra",
      "radius": 1737,
      "eccentricity": 0.05150948527822728,
      "orbit_km": 385078.50482694135,
      "period_days": 27.35687779397077
    },
    "Io": {
      "id": 501,
      "planet": "Júpiter",
      "radius": 1821,
      "eccentricity": 0.003670897972447675,
      "orbit_km": 422025.84999294084,
      "period_days": 1.771329137981366
    },
    "Europa": {
      "id": 502,
      "planet": "Júpiter",
      "radius": 1560,
      "eccentricity": 0.00945989592070503,
      "orbit_km": 671292.9975213531,
      "period_days": 3.553559471557246
    },
    "Ganymede": {
      "id": 503,
      "planet": "Júpiter",
      "radius": 2634,
      "eccentricity": 0.00155461085884837,
      "orbit_km": 1070840.9061622666,
      "period_days": 7.159313562217343
    },
    "Callisto": {
      "id": 504,
      "planet": "Júpiter",
      "radius": 2410,
      "eccentricity": 0.007593432564130445,
      "orbit_km": 1883437.9269153548,
      "period_days": 16.69996512876352
    },
    "Titan": {
      "id": 606,
      "planet": "Saturno",
      "radius": 2575,
      "eccentricity": 0.02878889128043738,
      "orbit_km": 1221938.822365365,
      "period_days": 15.94742623295741
    }
  }
}