{
  "generated_at": "2026-04-23T05:35:09.185194+00:00",
  "source": "JPL Horizons",
  "planets": {
    "Mercúrio": {
      "id": 199,
      "radius": 2440,
      "orbit_km": 57909153.66888135,
      "period_days": 87.96929257914888,
      "eccentricity": 0.2056337124824393,
      "perihelion_arg_deg": 29.20146994793898,
      "a_AU": 0.3870987828764688,
      "i_deg": 7.003384396964027,
      "raan_deg": 48.29795375004947,
      "argp_deg": 29.20146994793898,
      "M_deg": 255.9897036246951
    },
    "Vênus": {
      "id": 299,
      "radius": 6052,
      "orbit_km": 108208755.80718228,
      "period_days": 224.7001604504121,
      "eccentricity": 0.00679111184603319,
      "perihelion_arg_deg": 54.90801112549855,
      "a_AU": 0.7233308555853816,
      "i_deg": 3.394381949278606,
      "raan_deg": 76.60687305241039,
      "argp_deg": 54.90801112549855,
      "M_deg": 324.5355580587795
    },
    "Terra": {
      "id": 399,
      "radius": 6371,
      "orbit_km": 149633899.67196083,
      "period_days": 365.388309602848,
      "eccentricity": 0.01621802155544819,
      "perihelion_arg_deg": 276.8153176675693,
      "a_AU": 1.000240838801998,
      "i_deg": 0.004574237314533997,
      "raan_deg": 186.5416025795678,
      "argp_deg": 276.8153176675693,
      "M_deg": 107.3774131566924
    },
    "Marte": {
      "id": 499,
      "radius": 3390,
      "orbit_km": 227933165.6064083,
      "period_days": 686.9442963504983,
      "eccentricity": 0.09344890849663186,
      "perihelion_arg_deg": 286.6176147064045,
      "a_AU": 1.523639103550478,
      "i_deg": 1.847487035996635,
      "raan_deg": 49.48128597583464,
      "argp_deg": 286.6176147064045,
      "M_deg": 14.52019410253779
    },
    "Júpiter": {
      "id": 599,
      "radius": 69911,
      "orbit_km": 778228572.5444912,
      "period_days": 4331.754925551167,
      "eccentricity": 0.04827639003482873,
      "perihelion_arg_deg": 273.4602641969095,
      "a_AU": 5.20213669421226,
      "i_deg": 1.303753753613769,
      "raan_deg": 100.5203373564291,
      "argp_deg": 273.4602641969095,
      "M_deg": 98.7708135426492
    },
    "Saturno": {
      "id": 699,
      "radius": 58232,
      "orbit_km": 1427196561.657049,
      "period_days": 10761.52799647003,
      "eccentricity": 0.05532387473963652,
      "perihelion_arg_deg": 338.8333006855792,
      "a_AU": 9.540219756998514,
      "i_deg": 2.486847498594933,
      "raan_deg": 113.5581029588711,
      "argp_deg": 338.8333006855792,
      "M_deg": 279.2672153020803
    },
    "Urano": {
      "id": 799,
      "radius": 25362,
      "orbit_km": 2883539243.0958095,
      "period_days": 30909.3326278456,
      "eccentricity": 0.04715432822200818,
      "perihelion_arg_deg": 91.83453366719456,
      "a_AU": 19.27526929095395,
      "i_deg": 0.7741439466523415,
      "raan_deg": 73.99269398402959,
      "argp_deg": 91.83453366719456,
      "M_deg": 260.2524726296227
    },
    "Netuno": {
      "id": 899,
      "radius": 24622,
      "orbit_km": 4500774042.658953,
      "period_days": 60273.98983241786,
      "eccentricity": 0.01047847596044454,
      "perihelion_arg_deg": 279.9890720786281,
      "a_AU": 30.08581620579813,
      "i_deg": 1.772471541020751,
      "raan_deg": 131.8733543959133,
      "argp_deg": 279.9890720786281,
      "M_deg": 310.7421486519224
    }
  },
  "moons": {
    "Lua": {
      "id": 301,
      "planet": "Terra",
      "radius": 1737,
      "eccentricity": 0.05130780586983794,
      "orbit_km": 380627.95989351603,
      "period_days": 26.88398509173457
    },
    "Io": {
      "id": 501,
      "planet": "Júpiter",
      "radius": 1821,
      "eccentricity": 0.004448222953918265,
      "orbit_km": 422033.4854006548,
      "period_days": 1.771377209259481
    },
    "Europa": {
      "id": 502,
      "planet": "Júpiter",
      "radius": 1560,
      "eccentricity": 0.009224700206719581,
      "orbit_km": 671334.5133255816,
      "period_days": 3.55388912901119
    },
    "Ganymede": {
      "id": 503,
      "planet": "Júpiter",
      "radius": 2634,
      "eccentricity": 0.001234589491517799,
      "orbit_km": 1070449.603360716,
      "period_days": 7.155389725122246
    },
    "Callisto": {
      "id": 504,
      "planet": "Júpiter",
      "radius": 2410,
      "eccentricity": 0.007221258932800626,
      "orbit_km": 1882634.8304256292,
      "period_days": 16.68928498895323
    },
    "Titan": {
      "id": 606,
      "planet": "Saturno",
      "radius": 2575,
      "eccentricity": 0.02879539628094752,
      "orbit_km": 1221923.6248409178,
      "period_days": 15.94712872136105
    }
  }
}