{
  "generated_at": "2026-07-16T05:44:37.469231+00:00",
  "source": "JPL Horizons",
  "planets": {
    "Mercúrio": {
      "id": 199,
      "radius": 2440,
      "orbit_km": 57909056.52199646,
      "period_days": 87.96907121675763,
      "eccentricity": 0.2056368988288645,
      "perihelion_arg_deg": 29.20156875825366,
      "a_AU": 0.3870981334896531,
      "i_deg": 7.003372494920796,
      "raan_deg": 48.297548845389,
      "argp_deg": 29.20156875825366,
      "M_deg": 239.7464083725316
    },
    "Vênus": {
      "id": 299,
      "radius": 6052,
      "orbit_km": 108207938.5321012,
      "period_days": 224.6976147946508,
      "eccentricity": 0.006780826271582542,
      "perihelion_arg_deg": 54.83835669997027,
      "a_AU": 0.7233253924388993,
      "i_deg": 3.394371281373219,
      "raan_deg": 76.6065537503274,
      "argp_deg": 54.83835669997027,
      "M_deg": 99.18540297199469
    },
    "Terra": {
      "id": 399,
      "radius": 6371,
      "orbit_km": 149730144.65904474,
      "period_days": 365.7408946199157,
      "eccentricity": 0.01582563483026669,
      "perihelion_arg_deg": 248.4892645571805,
      "a_AU": 1.000884196803242,
      "i_deg": 0.003039415300932313,
      "raan_deg": 213.4804002908285,
      "argp_deg": 248.4892645571805,
      "M_deg": 191.5257342706183
    },
    "Marte": {
      "id": 499,
      "radius": 3390,
      "orbit_km": 227926560.2345217,
      "period_days": 686.9144356916279,
      "eccentricity": 0.09342605554153868,
      "perihelion_arg_deg": 286.6086876046203,
      "a_AU": 1.523594949366627,
      "i_deg": 1.847483524362864,
      "raan_deg": 49.48120788653262,
      "argp_deg": 286.6086876046203,
      "M_deg": 58.55151697632201
    },
    "Júpiter": {
      "id": 599,
      "radius": 69911,
      "orbit_km": 778304729.4639971,
      "period_days": 4332.390794999047,
      "eccentricity": 0.04824982228668273,
      "perihelion_arg_deg": 273.5764010630701,
      "a_AU": 5.202645771775662,
      "i_deg": 1.30357321406749,
      "raan_deg": 100.5176251605084,
      "argp_deg": 273.5764010630701,
      "M_deg": 105.6379876979516
    },
    "Saturno": {
      "id": 699,
      "radius": 58232,
      "orbit_km": 1427030068.5244308,
      "period_days": 10759.64493253131,
      "eccentricity": 0.05507376668264828,
      "perihelion_arg_deg": 338.8285936697628,
      "a_AU": 9.539106819148268,
      "i_deg": 2.487925776276393,
      "raan_deg": 113.6340374318675,
      "argp_deg": 338.8285936697628,
      "M_deg": 281.9790448118205
    },
    "Urano": {
      "id": 799,
      "radius": 25362,
      "orbit_km": 2882573851.8116965,
      "period_days": 30893.81154413579,
      "eccentricity": 0.0473665418280254,
      "perihelion_arg_deg": 92.16377003220558,
      "a_AU": 19.26881604880822,
      "i_deg": 0.7715908780513963,
      "raan_deg": 74.03532033158271,
      "argp_deg": 92.16377003220558,
      "M_deg": 260.8753039677836
    },
    "Netuno": {
      "id": 899,
      "radius": 24622,
      "orbit_km": 4500521132.466688,
      "period_days": 60268.9094762733,
      "eccentricity": 0.01033247834712115,
      "perihelion_arg_deg": 279.9486244984477,
      "a_AU": 30.08412560558383,
      "i_deg": 1.76611965353847,
      "raan_deg": 131.625491324417,
      "argp_deg": 279.9486244984477,
      "M_deg": 311.5155526772229
    }
  },
  "moons": {
    "Lua": {
      "id": 301,
      "planet": "Terra",
      "radius": 1737,
      "eccentricity": 0.07042148316249823,
      "orbit_km": 385416.378264975,
      "period_days": 27.39289066977209
    },
    "Io": {
      "id": 501,
      "planet": "Júpiter",
      "radius": 1821,
      "eccentricity": 0.003512633087957325,
      "orbit_km": 422020.14452255116,
      "period_days": 1.771293217556859
    },
    "Europa": {
      "id": 502,
      "planet": "Júpiter",
      "radius": 1560,
      "eccentricity": 0.009451358179900055,
      "orbit_km": 671277.9614270236,
      "period_days": 3.553440079526308
    },
    "Ganymede": {
      "id": 503,
      "planet": "Júpiter",
      "radius": 2634,
      "eccentricity": 0.001841311155577272,
      "orbit_km": 1070413.143267012,
      "period_days": 7.155024153556494
    },
    "Callisto": {
      "id": 504,
      "planet": "Júpiter",
      "radius": 2410,
      "eccentricity": 0.007326758997448605,
      "orbit_km": 1882908.8651406346,
      "period_days": 16.69292903861512
    },
    "Titan": {
      "id": 606,
      "planet": "Saturno",
      "radius": 2575,
      "eccentricity": 0.02873319981766391,
      "orbit_km": 1221964.983124816,
      "period_days": 15.94793836868
    }
  }
}