{
  "generated_at": "2026-05-29T06:58:18.579945+00:00",
  "source": "JPL Horizons",
  "planets": {
    "Mercúrio": {
      "id": 199,
      "radius": 2440,
      "orbit_km": 57909178.19924882,
      "period_days": 87.96934847495721,
      "eccentricity": 0.2056349839166644,
      "perihelion_arg_deg": 29.20197263680948,
      "a_AU": 0.3870989468518473,
      "i_deg": 7.003383002950599,
      "raan_deg": 48.29783707096058,
      "argp_deg": 29.20197263680948,
      "M_deg": 43.31351882107752
    },
    "Vênus": {
      "id": 299,
      "radius": 6052,
      "orbit_km": 108208552.22015266,
      "period_days": 224.6995263148051,
      "eccentricity": 0.00678832249390603,
      "perihelion_arg_deg": 54.85993747840447,
      "a_AU": 0.7233294946901452,
      "i_deg": 3.394371575778825,
      "raan_deg": 76.60666350614609,
      "argp_deg": 54.85993747840447,
      "M_deg": 22.26011358462132
    },
    "Terra": {
      "id": 399,
      "radius": 6371,
      "orbit_km": 149484171.22216675,
      "period_days": 364.8400180348173,
      "eccentricity": 0.01716290971517181,
      "perihelion_arg_deg": 275.5675063995178,
      "a_AU": 0.9992399659346674,
      "i_deg": 0.003910158144260625,
      "raan_deg": 185.5018710801829,
      "argp_deg": 275.5675063995178,
      "M_deg": 145.1217335374405
    },
    "Marte": {
      "id": 499,
      "radius": 3390,
      "orbit_km": 227928529.48390093,
      "period_days": 686.9233379587426,
      "eccentricity": 0.09343300362608639,
      "perihelion_arg_deg": 286.6116998636747,
      "a_AU": 1.523608112985668,
      "i_deg": 1.847490986497091,
      "raan_deg": 49.48113181339019,
      "argp_deg": 286.6116998636747,
      "M_deg": 33.39253404135052
    },
    "Júpiter": {
      "id": 599,
      "radius": 69911,
      "orbit_km": 778281978.1395786,
      "period_days": 4332.200830378982,
      "eccentricity": 0.0483620269336438,
      "perihelion_arg_deg": 273.5652416978321,
      "a_AU": 5.202493688565439,
      "i_deg": 1.303737023065229,
      "raan_deg": 100.5204084450862,
      "argp_deg": 273.5652416978321,
      "M_deg": 101.6455139703283
    },
    "Saturno": {
      "id": 699,
      "radius": 58232,
      "orbit_km": 1427230001.6888955,
      "period_days": 10761.90622182091,
      "eccentricity": 0.05513058792605512,
      "perihelion_arg_deg": 338.6977547531824,
      "a_AU": 9.540443289804763,
      "i_deg": 2.487920461755128,
      "raan_deg": 113.6335641644059,
      "argp_deg": 338.6977547531824,
      "M_deg": 280.5090661770256
    },
    "Urano": {
      "id": 799,
      "radius": 25362,
      "orbit_km": 2883167891.0102587,
      "period_days": 30903.36190509476,
      "eccentricity": 0.04725531415704511,
      "perihelion_arg_deg": 91.9618997308367,
      "a_AU": 19.27278695558505,
      "i_deg": 0.7734886641020039,
      "raan_deg": 74.00438427829111,
      "argp_deg": 91.9618997308367,
      "M_deg": 260.541168917177
    },
    "Netuno": {
      "id": 899,
      "radius": 24622,
      "orbit_km": 4500352837.712499,
      "period_days": 60265.52891821746,
      "eccentricity": 0.0104181080086446,
      "perihelion_arg_deg": 280.5193729012645,
      "a_AU": 30.08300062463723,
      "i_deg": 1.768851961581009,
      "raan_deg": 131.7337705479223,
      "argp_deg": 280.5193729012645,
      "M_deg": 310.5663839726525
    }
  },
  "moons": {
    "Lua": {
      "id": 301,
      "planet": "Terra",
      "radius": 1737,
      "eccentricity": 0.05112633537908461,
      "orbit_km": 385785.0811582999,
      "period_days": 27.43220757622627
    },
    "Io": {
      "id": 501,
      "planet": "Júpiter",
      "radius": 1821,
      "eccentricity": 0.004112861819034386,
      "orbit_km": 422029.6786407509,
      "period_days": 1.771353242467406
    },
    "Europa": {
      "id": 502,
      "planet": "Júpiter",
      "radius": 1560,
      "eccentricity": 0.009304122219078897,
      "orbit_km": 671314.0713573204,
      "period_days": 3.553726807692304
    },
    "Ganymede": {
      "id": 503,
      "planet": "Júpiter",
      "radius": 2634,
      "eccentricity": 0.001280452977903715,
      "orbit_km": 1070866.0435782627,
      "period_days": 7.159565655266426
    },
    "Callisto": {
      "id": 504,
      "planet": "Júpiter",
      "radius": 2410,
      "eccentricity": 0.006920795037180516,
      "orbit_km": 1882021.2169005836,
      "period_days": 16.68112626135816
    },
    "Titan": {
      "id": 606,
      "planet": "Saturno",
      "radius": 2575,
      "eccentricity": 0.02873327425372864,
      "orbit_km": 1221934.2628005,
      "period_days": 15.94733697326391
    }
  }
}