{
  "generated_at": "2026-07-24T05:53:34.389511+00:00",
  "source": "JPL Horizons",
  "planets": {
    "Mercúrio": {
      "id": 199,
      "radius": 2440,
      "orbit_km": 57909018.83323079,
      "period_days": 87.96898533782856,
      "eccentricity": 0.2056367046586884,
      "perihelion_arg_deg": 29.20185924851887,
      "a_AU": 0.3870978815558155,
      "i_deg": 7.003371345089254,
      "raan_deg": 48.29746808632159,
      "argp_deg": 29.20185924851887,
      "M_deg": 272.4849286777225
    },
    "Vênus": {
      "id": 299,
      "radius": 6052,
      "orbit_km": 108208066.84691872,
      "period_days": 224.6980144701604,
      "eccentricity": 0.006779989099583337,
      "perihelion_arg_deg": 54.8468136991296,
      "a_AU": 0.723326250170476,
      "i_deg": 3.394369434092478,
      "raan_deg": 76.60656410076314,
      "argp_deg": 54.8468136991296,
      "M_deg": 111.9942101582271
    },
    "Terra": {
      "id": 399,
      "radius": 6371,
      "orbit_km": 149543409.6289022,
      "period_days": 365.0569107223275,
      "eccentricity": 0.01709529981650835,
      "perihelion_arg_deg": 285.3950784156401,
      "a_AU": 0.9996359502254748,
      "i_deg": 0.0035494094980149,
      "raan_deg": 176.953625611214,
      "argp_deg": 285.3950784156401,
      "M_deg": 199.054553970511
    },
    "Marte": {
      "id": 499,
      "radius": 3390,
      "orbit_km": 227926928.86306417,
      "period_days": 686.9161021255622,
      "eccentricity": 0.09342592005074374,
      "perihelion_arg_deg": 286.6098158115377,
      "a_AU": 1.523597413496235,
      "i_deg": 1.847481958992773,
      "raan_deg": 49.48121027749739,
      "argp_deg": 286.6098158115377,
      "M_deg": 62.74313825501036
    },
    "Júpiter": {
      "id": 599,
      "radius": 69911,
      "orbit_km": 778065892.2232096,
      "period_days": 4330.3967363002,
      "eccentricity": 0.04836396310535288,
      "perihelion_arg_deg": 273.2230759253457,
      "a_AU": 5.201049243431576,
      "i_deg": 1.304002487504175,
      "raan_deg": 100.5264119929878,
      "argp_deg": 273.2230759253457,
      "M_deg": 106.6461785244296
    },
    "Saturno": {
      "id": 699,
      "radius": 58232,
      "orbit_km": 1427245567.9306023,
      "period_days": 10762.0822861799,
      "eccentricity": 0.05535153544529984,
      "perihelion_arg_deg": 338.7341696753988,
      "a_AU": 9.540547343703619,
      "i_deg": 2.487915467743662,
      "raan_deg": 113.63226584663,
      "argp_deg": 338.7341696753988,
      "M_deg": 282.3727204107091
    },
    "Urano": {
      "id": 799,
      "radius": 25362,
      "orbit_km": 2882519594.9300246,
      "period_days": 30892.93930595076,
      "eccentricity": 0.04737578155771018,
      "perihelion_arg_deg": 92.21961977427375,
      "a_AU": 19.2684533639557,
      "i_deg": 0.7737356760612117,
      "raan_deg": 74.00091264732598,
      "argp_deg": 92.21961977427375,
      "M_deg": 260.9476847799764
    },
    "Netuno": {
      "id": 899,
      "radius": 24622,
      "orbit_km": 4500097408.380301,
      "period_days": 60260.39819943733,
      "eccentricity": 0.01009322480523099,
      "perihelion_arg_deg": 279.1638086639256,
      "a_AU": 30.08129318501257,
      "i_deg": 1.773500645880602,
      "raan_deg": 131.9148555460221,
      "argp_deg": 279.1638086639256,
      "M_deg": 312.0317750754338
    }
  },
  "moons": {
    "Lua": {
      "id": 301,
      "planet": "Terra",
      "radius": 1737,
      "eccentricity": 0.06285714798604908,
      "orbit_km": 381526.2234256692,
      "period_days": 26.97920856943822
    },
    "Io": {
      "id": 501,
      "planet": "Júpiter",
      "radius": 1821,
      "eccentricity": 0.004788120900656848,
      "orbit_km": 422049.7168894244,
      "period_days": 1.77147940150272
    },
    "Europa": {
      "id": 502,
      "planet": "Júpiter",
      "radius": 1560,
      "eccentricity": 0.009092475786263663,
      "orbit_km": 671286.9650758896,
      "period_days": 3.55351157159635
    },
    "Ganymede": {
      "id": 503,
      "planet": "Júpiter",
      "radius": 2634,
      "eccentricity": 0.001632133834875037,
      "orbit_km": 1070741.2365411588,
      "period_days": 7.15831404474215
    },
    "Callisto": {
      "id": 504,
      "planet": "Júpiter",
      "radius": 2410,
      "eccentricity": 0.006972820086271754,
      "orbit_km": 1883569.1025385566,
      "period_days": 16.70170981047886
    },
    "Titan": {
      "id": 606,
      "planet": "Saturno",
      "radius": 2575,
      "eccentricity": 0.0287455838582634,
      "orbit_km": 1221947.674327672,
      "period_days": 15.94759952265365
    }
  }
}