{
  "generated_at": "2026-04-02T05:08:09.410493+00:00",
  "source": "JPL Horizons",
  "planets": {
    "Mercúrio": {
      "id": 199,
      "radius": 2440,
      "orbit_km": 57909156.259623654,
      "period_days": 87.96929848251017,
      "eccentricity": 0.2056345092690467,
      "perihelion_arg_deg": 29.20106146106351,
      "a_AU": 0.3870988001945114,
      "i_deg": 7.003392699871797,
      "raan_deg": 48.29804672749689,
      "argp_deg": 29.20106146106351,
      "M_deg": 170.0511289173706
    },
    "Vênus": {
      "id": 299,
      "radius": 6052,
      "orbit_km": 108208342.54912943,
      "period_days": 224.6988732293167,
      "eccentricity": 0.006789929924519736,
      "perihelion_arg_deg": 54.94173814968944,
      "a_AU": 0.7233280931259233,
      "i_deg": 3.394386532486173,
      "raan_deg": 76.60688001416435,
      "argp_deg": 54.94173814968944,
      "M_deg": 290.8570639297602
    },
    "Terra": {
      "id": 399,
      "radius": 6371,
      "orbit_km": 149464009.93033054,
      "period_days": 364.7662102397213,
      "eccentricity": 0.01664284216704234,
      "perihelion_arg_deg": 280.32198083729,
      "a_AU": 0.9991051960228907,
      "i_deg": 0.005250540874383569,
      "raan_deg": 179.6969915933435,
      "argp_deg": 280.32198083729,
      "M_deg": 89.97323343294492
    },
    "Marte": {
      "id": 499,
      "radius": 3390,
      "orbit_km": 227935823.09427345,
      "period_days": 686.9563100790474,
      "eccentricity": 0.0934589489029044,
      "perihelion_arg_deg": 286.6199256638489,
      "a_AU": 1.523656867759639,
      "i_deg": 1.847482302858913,
      "raan_deg": 49.4815706692249,
      "argp_deg": 286.6199256638489,
      "M_deg": 3.512691990113456
    },
    "Júpiter": {
      "id": 599,
      "radius": 69911,
      "orbit_km": 778263068.234515,
      "period_days": 4332.042942214202,
      "eccentricity": 0.04837309792675578,
      "perihelion_arg_deg": 273.5272366437463,
      "a_AU": 5.202367283657567,
      "i_deg": 1.303791613899763,
      "raan_deg": 100.5205813099188,
      "argp_deg": 273.5272366437463,
      "M_deg": 96.94609927796449
    },
    "Saturno": {
      "id": 699,
      "radius": 58232,
      "orbit_km": 1427882202.820352,
      "period_days": 10769.28386509293,
      "eccentricity": 0.05543443025086492,
      "perihelion_arg_deg": 338.2401362599985,
      "a_AU": 9.544802985089227,
      "i_deg": 2.488482207990111,
      "raan_deg": 113.6703184772086,
      "argp_deg": 338.2401362599985,
      "M_deg": 279.0537689308697
    },
    "Urano": {
      "id": 799,
      "radius": 25362,
      "orbit_km": 2883914371.9639945,
      "period_days": 30915.3644653306,
      "eccentricity": 0.04709511912261163,
      "perihelion_arg_deg": 91.6358039100483,
      "a_AU": 19.27777687255541,
      "i_deg": 0.771338983144036,
      "raan_deg": 74.04205492216524,
      "argp_deg": 91.6358039100483,
      "M_deg": 260.1538330160091
    },
    "Netuno": {
      "id": 899,
      "radius": 24622,
      "orbit_km": 4503774393.430308,
      "period_days": 60334.27054602941,
      "eccentricity": 0.01083691319136906,
      "perihelion_arg_deg": 277.1404301685879,
      "a_AU": 30.10587231192662,
      "i_deg": 1.767066195470162,
      "raan_deg": 131.6660611617344,
      "argp_deg": 277.1404301685879,
      "M_deg": 313.6601086032438
    }
  },
  "moons": {
    "Lua": {
      "id": 301,
      "planet": "Terra",
      "radius": 1737,
      "eccentricity": 0.04210052234804816,
      "orbit_km": 387165.5785823436,
      "period_days": 27.57958477762298
    },
    "Io": {
      "id": 501,
      "planet": "Júpiter",
      "radius": 1821,
      "eccentricity": 0.004672160228585778,
      "orbit_km": 422045.0214618649,
      "period_days": 1.771449839238836
    },
    "Europa": {
      "id": 502,
      "planet": "Júpiter",
      "radius": 1560,
      "eccentricity": 0.009218613086650975,
      "orbit_km": 671309.8568763223,
      "period_days": 3.553693342527705
    },
    "Ganymede": {
      "id": 503,
      "planet": "Júpiter",
      "radius": 2634,
      "eccentricity": 0.001431026548532888,
      "orbit_km": 1070607.6753241671,
      "period_days": 7.15697472490317
    },
    "Callisto": {
      "id": 504,
      "planet": "Júpiter",
      "radius": 2410,
      "eccentricity": 0.006994569627048555,
      "orbit_km": 1883275.2352048487,
      "period_days": 16.69780135645654
    },
    "Titan": {
      "id": 606,
      "planet": "Saturno",
      "radius": 2575,
      "eccentricity": 0.02871419107756692,
      "orbit_km": 1221960.500852949,
      "period_days": 15.94785062116155
    }
  }
}