{
  "generated_at": "2026-03-14T04:47:18.109575+00:00",
  "source": "JPL Horizons",
  "planets": {
    "Mercúrio": {
      "id": 199,
      "radius": 2440,
      "orbit_km": 57909163.86325818,
      "period_days": 87.9693158084339,
      "eccentricity": 0.2056341813106699,
      "perihelion_arg_deg": 29.20102999517087,
      "a_AU": 0.3870988510216689,
      "i_deg": 7.003391754068859,
      "raan_deg": 48.29806330920795,
      "argp_deg": 29.20102999517087,
      "M_deg": 92.29679747300924
    },
    "Vênus": {
      "id": 299,
      "radius": 6052,
      "orbit_km": 108208216.04260197,
      "period_days": 224.6984791857726,
      "eccentricity": 0.006789244171503315,
      "perihelion_arg_deg": 54.95126334184067,
      "a_AU": 0.723327247482019,
      "i_deg": 3.394386460647402,
      "raan_deg": 76.60688393510958,
      "argp_deg": 54.95126334184067,
      "M_deg": 260.4067057039268
    },
    "Terra": {
      "id": 399,
      "radius": 6371,
      "orbit_km": 149665042.6910928,
      "period_days": 365.5023868995909,
      "eccentricity": 0.01711663955170474,
      "perihelion_arg_deg": 291.6185719336264,
      "a_AU": 1.000449017026636,
      "i_deg": 0.001937679156130737,
      "raan_deg": 172.3234668470313,
      "argp_deg": 291.6185719336264,
      "M_deg": 67.28356373661698
    },
    "Marte": {
      "id": 499,
      "radius": 3390,
      "orbit_km": 227937956.2513016,
      "period_days": 686.9659535112824,
      "eccentricity": 0.09346750417772001,
      "perihelion_arg_deg": 286.6212916710521,
      "a_AU": 1.523671127033639,
      "i_deg": 1.847479600734476,
      "raan_deg": 49.48188772989479,
      "argp_deg": 286.6212916710521,
      "M_deg": 353.5544339165116
    },
    "Júpiter": {
      "id": 599,
      "radius": 69911,
      "orbit_km": 778357474.2858087,
      "period_days": 4332.831204217874,
      "eccentricity": 0.04825859450679761,
      "perihelion_arg_deg": 273.6601043378512,
      "a_AU": 5.20299834913231,
      "i_deg": 1.303483676255362,
      "raan_deg": 100.5169008578456,
      "argp_deg": 273.6601043378512,
      "M_deg": 95.2491007038894
    },
    "Saturno": {
      "id": 699,
      "radius": 58232,
      "orbit_km": 1428037584.3722892,
      "period_days": 10771.04177645215,
      "eccentricity": 0.05530257739020495,
      "perihelion_arg_deg": 338.0702884652406,
      "a_AU": 9.545841646610343,
      "i_deg": 2.489049563157189,
      "raan_deg": 113.7058600516236,
      "argp_deg": 338.0702884652406,
      "M_deg": 278.5367999471615
    },
    "Urano": {
      "id": 799,
      "radius": 25362,
      "orbit_km": 2883825197.8472304,
      "period_days": 30913.93056578282,
      "eccentricity": 0.04704424556080319,
      "perihelion_arg_deg": 91.70591872156363,
      "a_AU": 19.27718078040285,
      "i_deg": 0.7725071937577438,
      "raan_deg": 74.02135162680767,
      "argp_deg": 91.70591872156363,
      "M_deg": 259.8763620954821
    },
    "Netuno": {
      "id": 899,
      "radius": 24622,
      "orbit_km": 4503034503.813541,
      "period_days": 60319.4033936328,
      "eccentricity": 0.01086694378792888,
      "perihelion_arg_deg": 278.4642318242185,
      "a_AU": 30.10092645532248,
      "i_deg": 1.767040966116229,
      "raan_deg": 131.6656027981488,
      "argp_deg": 278.4642318242185,
      "M_deg": 312.2451707019621
    }
  },
  "moons": {
    "Lua": {
      "id": 301,
      "planet": "Terra",
      "radius": 1737,
      "eccentricity": 0.06250219080812841,
      "orbit_km": 381452.53666673234,
      "period_days": 26.97139292929273
    },
    "Io": {
      "id": 501,
      "planet": "Júpiter",
      "radius": 1821,
      "eccentricity": 0.004540726372281385,
      "orbit_km": 422034.53237767966,
      "period_days": 1.771383800889487
    },
    "Europa": {
      "id": 502,
      "planet": "Júpiter",
      "radius": 1560,
      "eccentricity": 0.009790474263035538,
      "orbit_km": 671242.9649265509,
      "period_days": 3.553162199824313
    },
    "Ganymede": {
      "id": 503,
      "planet": "Júpiter",
      "radius": 2634,
      "eccentricity": 0.001584988219427569,
      "orbit_km": 1070532.3161508183,
      "period_days": 7.156219078058467
    },
    "Callisto": {
      "id": 504,
      "planet": "Júpiter",
      "radius": 2410,
      "eccentricity": 0.007148694689191734,
      "orbit_km": 1882732.4055287552,
      "period_days": 16.69058248949164
    },
    "Titan": {
      "id": 606,
      "planet": "Saturno",
      "radius": 2575,
      "eccentricity": 0.02867251740364702,
      "orbit_km": 1221952.8907044013,
      "period_days": 15.94770164090826
    }
  }
}