{
  "generated_at": "2026-02-07T04:42:27.636590+00:00",
  "source": "JPL Horizons",
  "planets": {
    "Mercúrio": {
      "id": 199,
      "radius": 2440,
      "orbit_km": 57909142.958974116,
      "period_days": 87.96926817515939,
      "eccentricity": 0.2056325265200626,
      "perihelion_arg_deg": 29.2007781336911,
      "a_AU": 0.3870987112851608,
      "i_deg": 7.003388188485996,
      "raan_deg": 48.29818972457153,
      "argp_deg": 29.2007781336911,
      "M_deg": 309.0651757175396
    },
    "Vênus": {
      "id": 299,
      "radius": 6052,
      "orbit_km": 108208938.36029525,
      "period_days": 224.7007290698011,
      "eccentricity": 0.006784781977194311,
      "perihelion_arg_deg": 54.9086249976213,
      "a_AU": 0.7233320758775696,
      "i_deg": 3.394385212953133,
      "raan_deg": 76.60699916731643,
      "argp_deg": 54.9086249976213,
      "M_deg": 204.3743308535271
    },
    "Terra": {
      "id": 399,
      "radius": 6371,
      "orbit_km": 149531544.7252605,
      "period_days": 365.0134656868809,
      "eccentricity": 0.01650820643917899,
      "perihelion_arg_deg": 299.387910777697,
      "a_AU": 0.9995566382433846,
      "i_deg": 0.004807932205676447,
      "raan_deg": 161.8479889972203,
      "argp_deg": 299.387910777697,
      "M_deg": 35.49314773351894
    },
    "Marte": {
      "id": 499,
      "radius": 3390,
      "orbit_km": 227940928.79184023,
      "period_days": 686.9793916470582,
      "eccentricity": 0.09348046755732829,
      "perihelion_arg_deg": 286.6222903870832,
      "a_AU": 1.523690997239844,
      "i_deg": 1.847480547028151,
      "raan_deg": 49.48248915572443,
      "argp_deg": 286.6222903870832,
      "M_deg": 335.212181304646
    },
    "Júpiter": {
      "id": 599,
      "radius": 69911,
      "orbit_km": 778274076.5239971,
      "period_days": 4332.134855642974,
      "eccentricity": 0.04821166101271862,
      "perihelion_arg_deg": 273.5296590762383,
      "a_AU": 5.202440869527678,
      "i_deg": 1.303514611129754,
      "raan_deg": 100.5174577121971,
      "argp_deg": 273.5296590762383,
      "M_deg": 92.47775509513914
    },
    "Saturno": {
      "id": 699,
      "radius": 58232,
      "orbit_km": 1427871472.8704436,
      "period_days": 10769.16247518509,
      "eccentricity": 0.05521135195430508,
      "perihelion_arg_deg": 338.239798161434,
      "a_AU": 9.544731259804246,
      "i_deg": 2.488125209728689,
      "raan_deg": 113.6457511915523,
      "argp_deg": 338.239798161434,
      "M_deg": 277.2479173579213
    },
    "Urano": {
      "id": 799,
      "radius": 25362,
      "orbit_km": 2884399721.491094,
      "period_days": 30923.16916419378,
      "eccentricity": 0.04693453648623452,
      "perihelion_arg_deg": 91.44567436750167,
      "a_AU": 19.28102123375406,
      "i_deg": 0.7706158135843859,
      "raan_deg": 74.05683815818547,
      "argp_deg": 91.44567436750167,
      "M_deg": 259.6862318430456
    },
    "Netuno": {
      "id": 899,
      "radius": 24622,
      "orbit_km": 4504407555.336223,
      "period_days": 60346.99410886614,
      "eccentricity": 0.01107125288023301,
      "perihelion_arg_deg": 277.324406038447,
      "a_AU": 30.11010473784921,
      "i_deg": 1.766239030780377,
      "raan_deg": 131.6360854383465,
      "argp_deg": 277.324406038447,
      "M_deg": 313.2058060540546
    }
  },
  "moons": {
    "Lua": {
      "id": 301,
      "planet": "Terra",
      "radius": 1737,
      "eccentricity": 0.06378307242815985,
      "orbit_km": 381353.9807755326,
      "period_days": 26.96094070638804
    },
    "Io": {
      "id": 501,
      "planet": "Júpiter",
      "radius": 1821,
      "eccentricity": 0.004026779519399053,
      "orbit_km": 422025.37524741085,
      "period_days": 1.771326149075519
    },
    "Europa": {
      "id": 502,
      "planet": "Júpiter",
      "radius": 1560,
      "eccentricity": 0.009702482600117098,
      "orbit_km": 671223.8020484803,
      "period_days": 3.553010045541291
    },
    "Ganymede": {
      "id": 503,
      "planet": "Júpiter",
      "radius": 2634,
      "eccentricity": 0.001805392720089947,
      "orbit_km": 1070645.5165373825,
      "period_days": 7.157354179028966
    },
    "Callisto": {
      "id": 504,
      "planet": "Júpiter",
      "radius": 2410,
      "eccentricity": 0.007284363645950708,
      "orbit_km": 1882512.1344450428,
      "period_days": 16.68765349240118
    },
    "Titan": {
      "id": 606,
      "planet": "Saturno",
      "radius": 2575,
      "eccentricity": 0.02873430550417955,
      "orbit_km": 1221929.291900073,
      "period_days": 15.94723966130618
    }
  }
}