{
  "generated_at": "2026-05-31T07:00:59.048038+00:00",
  "source": "JPL Horizons",
  "planets": {
    "Mercúrio": {
      "id": 199,
      "radius": 2440,
      "orbit_km": 57909188.68724422,
      "period_days": 87.96937237329749,
      "eccentricity": 0.2056352916060463,
      "perihelion_arg_deg": 29.20197455426593,
      "a_AU": 0.3870990169597663,
      "i_deg": 7.003383323744332,
      "raan_deg": 48.2978162227048,
      "argp_deg": 29.20197455426593,
      "M_deg": 51.49817326750229
    },
    "Vênus": {
      "id": 299,
      "radius": 6052,
      "orbit_km": 108208494.34228662,
      "period_days": 224.6993460361614,
      "eccentricity": 0.006787861165769342,
      "perihelion_arg_deg": 54.85766177073253,
      "a_AU": 0.7233291078005071,
      "i_deg": 3.394371415673506,
      "raan_deg": 76.6066495742157,
      "argp_deg": 54.85766177073253,
      "M_deg": 25.46667680641746
    },
    "Terra": {
      "id": 399,
      "radius": 6371,
      "orbit_km": 149471636.5921978,
      "period_days": 364.7941298442691,
      "eccentricity": 0.01732682538762826,
      "perihelion_arg_deg": 288.111296250971,
      "a_AU": 0.9991561771085945,
      "i_deg": 0.003599159008034426,
      "raan_deg": 173.2594351572708,
      "argp_deg": 288.111296250971,
      "M_deg": 146.7747398051436
    },
    "Marte": {
      "id": 499,
      "radius": 3390,
      "orbit_km": 227928312.66602027,
      "period_days": 686.922357801319,
      "eccentricity": 0.09343235102287471,
      "perihelion_arg_deg": 286.6113254550292,
      "a_AU": 1.523606663647655,
      "i_deg": 1.847490717917085,
      "raan_deg": 49.48113720222954,
      "argp_deg": 286.6113254550292,
      "M_deg": 34.4410478434893
    },
    "Júpiter": {
      "id": 599,
      "radius": 69911,
      "orbit_km": 778417761.474368,
      "period_days": 4333.334609038437,
      "eccentricity": 0.04818085689775093,
      "perihelion_arg_deg": 273.7409808620152,
      "a_AU": 5.203401344096591,
      "i_deg": 1.30334736165964,
      "raan_deg": 100.513962817299,
      "argp_deg": 273.7409808620152,
      "M_deg": 101.6583824380866
    },
    "Saturno": {
      "id": 699,
      "radius": 58232,
      "orbit_km": 1427474958.1797938,
      "period_days": 10764.67695102042,
      "eccentricity": 0.05516648658322268,
      "perihelion_arg_deg": 338.4753268722721,
      "a_AU": 9.542080722809338,
      "i_deg": 2.48858563966659,
      "raan_deg": 113.6834794076273,
      "argp_deg": 338.4753268722721,
      "M_deg": 280.7503748529907
    },
    "Urano": {
      "id": 799,
      "radius": 25362,
      "orbit_km": 2883001335.203537,
      "period_days": 30900.68409015422,
      "eccentricity": 0.04726527306629232,
      "perihelion_arg_deg": 92.02918244000288,
      "a_AU": 19.2716735987843,
      "i_deg": 0.7733529024971232,
      "raan_deg": 74.00664550272516,
      "argp_deg": 92.02918244000288,
      "M_deg": 260.4945797484945
    },
    "Netuno": {
      "id": 899,
      "radius": 24622,
      "orbit_km": 4502097274.625377,
      "period_days": 60300.57270388628,
      "eccentricity": 0.01050679953553212,
      "perihelion_arg_deg": 278.1567936962642,
      "a_AU": 30.09466146516066,
      "i_deg": 1.768098428254489,
      "raan_deg": 131.7044997248066,
      "argp_deg": 278.1567936962642,
      "M_deg": 312.944980612091
    }
  },
  "moons": {
    "Lua": {
      "id": 301,
      "planet": "Terra",
      "radius": 1737,
      "eccentricity": 0.04911161965836692,
      "orbit_km": 387227.8178733797,
      "period_days": 27.58623543130696
    },
    "Io": {
      "id": 501,
      "planet": "Júpiter",
      "radius": 1821,
      "eccentricity": 0.003658693555252287,
      "orbit_km": 422020.0917376824,
      "period_days": 1.77129288523572
    },
    "Europa": {
      "id": 502,
      "planet": "Júpiter",
      "radius": 1560,
      "eccentricity": 0.009642380212177249,
      "orbit_km": 671231.1227663527,
      "period_days": 3.553068172178746
    },
    "Ganymede": {
      "id": 503,
      "planet": "Júpiter",
      "radius": 2634,
      "eccentricity": 0.001773741757432597,
      "orbit_km": 1070750.7914860179,
      "period_days": 7.158409862638533
    },
    "Callisto": {
      "id": 504,
      "planet": "Júpiter",
      "radius": 2410,
      "eccentricity": 0.007259071616095471,
      "orbit_km": 1882550.5898260947,
      "period_days": 16.6881648304208
    },
    "Titan": {
      "id": 606,
      "planet": "Saturno",
      "radius": 2575,
      "eccentricity": 0.02870086557003788,
      "orbit_km": 1221924.4661746495,
      "period_days": 15.94714519153073
    }
  }
}