{
  "generated_at": "2026-04-28T06:10:31.309216+00:00",
  "source": "JPL Horizons",
  "planets": {
    "Mercúrio": {
      "id": 199,
      "radius": 2440,
      "orbit_km": 57909128.27792273,
      "period_days": 87.96923472237805,
      "eccentricity": 0.205633575287466,
      "perihelion_arg_deg": 29.20162267065168,
      "a_AU": 0.3870986131483938,
      "i_deg": 7.003384550996113,
      "raan_deg": 48.29792713143615,
      "argp_deg": 29.20162267065168,
      "M_deg": 276.4512366095853
    },
    "Vênus": {
      "id": 299,
      "radius": 6052,
      "orbit_km": 108208828.09434977,
      "period_days": 224.7003856115933,
      "eccentricity": 0.006791288537846265,
      "perihelion_arg_deg": 54.8997094463661,
      "a_AU": 0.7233313387952505,
      "i_deg": 3.394380291865113,
      "raan_deg": 76.60686109855276,
      "argp_deg": 54.8997094463661,
      "M_deg": 332.5544578001376
    },
    "Terra": {
      "id": 399,
      "radius": 6371,
      "orbit_km": 149501704.83034766,
      "period_days": 364.9042102778864,
      "eccentricity": 0.01667837448399027,
      "perihelion_arg_deg": 270.9515172887352,
      "a_AU": 0.9993571708661203,
      "i_deg": 0.005152166576851029,
      "raan_deg": 189.7184841963856,
      "argp_deg": 270.9515172887352,
      "M_deg": 114.9783912439946
    },
    "Marte": {
      "id": 499,
      "radius": 3390,
      "orbit_km": 227932521.31559792,
      "period_days": 686.9413837099651,
      "eccentricity": 0.09344656552954624,
      "perihelion_arg_deg": 286.6169520575929,
      "a_AU": 1.523634796732424,
      "i_deg": 1.847488247760242,
      "raan_deg": 49.48123374816078,
      "argp_deg": 286.6169520575929,
      "M_deg": 17.14117230507927
    },
    "Júpiter": {
      "id": 599,
      "radius": 69911,
      "orbit_km": 778187424.7956008,
      "period_days": 4331.411376854567,
      "eccentricity": 0.04822033334394433,
      "perihelion_arg_deg": 273.386075543972,
      "a_AU": 5.201861638499918,
      "i_deg": 1.303722841062566,
      "raan_deg": 100.5199653026969,
      "argp_deg": 273.386075543972,
      "M_deg": 99.26883964579591
    },
    "Saturno": {
      "id": 699,
      "radius": 58232,
      "orbit_km": 1427514630.4479353,
      "period_days": 10765.12571068013,
      "eccentricity": 0.05516685799631382,
      "perihelion_arg_deg": 338.4730294400841,
      "a_AU": 9.542345915542068,
      "i_deg": 2.488286699259022,
      "raan_deg": 113.6592408953138,
      "argp_deg": 338.4730294400841,
      "M_deg": 279.6730631234236
    },
    "Urano": {
      "id": 799,
      "radius": 25362,
      "orbit_km": 2883498535.3069806,
      "period_days": 30908.67809566904,
      "eccentricity": 0.04717603010726178,
      "perihelion_arg_deg": 91.79274411234185,
      "a_AU": 19.27499717619297,
      "i_deg": 0.7709859209429211,
      "raan_deg": 74.04752092569905,
      "argp_deg": 91.79274411234185,
      "M_deg": 260.2998394708504
    },
    "Netuno": {
      "id": 899,
      "radius": 24622,
      "orbit_km": 4500844172.370656,
      "period_days": 60275.39859476274,
      "eccentricity": 0.01038719750800822,
      "perihelion_arg_deg": 279.3310564077815,
      "a_AU": 30.08628499396587,
      "i_deg": 1.775333620759959,
      "raan_deg": 131.9828200613203,
      "argp_deg": 279.3310564077815,
      "M_deg": 311.3053097629375
    }
  },
  "moons": {
    "Lua": {
      "id": 301,
      "planet": "Terra",
      "radius": 1737,
      "eccentricity": 0.0457720203555087,
      "orbit_km": 383811.9336999365,
      "period_days": 27.22201857477113
    },
    "Io": {
      "id": 501,
      "planet": "Júpiter",
      "radius": 1821,
      "eccentricity": 0.003834302203102915,
      "orbit_km": 422022.0341695174,
      "period_days": 1.771305114344175
    },
    "Europa": {
      "id": 502,
      "planet": "Júpiter",
      "radius": 1560,
      "eccentricity": 0.009651049665980531,
      "orbit_km": 671221.8693153675,
      "period_days": 3.552994699656951
    },
    "Ganymede": {
      "id": 503,
      "planet": "Júpiter",
      "radius": 2634,
      "eccentricity": 0.00151390999601733,
      "orbit_km": 1070592.0494763122,
      "period_days": 7.156818038108367
    },
    "Callisto": {
      "id": 504,
      "planet": "Júpiter",
      "radius": 2410,
      "eccentricity": 0.007219165569847024,
      "orbit_km": 1883518.24214721,
      "period_days": 16.70103334225559
    },
    "Titan": {
      "id": 606,
      "planet": "Saturno",
      "radius": 2575,
      "eccentricity": 0.02870695632010326,
      "orbit_km": 1221951.515981944,
      "period_days": 15.94767472867099
    }
  }
}