{
  "generated_at": "2026-06-19T08:35:25.339806+00:00",
  "source": "JPL Horizons",
  "planets": {
    "Mercúrio": {
      "id": 199,
      "radius": 2440,
      "orbit_km": 57909040.1197872,
      "period_days": 87.96903384211109,
      "eccentricity": 0.2056379109319353,
      "perihelion_arg_deg": 29.20127328280413,
      "a_AU": 0.3870980238476563,
      "i_deg": 7.003394526503425,
      "raan_deg": 48.29770967737382,
      "argp_deg": 29.20127328280413,
      "M_deg": 129.2532382636736
    },
    "Vênus": {
      "id": 299,
      "radius": 6052,
      "orbit_km": 108208002.12219909,
      "period_days": 224.6978128653138,
      "eccentricity": 0.006783908638157495,
      "perihelion_arg_deg": 54.83751740782176,
      "a_AU": 0.7233258175124487,
      "i_deg": 3.394371802945694,
      "raan_deg": 76.60655971710987,
      "argp_deg": 54.83751740782176,
      "M_deg": 55.9277788852275
    },
    "Terra": {
      "id": 399,
      "radius": 6371,
      "orbit_km": 149685224.43965876,
      "period_days": 365.5763192535336,
      "eccentricity": 0.01601728552684429,
      "perihelion_arg_deg": 255.0154136082271,
      "a_AU": 1.000583923683205,
      "i_deg": 0.003953498508123647,
      "raan_deg": 207.4714964303683,
      "argp_deg": 255.0154136082271,
      "M_deg": 164.4185759813842
    },
    "Marte": {
      "id": 499,
      "radius": 3390,
      "orbit_km": 227926838.01679635,
      "period_days": 686.9156914429037,
      "eccentricity": 0.09342808924328844,
      "perihelion_arg_deg": 286.6086634040479,
      "a_AU": 1.523596806226443,
      "i_deg": 1.847488284973477,
      "raan_deg": 49.48117477535333,
      "argp_deg": 286.6086634040479,
      "M_deg": 44.40116378170078
    },
    "Júpiter": {
      "id": 599,
      "radius": 69911,
      "orbit_km": 778111588.0686718,
      "period_days": 4330.778228499113,
      "eccentricity": 0.04843391465776193,
      "perihelion_arg_deg": 273.3149261034683,
      "a_AU": 5.201354701291693,
      "i_deg": 1.304023521794613,
      "raan_deg": 100.5257484363318,
      "argp_deg": 273.3149261034683,
      "M_deg": 103.6345480081271
    },
    "Saturno": {
      "id": 699,
      "radius": 58232,
      "orbit_km": 1427591805.576939,
      "period_days": 10765.99870824152,
      "eccentricity": 0.05528761281396415,
      "perihelion_arg_deg": 338.3954884015678,
      "a_AU": 9.542861799415567,
      "i_deg": 2.488800088395672,
      "raan_deg": 113.7018703061732,
      "argp_deg": 338.3954884015678,
      "M_deg": 281.4600362097363
    },
    "Urano": {
      "id": 799,
      "radius": 25362,
      "orbit_km": 2882755900.189432,
      "period_days": 30896.73822911951,
      "eccentricity": 0.0473161263878637,
      "perihelion_arg_deg": 92.0874682672437,
      "a_AU": 19.27003296704966,
      "i_deg": 0.7711302709870689,
      "raan_deg": 74.04349943558523,
      "argp_deg": 92.0874682672437,
      "M_deg": 260.6245438559112
    },
    "Netuno": {
      "id": 899,
      "radius": 24622,
      "orbit_km": 4500466344.652312,
      "period_days": 60267.80893907679,
      "eccentricity": 0.01019479302182969,
      "perihelion_arg_deg": 279.0284881220014,
      "a_AU": 30.08375937166539,
      "i_deg": 1.774459969633735,
      "raan_deg": 131.9511267861831,
      "argp_deg": 279.0284881220014,
      "M_deg": 311.9291281722469
    }
  },
  "moons": {
    "Lua": {
      "id": 301,
      "planet": "Terra",
      "radius": 1737,
      "eccentricity": 0.07046693048195714,
      "orbit_km": 382393.70802878373,
      "period_days": 27.0712756875228
    },
    "Io": {
      "id": 501,
      "planet": "Júpiter",
      "radius": 1821,
      "eccentricity": 0.004445992394247689,
      "orbit_km": 422032.99186421896,
      "period_days": 1.771374102021659
    },
    "Europa": {
      "id": 502,
      "planet": "Júpiter",
      "radius": 1560,
      "eccentricity": 0.009178220250589819,
      "orbit_km": 671323.0816695606,
      "period_days": 3.553798354596272
    },
    "Ganymede": {
      "id": 503,
      "planet": "Júpiter",
      "radius": 2634,
      "eccentricity": 0.001585192069860999,
      "orbit_km": 1070771.53210608,
      "period_days": 7.15861785302158
    },
    "Callisto": {
      "id": 504,
      "planet": "Júpiter",
      "radius": 2410,
      "eccentricity": 0.006725160468465214,
      "orbit_km": 1883968.1632257013,
      "period_days": 16.70701783086716
    },
    "Titan": {
      "id": 606,
      "planet": "Saturno",
      "radius": 2575,
      "eccentricity": 0.02868826367977105,
      "orbit_km": 1221931.0990830825,
      "period_days": 15.94727503928355
    }
  }
}