{
  "generated_at": "2026-05-20T06:52:32.750410+00:00",
  "source": "JPL Horizons",
  "planets": {
    "Mercúrio": {
      "id": 199,
      "radius": 2440,
      "orbit_km": 57909095.98482852,
      "period_days": 87.96916113816587,
      "eccentricity": 0.2056336589468491,
      "perihelion_arg_deg": 29.20192577298099,
      "a_AU": 0.3870983972823921,
      "i_deg": 7.003385353640004,
      "raan_deg": 48.29789172903912,
      "argp_deg": 29.20192577298099,
      "M_deg": 6.482537785421527
    },
    "Vênus": {
      "id": 299,
      "radius": 6052,
      "orbit_km": 108208769.18184648,
      "period_days": 224.7002021100162,
      "eccentricity": 0.00679007614039594,
      "perihelion_arg_deg": 54.86983327873882,
      "a_AU": 0.7233309449894897,
      "i_deg": 3.394373142627711,
      "raan_deg": 76.60673558510398,
      "argp_deg": 54.86983327873882,
      "M_deg": 7.830988835492082
    },
    "Terra": {
      "id": 399,
      "radius": 6371,
      "orbit_km": 149698914.39727503,
      "period_days": 365.626472888577,
      "eccentricity": 0.0159893174706401,
      "perihelion_arg_deg": 271.7276920963111,
      "a_AU": 1.000675435397591,
      "i_deg": 0.004128416754546275,
      "raan_deg": 192.2272612896875,
      "argp_deg": 271.7276920963111,
      "M_deg": 133.3786705267542
    },
    "Marte": {
      "id": 499,
      "radius": 3390,
      "orbit_km": 227929631.39518195,
      "period_days": 686.9283193195131,
      "eccentricity": 0.09343649094393887,
      "perihelion_arg_deg": 286.6134478074222,
      "a_AU": 1.523615478807627,
      "i_deg": 1.847491651532081,
      "raan_deg": 49.48111692788919,
      "argp_deg": 286.6134478074222,
      "M_deg": 28.67417032719959
    },
    "Júpiter": {
      "id": 599,
      "radius": 69911,
      "orbit_km": 778182925.0746405,
      "period_days": 4331.373808563631,
      "eccentricity": 0.04838197618833997,
      "perihelion_arg_deg": 273.4106126597933,
      "a_AU": 5.201831559723133,
      "i_deg": 1.303911534589265,
      "raan_deg": 100.5230804308511,
      "argp_deg": 273.4106126597933,
      "M_deg": 101.0510052057899
    },
    "Saturno": {
      "id": 699,
      "radius": 58232,
      "orbit_km": 1427640345.9517472,
      "period_days": 10766.5478043339,
      "eccentricity": 0.05539487447179346,
      "perihelion_arg_deg": 338.4126532409236,
      "a_AU": 9.543186271779918,
      "i_deg": 2.488421650964701,
      "raan_deg": 113.669651904562,
      "argp_deg": 338.4126532409236,
      "M_deg": 280.4839817954498
    },
    "Urano": {
      "id": 799,
      "radius": 25362,
      "orbit_km": 2883031308.806827,
      "period_days": 30901.1659875656,
      "eccentricity": 0.04723475402179112,
      "perihelion_arg_deg": 92.05359007280084,
      "a_AU": 19.27187395994686,
      "i_deg": 0.7751834621556176,
      "raan_deg": 73.97560424861037,
      "argp_deg": 92.05359007280084,
      "M_deg": 260.3697580540717
    },
    "Netuno": {
      "id": 899,
      "radius": 24622,
      "orbit_km": 4501964062.984693,
      "period_days": 60297.89639160981,
      "eccentricity": 0.01044756767214909,
      "perihelion_arg_deg": 277.9341653308302,
      "a_AU": 30.09377100034281,
      "i_deg": 1.771753583540906,
      "raan_deg": 131.846159118883,
      "argp_deg": 277.9341653308302,
      "M_deg": 312.9542273151426
    }
  },
  "moons": {
    "Lua": {
      "id": 301,
      "planet": "Terra",
      "radius": 1737,
      "eccentricity": 0.06729108235170633,
      "orbit_km": 383301.95829182945,
      "period_days": 27.16778127918999
    },
    "Io": {
      "id": 501,
      "planet": "Júpiter",
      "radius": 1821,
      "eccentricity": 0.004502772844315692,
      "orbit_km": 422033.3665062056,
      "period_days": 1.771376460716142
    },
    "Europa": {
      "id": 502,
      "planet": "Júpiter",
      "radius": 1560,
      "eccentricity": 0.009629513274902642,
      "orbit_km": 671170.341102535,
      "period_days": 3.552585574235648
    },
    "Ganymede": {
      "id": 503,
      "planet": "Júpiter",
      "radius": 2634,
      "eccentricity": 0.001481561853108164,
      "orbit_km": 1070636.589689939,
      "period_days": 7.157264664140957
    },
    "Callisto": {
      "id": 504,
      "planet": "Júpiter",
      "radius": 2410,
      "eccentricity": 0.006768974513400495,
      "orbit_km": 1883567.0966393389,
      "period_days": 16.70168313085956
    },
    "Titan": {
      "id": 606,
      "planet": "Saturno",
      "radius": 2575,
      "eccentricity": 0.02870835217594464,
      "orbit_km": 1221946.7724934178,
      "period_days": 15.94758186794244
    }
  }
}