{
  "generated_at": "2026-06-04T07:55:25.010493+00:00",
  "source": "JPL Horizons",
  "planets": {
    "Mercúrio": {
      "id": 199,
      "radius": 2440,
      "orbit_km": 57909186.491774924,
      "period_days": 87.96936737061851,
      "eccentricity": 0.2056358895361534,
      "perihelion_arg_deg": 29.20191129456913,
      "a_AU": 0.3870990022839605,
      "i_deg": 7.003385446616826,
      "raan_deg": 48.29777235705296,
      "argp_deg": 29.20191129456913,
      "M_deg": 67.8675384201908
    },
    "Vênus": {
      "id": 299,
      "radius": 6052,
      "orbit_km": 108208376.28320861,
      "period_days": 224.6989783045354,
      "eccentricity": 0.006786924248371852,
      "perihelion_arg_deg": 54.85305871077683,
      "a_AU": 0.7233283186243146,
      "i_deg": 3.394371256477215,
      "raan_deg": 76.60662476830655,
      "argp_deg": 54.85305871077683,
      "M_deg": 31.87987016875595
    },
    "Terra": {
      "id": 399,
      "radius": 6371,
      "orbit_km": 149503178.65039247,
      "period_days": 364.9096062477745,
      "eccentricity": 0.01731157965190514,
      "perihelion_arg_deg": 313.928208700716,
      "a_AU": 0.9993670227446124,
      "i_deg": 0.003599842592399341,
      "raan_deg": 148.6987949536228,
      "argp_deg": 313.928208700716,
      "M_deg": 149.4284837394858
    },
    "Marte": {
      "id": 499,
      "radius": 3390,
      "orbit_km": 227927917.35035953,
      "period_days": 686.9205707193748,
      "eccentricity": 0.0934311851102133,
      "perihelion_arg_deg": 286.6106273134299,
      "a_AU": 1.52360402112568,
      "i_deg": 1.847490261853753,
      "raan_deg": 49.48114572219403,
      "argp_deg": 286.6106273134299,
      "M_deg": 36.5380339552251
    },
    "Júpiter": {
      "id": 599,
      "radius": 69911,
      "orbit_km": 778242241.0991334,
      "period_days": 4331.869048363473,
      "eccentricity": 0.04827659869177052,
      "perihelion_arg_deg": 273.4825187576959,
      "a_AU": 5.202228062856602,
      "i_deg": 1.303710021476641,
      "raan_deg": 100.5199955474164,
      "argp_deg": 273.4825187576959,
      "M_deg": 102.2389448585442
    },
    "Saturno": {
      "id": 699,
      "radius": 58232,
      "orbit_km": 1427629958.658891,
      "period_days": 10766.43030091438,
      "eccentricity": 0.05535322809965644,
      "perihelion_arg_deg": 338.3950388927678,
      "a_AU": 9.543116837015857,
      "i_deg": 2.488640580533515,
      "raan_deg": 113.6874941299594,
      "argp_deg": 338.3950388927678,
      "M_deg": 280.9805584998097
    },
    "Urano": {
      "id": 799,
      "radius": 25362,
      "orbit_km": 2883076458.0566835,
      "period_days": 30901.89187454538,
      "eccentricity": 0.04726960963334041,
      "perihelion_arg_deg": 92.00781708419105,
      "a_AU": 19.27217576404103,
      "i_deg": 0.7740605228316426,
      "raan_deg": 73.99486472248874,
      "argp_deg": 92.00781708419105,
      "M_deg": 260.5755121257916
    },
    "Netuno": {
      "id": 899,
      "radius": 24622,
      "orbit_km": 4500349744.721456,
      "period_days": 60265.46678951912,
      "eccentricity": 0.01041014575680531,
      "perihelion_arg_deg": 280.5092283907788,
      "a_AU": 30.08297994926913,
      "i_deg": 1.768293880678252,
      "raan_deg": 131.711959327983,
      "argp_deg": 280.5092283907788,
      "M_deg": 310.6330517212758
    }
  },
  "moons": {
    "Lua": {
      "id": 301,
      "planet": "Terra",
      "radius": 1737,
      "eccentricity": 0.05618330660923773,
      "orbit_km": 384223.1277811005,
      "period_days": 27.26577645235765
    },
    "Io": {
      "id": 501,
      "planet": "Júpiter",
      "radius": 1821,
      "eccentricity": 0.00381082067818356,
      "orbit_km": 422023.40668102796,
      "period_days": 1.771313755381035
    },
    "Europa": {
      "id": 502,
      "planet": "Júpiter",
      "radius": 1560,
      "eccentricity": 0.009366977045675285,
      "orbit_km": 671324.1889138629,
      "period_days": 3.553807146766636
    },
    "Ganymede": {
      "id": 503,
      "planet": "Júpiter",
      "radius": 2634,
      "eccentricity": 0.001464799376989132,
      "orbit_km": 1070444.9869311596,
      "period_days": 7.155343437585359
    },
    "Callisto": {
      "id": 504,
      "planet": "Júpiter",
      "radius": 2410,
      "eccentricity": 0.007179306220845723,
      "orbit_km": 1883029.8304725152,
      "period_days": 16.69453769172331
    },
    "Titan": {
      "id": 606,
      "planet": "Saturno",
      "radius": 2575,
      "eccentricity": 0.02869788438755624,
      "orbit_km": 1221951.2221605193,
      "period_days": 15.94766897668145
    }
  }
}