{
  "generated_at": "2026-03-05T04:49:10.937496+00:00",
  "source": "JPL Horizons",
  "planets": {
    "Mercúrio": {
      "id": 199,
      "radius": 2440,
      "orbit_km": 57909174.26119689,
      "period_days": 87.96933950156473,
      "eccentricity": 0.2056335497040376,
      "perihelion_arg_deg": 29.20108317177265,
      "a_AU": 0.3870989205275961,
      "i_deg": 7.00338732363775,
      "raan_deg": 48.29811396972171,
      "argp_deg": 29.20108317177265,
      "M_deg": 55.46574927141818
    },
    "Vênus": {
      "id": 299,
      "radius": 6052,
      "orbit_km": 108208310.84080829,
      "period_days": 224.6987744639627,
      "eccentricity": 0.006788727887843905,
      "perihelion_arg_deg": 54.94482052292475,
      "a_AU": 0.7233278811688881,
      "i_deg": 3.394385799352528,
      "raan_deg": 76.60689875855405,
      "argp_deg": 54.94482052292475,
      "M_deg": 245.9937898143411
    },
    "Terra": {
      "id": 399,
      "radius": 6371,
      "orbit_km": 149468069.55717614,
      "period_days": 364.7810715908448,
      "eccentricity": 0.01637086511121162,
      "perihelion_arg_deg": 290.1911505193061,
      "a_AU": 0.999132332952224,
      "i_deg": 0.005440689547003412,
      "raan_deg": 170.0716741712212,
      "argp_deg": 290.1911505193061,
      "M_deg": 62.11711894560329
    },
    "Marte": {
      "id": 499,
      "radius": 3390,
      "orbit_km": 227938823.6561646,
      "period_days": 686.9698748295144,
      "eccentricity": 0.09347116050273026,
      "perihelion_arg_deg": 286.6217770650101,
      "a_AU": 1.523676925277016,
      "i_deg": 1.847479098200155,
      "raan_deg": 49.48203642263774,
      "argp_deg": 286.6217770650101,
      "M_deg": 348.8375992414644
    },
    "Júpiter": {
      "id": 599,
      "radius": 69911,
      "orbit_km": 778365711.7407018,
      "period_days": 4332.899986744957,
      "eccentricity": 0.04832835383512012,
      "perihelion_arg_deg": 273.6781456359678,
      "a_AU": 5.203053413117209,
      "i_deg": 1.303563137131411,
      "raan_deg": 100.517822874977,
      "argp_deg": 273.6781456359678,
      "M_deg": 94.47417951627683
    },
    "Saturno": {
      "id": 699,
      "radius": 58232,
      "orbit_km": 1427529899.290208,
      "period_days": 10765.29842846797,
      "eccentricity": 0.055421050412315,
      "perihelion_arg_deg": 338.5923399418744,
      "a_AU": 9.542447981448497,
      "i_deg": 2.486927230305455,
      "raan_deg": 113.5696970766652,
      "argp_deg": 338.5923399418744,
      "M_deg": 277.8665828126904
    },
    "Urano": {
      "id": 799,
      "radius": 25362,
      "orbit_km": 2884081048.8070364,
      "period_days": 30918.04465056063,
      "eccentricity": 0.04701191181226585,
      "perihelion_arg_deg": 91.60193767899662,
      "a_AU": 19.27889103843399,
      "i_deg": 0.7724945256209609,
      "raan_deg": 74.02167272378556,
      "argp_deg": 91.60193767899662,
      "M_deg": 259.8738632588312
    },
    "Netuno": {
      "id": 899,
      "radius": 24622,
      "orbit_km": 4503731835.0301895,
      "period_days": 60333.41535533717,
      "eccentricity": 0.01076899790115406,
      "perihelion_arg_deg": 276.6218063215252,
      "a_AU": 30.10558782659324,
      "i_deg": 1.773494432191237,
      "raan_deg": 131.9113959703576,
      "argp_deg": 276.6218063215252,
      "M_deg": 313.7567949124123
    }
  },
  "moons": {
    "Lua": {
      "id": 301,
      "planet": "Terra",
      "radius": 1737,
      "eccentricity": 0.04902207122475247,
      "orbit_km": 386408.73084782757,
      "period_days": 27.49875369541162
    },
    "Io": {
      "id": 501,
      "planet": "Júpiter",
      "radius": 1821,
      "eccentricity": 0.004736559774213236,
      "orbit_km": 422049.4209313189,
      "period_days": 1.771477538154961
    },
    "Europa": {
      "id": 502,
      "planet": "Júpiter",
      "radius": 1560,
      "eccentricity": 0.009194061045176397,
      "orbit_km": 671296.5691332867,
      "period_days": 3.55358783164519
    },
    "Ganymede": {
      "id": 503,
      "planet": "Júpiter",
      "radius": 2634,
      "eccentricity": 0.001357777053877596,
      "orbit_km": 1070654.4982466698,
      "period_days": 7.157444244426427
    },
    "Callisto": {
      "id": 504,
      "planet": "Júpiter",
      "radius": 2410,
      "eccentricity": 0.007086531139548826,
      "orbit_km": 1882471.3482104165,
      "period_days": 16.68711116692158
    },
    "Titan": {
      "id": 606,
      "planet": "Saturno",
      "radius": 2575,
      "eccentricity": 0.02880566425423048,
      "orbit_km": 1221949.9837891238,
      "period_days": 15.94764473373493
    }
  }
}