{
  "generated_at": "2026-03-21T04:42:01.260092+00:00",
  "source": "JPL Horizons",
  "planets": {
    "Mercúrio": {
      "id": 199,
      "radius": 2440,
      "orbit_km": 57909147.87513131,
      "period_days": 87.96927937729617,
      "eccentricity": 0.2056345430938037,
      "perihelion_arg_deg": 29.20098405872868,
      "a_AU": 0.3870987441476419,
      "i_deg": 7.003394664956549,
      "raan_deg": 48.29805175132544,
      "argp_deg": 29.20098405872868,
      "M_deg": 120.9431855991002
    },
    "Vênus": {
      "id": 299,
      "radius": 6052,
      "orbit_km": 108208213.06385686,
      "period_days": 224.6984699075562,
      "eccentricity": 0.00678949109377707,
      "perihelion_arg_deg": 54.95135354036884,
      "a_AU": 0.7233272275703377,
      "i_deg": 3.39438683395049,
      "raan_deg": 76.60687853241227,
      "argp_deg": 54.95135354036884,
      "M_deg": 271.6216782118529
    },
    "Terra": {
      "id": 399,
      "radius": 6371,
      "orbit_km": 149719877.73492098,
      "period_days": 365.7032772484945,
      "eccentricity": 0.01669354448839239,
      "perihelion_arg_deg": 291.7959876876997,
      "a_AU": 1.000815566654459,
      "i_deg": 0.001937827415047906,
      "raan_deg": 173.9722592773327,
      "argp_deg": 291.7959876876997,
      "M_deg": 72.4163086755673
    },
    "Marte": {
      "id": 499,
      "radius": 3390,
      "orbit_km": 227937216.465353,
      "period_days": 686.9626091318147,
      "eccentricity": 0.09346447810580429,
      "perihelion_arg_deg": 286.620856346969,
      "a_AU": 1.523666181870014,
      "i_deg": 1.847480350873403,
      "raan_deg": 49.48176841878754,
      "argp_deg": 286.620856346969,
      "M_deg": 357.2231756092161
    },
    "Júpiter": {
      "id": 599,
      "radius": 69911,
      "orbit_km": 778381165.4429814,
      "period_days": 4333.029025725755,
      "eccentricity": 0.04819485082396743,
      "perihelion_arg_deg": 273.6900694936114,
      "a_AU": 5.203156714736458,
      "i_deg": 1.303387040120362,
      "raan_deg": 100.51573561368,
      "argp_deg": 273.6900694936114,
      "M_deg": 95.80870403763814
    },
    "Saturno": {
      "id": 699,
      "radius": 58232,
      "orbit_km": 1427432789.8719516,
      "period_days": 10764.19996381667,
      "eccentricity": 0.05539932748881846,
      "perihelion_arg_deg": 338.6636759500669,
      "a_AU": 9.541798845081768,
      "i_deg": 2.486909016056158,
      "raan_deg": 113.5666114994063,
      "argp_deg": 338.6636759500669,
      "M_deg": 278.3315237323856
    },
    "Urano": {
      "id": 799,
      "radius": 25362,
      "orbit_km": 2883942142.136914,
      "period_days": 30915.81100793195,
      "eccentricity": 0.04705751734218195,
      "perihelion_arg_deg": 91.6653520108677,
      "a_AU": 19.27796250469569,
      "i_deg": 0.7732268875004396,
      "raan_deg": 74.00848484427932,
      "argp_deg": 91.6653520108677,
      "M_deg": 260.01397342916
    },
    "Netuno": {
      "id": 899,
      "radius": 24622,
      "orbit_km": 4504023752.414147,
      "period_days": 60339.28137672081,
      "eccentricity": 0.01091054490025145,
      "perihelion_arg_deg": 277.1383252583877,
      "a_AU": 30.10753917377881,
      "i_deg": 1.766332479534993,
      "raan_deg": 131.6382097729,
      "argp_deg": 277.1383252583877,
      "M_deg": 313.6241495833638
    }
  },
  "moons": {
    "Lua": {
      "id": 301,
      "planet": "Terra",
      "radius": 1737,
      "eccentricity": 0.04827712622234773,
      "orbit_km": 385363.9051335104,
      "period_days": 27.38729668657902
    },
    "Io": {
      "id": 501,
      "planet": "Júpiter",
      "radius": 1821,
      "eccentricity": 0.004617538979459376,
      "orbit_km": 422035.5806049502,
      "period_days": 1.771390400399067
    },
    "Europa": {
      "id": 502,
      "planet": "Júpiter",
      "radius": 1560,
      "eccentricity": 0.009798893298453923,
      "orbit_km": 671250.9269662539,
      "period_days": 3.553225419486663
    },
    "Ganymede": {
      "id": 503,
      "planet": "Júpiter",
      "radius": 2634,
      "eccentricity": 0.001689524438418201,
      "orbit_km": 1070583.3418881376,
      "period_days": 7.156730724041218
    },
    "Callisto": {
      "id": 504,
      "planet": "Júpiter",
      "radius": 2410,
      "eccentricity": 0.007380766017559747,
      "orbit_km": 1883374.5930330437,
      "period_days": 16.6991227877025
    },
    "Titan": {
      "id": 606,
      "planet": "Saturno",
      "radius": 2575,
      "eccentricity": 0.02880651861047782,
      "orbit_km": 1221941.8053642306,
      "period_days": 15.94748462931391
    }
  }
}