{
  "generated_at": "2026-03-11T04:47:44.475386+00:00",
  "source": "JPL Horizons",
  "planets": {
    "Mercúrio": {
      "id": 199,
      "radius": 2440,
      "orbit_km": 57909171.54325812,
      "period_days": 87.9693333083679,
      "eccentricity": 0.2056339822962643,
      "perihelion_arg_deg": 29.20105799698601,
      "a_AU": 0.3870989023592976,
      "i_deg": 7.003390005359971,
      "raan_deg": 48.2980760387854,
      "argp_deg": 29.20105799698601,
      "M_deg": 80.01977018948224
    },
    "Vênus": {
      "id": 299,
      "radius": 6052,
      "orbit_km": 108208236.4417667,
      "period_days": 224.6985427252385,
      "eccentricity": 0.006789107525312643,
      "perihelion_arg_deg": 54.94987547585348,
      "a_AU": 0.7233273838420128,
      "i_deg": 3.394386243962773,
      "raan_deg": 76.6068879815304,
      "argp_deg": 54.94987547585348,
      "M_deg": 255.6016379083684
    },
    "Terra": {
      "id": 399,
      "radius": 6371,
      "orbit_km": 149588823.30022556,
      "period_days": 365.2232152741944,
      "eccentricity": 0.01697732765086162,
      "perihelion_arg_deg": 290.2956529515152,
      "a_AU": 0.9999395218679779,
      "i_deg": 0.003169709865917052,
      "raan_deg": 171.9986968691123,
      "argp_deg": 290.2956529515152,
      "M_deg": 65.96882041331419
    },
    "Marte": {
      "id": 499,
      "radius": 3390,
      "orbit_km": 227938254.1432582,
      "period_days": 686.9673002047135,
      "eccentricity": 0.09346874515625975,
      "perihelion_arg_deg": 286.6214606277756,
      "a_AU": 1.523673118318376,
      "i_deg": 1.847479374906923,
      "raan_deg": 49.48193847475113,
      "argp_deg": 286.6214606277756,
      "M_deg": 351.9821423536141
    },
    "Júpiter": {
      "id": 599,
      "radius": 69911,
      "orbit_km": 778300065.3518542,
      "period_days": 4332.351851268893,
      "eccentricity": 0.04828613162080448,
      "perihelion_arg_deg": 273.5733227783436,
      "a_AU": 5.202614594111695,
      "i_deg": 1.303621870555285,
      "raan_deg": 100.5184477780538,
      "argp_deg": 273.5733227783436,
      "M_deg": 95.08316020381388
    },
    "Saturno": {
      "id": 699,
      "radius": 58232,
      "orbit_km": 1427716418.2735307,
      "period_days": 10767.40836477053,
      "eccentricity": 0.05519972541613951,
      "perihelion_arg_deg": 338.3456898820788,
      "a_AU": 9.543694783842474,
      "i_deg": 2.488156318168126,
      "raan_deg": 113.6485520921802,
      "argp_deg": 338.3456898820788,
      "M_deg": 278.2084976385684
    },
    "Urano": {
      "id": 799,
      "radius": 25362,
      "orbit_km": 2883988655.2508674,
      "period_days": 30916.55894064052,
      "eccentricity": 0.04702626012882363,
      "perihelion_arg_deg": 91.67267382565953,
      "a_AU": 19.27827342565824,
      "i_deg": 0.7743724619479887,
      "raan_deg": 73.98778671683984,
      "argp_deg": 91.67267382565953,
      "M_deg": 259.9076797578832
    },
    "Netuno": {
      "id": 899,
      "radius": 24622,
      "orbit_km": 4503387609.317633,
      "period_days": 60326.49845281817,
      "eccentricity": 0.01071738920345971,
      "perihelion_arg_deg": 276.8989037034324,
      "a_AU": 30.10328681982793,
      "i_deg": 1.773990273293695,
      "raan_deg": 131.9302927336192,
      "argp_deg": 276.8989037034324,
      "M_deg": 313.4966337533398
    }
  },
  "moons": {
    "Lua": {
      "id": 301,
      "planet": "Terra",
      "radius": 1737,
      "eccentricity": 0.06503400084042657,
      "orbit_km": 379702.45059782756,
      "period_days": 26.78599079170119
    },
    "Io": {
      "id": 501,
      "planet": "Júpiter",
      "radius": 1821,
      "eccentricity": 0.003514725846620345,
      "orbit_km": 422021.06278195995,
      "period_days": 1.771298998705824
    },
    "Europa": {
      "id": 502,
      "planet": "Júpiter",
      "radius": 1560,
      "eccentricity": 0.009585884588386122,
      "orbit_km": 671256.1546982635,
      "period_days": 3.553266928583373
    },
    "Ganymede": {
      "id": 503,
      "planet": "Júpiter",
      "radius": 2634,
      "eccentricity": 0.001518546196920121,
      "orbit_km": 1070408.5868836674,
      "period_days": 7.154978468862137
    },
    "Callisto": {
      "id": 504,
      "planet": "Júpiter",
      "radius": 2410,
      "eccentricity": 0.007048070017131204,
      "orbit_km": 1883039.1439942706,
      "period_days": 16.69466154939917
    },
    "Titan": {
      "id": 606,
      "planet": "Saturno",
      "radius": 2575,
      "eccentricity": 0.02873558135521556,
      "orbit_km": 1221916.878886013,
      "period_days": 15.94699666098442
    }
  }
}