{
  "generated_at": "2026-05-25T07:18:45.135130+00:00",
  "source": "JPL Horizons",
  "planets": {
    "Mercúrio": {
      "id": 199,
      "radius": 2440,
      "orbit_km": 57909143.7316249,
      "period_days": 87.96926993574985,
      "eccentricity": 0.2056343596619709,
      "perihelion_arg_deg": 29.20194404340664,
      "a_AU": 0.3870987164500123,
      "i_deg": 7.003383585730513,
      "raan_deg": 48.29787003146388,
      "argp_deg": 29.20194404340664,
      "M_deg": 26.94421673353335
    },
    "Vênus": {
      "id": 299,
      "radius": 6052,
      "orbit_km": 108208659.87402388,
      "period_days": 224.699861636451,
      "eccentricity": 0.006789185795517219,
      "perihelion_arg_deg": 54.86438373312249,
      "a_AU": 0.7233302143118264,
      "i_deg": 3.394372094919785,
      "raan_deg": 76.60669427387906,
      "argp_deg": 54.86438373312249,
      "M_deg": 15.84710786670056
    },
    "Terra": {
      "id": 399,
      "radius": 6371,
      "orbit_km": 149561199.3438398,
      "period_days": 365.1220535279813,
      "eccentricity": 0.01660457136805198,
      "perihelion_arg_deg": 262.9860448996585,
      "a_AU": 0.9997548671248555,
      "i_deg": 0.004626080483518449,
      "raan_deg": 198.5074589497478,
      "argp_deg": 262.9860448996585,
      "M_deg": 140.7789117992536
    },
    "Marte": {
      "id": 499,
      "radius": 3390,
      "orbit_km": 227928995.24612096,
      "period_days": 686.9254435075945,
      "eccentricity": 0.09343444421547378,
      "perihelion_arg_deg": 286.6124692196682,
      "a_AU": 1.523611226413806,
      "i_deg": 1.847491338344167,
      "raan_deg": 49.48112427330443,
      "argp_deg": 286.6124692196682,
      "M_deg": 31.29548786644923
    },
    "Júpiter": {
      "id": 599,
      "radius": 69911,
      "orbit_km": 778210921.4580859,
      "period_days": 4331.607552884018,
      "eccentricity": 0.04820107707794793,
      "perihelion_arg_deg": 273.415205324604,
      "a_AU": 5.202018703987382,
      "i_deg": 1.303685204012078,
      "raan_deg": 100.5195526612174,
      "argp_deg": 273.415205324604,
      "M_deg": 101.4857783542289
    },
    "Saturno": {
      "id": 699,
      "radius": 58232,
      "orbit_km": 1427026550.3967566,
      "period_days": 10759.60514313011,
      "eccentricity": 0.05528421434794224,
      "perihelion_arg_deg": 338.9520852599367,
      "a_AU": 9.539083301917323,
      "i_deg": 2.486901868193829,
      "raan_deg": 113.5571646567232,
      "argp_deg": 338.9520852599367,
      "M_deg": 280.2168725004933
    },
    "Urano": {
      "id": 799,
      "radius": 25362,
      "orbit_km": 2883211061.178741,
      "period_days": 30904.05598971859,
      "eccentricity": 0.0472505308794469,
      "perihelion_arg_deg": 91.90643263181404,
      "a_AU": 19.27307553033735,
      "i_deg": 0.7712467137979087,
      "raan_deg": 74.04227415763597,
      "argp_deg": 91.90643263181404,
      "M_deg": 260.5119841229903
    },
    "Netuno": {
      "id": 899,
      "radius": 24622,
      "orbit_km": 4502264812.313892,
      "period_days": 60303.93870597532,
      "eccentricity": 0.01055222384010772,
      "perihelion_arg_deg": 278.1329849016921,
      "a_AU": 30.09578138543581,
      "i_deg": 1.76756820741579,
      "raan_deg": 131.6840107299271,
      "argp_deg": 278.1329849016921,
      "M_deg": 312.956652182219
    }
  },
  "moons": {
    "Lua": {
      "id": 301,
      "planet": "Terra",
      "radius": 1737,
      "eccentricity": 0.05950040193967895,
      "orbit_km": 380765.6732524112,
      "period_days": 26.89857657922732
    },
    "Io": {
      "id": 501,
      "planet": "Júpiter",
      "radius": 1821,
      "eccentricity": 0.004765921116731834,
      "orbit_km": 422051.2377959024,
      "period_days": 1.771488977117215
    },
    "Europa": {
      "id": 502,
      "planet": "Júpiter",
      "radius": 1560,
      "eccentricity": 0.00916705127671816,
      "orbit_km": 671294.3173404578,
      "period_days": 3.553569951462451
    },
    "Ganymede": {
      "id": 503,
      "planet": "Júpiter",
      "radius": 2634,
      "eccentricity": 0.001637238804395155,
      "orbit_km": 1070615.2217698954,
      "period_days": 7.157050396623671
    },
    "Callisto": {
      "id": 504,
      "planet": "Júpiter",
      "radius": 2410,
      "eccentricity": 0.007372862855619149,
      "orbit_km": 1882829.7568707615,
      "period_days": 16.69187704808385
    },
    "Titan": {
      "id": 606,
      "planet": "Saturno",
      "radius": 2575,
      "eccentricity": 0.02879838598880159,
      "orbit_km": 1221930.3460307042,
      "period_days": 15.94726029729251
    }
  }
}