{
  "generated_at": "2026-04-17T05:32:43.485382+00:00",
  "source": "JPL Horizons",
  "planets": {
    "Mercúrio": {
      "id": 199,
      "radius": 2440,
      "orbit_km": 57909170.11071644,
      "period_days": 87.96933004412493,
      "eccentricity": 0.2056338884789501,
      "perihelion_arg_deg": 29.20131617836716,
      "a_AU": 0.3870988927833479,
      "i_deg": 7.003385604995848,
      "raan_deg": 48.29798885685565,
      "argp_deg": 29.20131617836716,
      "M_deg": 231.435856519429
    },
    "Vênus": {
      "id": 299,
      "radius": 6052,
      "orbit_km": 108208642.75702189,
      "period_days": 224.6998083201845,
      "eccentricity": 0.006790784972885803,
      "perihelion_arg_deg": 54.91833623082893,
      "a_AU": 0.7233300998917352,
      "i_deg": 3.39438373650274,
      "raan_deg": 76.60688074312141,
      "argp_deg": 54.91833623082893,
      "M_deg": 314.9124894148129
    },
    "Terra": {
      "id": 399,
      "radius": 6371,
      "orbit_km": 149735289.6308635,
      "period_days": 365.7597459617554,
      "eccentricity": 0.01651032231006707,
      "perihelion_arg_deg": 311.7631746472142,
      "a_AU": 1.000918588815606,
      "i_deg": 0.002177936423891477,
      "raan_deg": 154.2578848951532,
      "argp_deg": 311.7631746472142,
      "M_deg": 98.7503673480589
    },
    "Marte": {
      "id": 499,
      "radius": 3390,
      "orbit_km": 227933938.61712587,
      "period_days": 686.9477908995618,
      "eccentricity": 0.09345176501114394,
      "perihelion_arg_deg": 286.6183584860021,
      "a_AU": 1.523644270807966,
      "i_deg": 1.847485573137252,
      "raan_deg": 49.48135791462509,
      "argp_deg": 286.6183584860021,
      "M_deg": 11.37508742001193
    },
    "Júpiter": {
      "id": 599,
      "radius": 69911,
      "orbit_km": 778505200.7149832,
      "period_days": 4334.064771195454,
      "eccentricity": 0.04828444719297098,
      "perihelion_arg_deg": 273.8965509689119,
      "a_AU": 5.203985839318388,
      "i_deg": 1.303301413380539,
      "raan_deg": 100.5141117560413,
      "argp_deg": 273.8965509689119,
      "M_deg": 97.83285590655812
    },
    "Saturno": {
      "id": 699,
      "radius": 58232,
      "orbit_km": 1427872932.8197107,
      "period_days": 10769.17899183436,
      "eccentricity": 0.05538121526344614,
      "perihelion_arg_deg": 338.2176157133624,
      "a_AU": 9.544741018962316,
      "i_deg": 2.488770667133657,
      "raan_deg": 113.691331667126,
      "argp_deg": 338.2176157133624,
      "M_deg": 279.5506032330965
    },
    "Urano": {
      "id": 799,
      "radius": 25362,
      "orbit_km": 2883568448.5577593,
      "period_days": 30909.80221931687,
      "eccentricity": 0.04714052857913367,
      "perihelion_arg_deg": 91.80782045143428,
      "a_AU": 19.2754645174088,
      "i_deg": 0.7731628769044018,
      "raan_deg": 74.00971410498218,
      "argp_deg": 91.80782045143428,
      "M_deg": 260.1909394358662
    },
    "Netuno": {
      "id": 899,
      "radius": 24622,
      "orbit_km": 4500913387.036744,
      "period_days": 60276.78898647586,
      "eccentricity": 0.01049266596893241,
      "perihelion_arg_deg": 279.8126692978398,
      "a_AU": 30.08674766543147,
      "i_deg": 1.773023485133277,
      "raan_deg": 131.8943564227361,
      "argp_deg": 279.8126692978398,
      "M_deg": 310.8608602358418
    }
  },
  "moons": {
    "Lua": {
      "id": 301,
      "planet": "Terra",
      "radius": 1737,
      "eccentricity": 0.06536166605491384,
      "orbit_km": 386317.18468376924,
      "period_days": 27.48898195848897
    },
    "Io": {
      "id": 501,
      "planet": "Júpiter",
      "radius": 1821,
      "eccentricity": 0.003547031818339917,
      "orbit_km": 422022.6655660018,
      "period_days": 1.771309089478707
    },
    "Europa": {
      "id": 502,
      "planet": "Júpiter",
      "radius": 1560,
      "eccentricity": 0.009524990871663202,
      "orbit_km": 671283.6499987092,
      "period_days": 3.553485248687093
    },
    "Ganymede": {
      "id": 503,
      "planet": "Júpiter",
      "radius": 2634,
      "eccentricity": 0.001383098322107869,
      "orbit_km": 1070844.9448578057,
      "period_days": 7.15935406447334
    },
    "Callisto": {
      "id": 504,
      "planet": "Júpiter",
      "radius": 2410,
      "eccentricity": 0.006940209567315021,
      "orbit_km": 1883634.4536047436,
      "period_days": 16.70257902521248
    },
    "Titan": {
      "id": 606,
      "planet": "Saturno",
      "radius": 2575,
      "eccentricity": 0.02869591949375766,
      "orbit_km": 1221934.2771192042,
      "period_days": 15.94733725357179
    }
  }
}