{
  "generated_at": "2026-06-21T08:04:23.364749+00:00",
  "source": "JPL Horizons",
  "planets": {
    "Mercúrio": {
      "id": 199,
      "radius": 2440,
      "orbit_km": 57909030.5053108,
      "period_days": 87.96901193423204,
      "eccentricity": 0.205638039091564,
      "perihelion_arg_deg": 29.20123441305681,
      "a_AU": 0.3870979595788512,
      "i_deg": 7.003394223235414,
      "raan_deg": 48.29770977946982,
      "argp_deg": 29.20123441305681,
      "M_deg": 137.4379805171413
    },
    "Vênus": {
      "id": 299,
      "radius": 6052,
      "orbit_km": 108207967.28577864,
      "period_days": 224.6977043567003,
      "eccentricity": 0.006783594955642987,
      "perihelion_arg_deg": 54.83599702959558,
      "a_AU": 0.7233255846453612,
      "i_deg": 3.394371932407438,
      "raan_deg": 76.6065545621108,
      "argp_deg": 54.83599702959558,
      "M_deg": 59.13362815893708
    },
    "Terra": {
      "id": 399,
      "radius": 6371,
      "orbit_km": 149631615.26499915,
      "period_days": 365.3799422568034,
      "eccentricity": 0.01635053488261407,
      "perihelion_arg_deg": 255.1766573827296,
      "a_AU": 1.00022556848464,
      "i_deg": 0.003926962634369183,
      "raan_deg": 206.7277240325607,
      "argp_deg": 255.1766573827296,
      "M_deg": 166.9802812945049
    },
    "Marte": {
      "id": 499,
      "radius": 3390,
      "orbit_km": 227926741.25797114,
      "period_days": 686.9152540318329,
      "eccentricity": 0.09342780212500679,
      "perihelion_arg_deg": 286.6084921103837,
      "a_AU": 1.523596159433646,
      "i_deg": 1.847487982728656,
      "raan_deg": 49.48117824883012,
      "argp_deg": 286.6084921103837,
      "M_deg": 45.44950035138751
    },
    "Júpiter": {
      "id": 599,
      "radius": 69911,
      "orbit_km": 778386136.8109835,
      "period_days": 4333.070537103217,
      "eccentricity": 0.0482888939977688,
      "perihelion_arg_deg": 273.7183918322286,
      "a_AU": 5.203189946278985,
      "i_deg": 1.303469539078186,
      "raan_deg": 100.5157587985597,
      "argp_deg": 273.7183918322286,
      "M_deg": 103.4122168434309
    },
    "Saturno": {
      "id": 699,
      "radius": 58232,
      "orbit_km": 1427493539.6683996,
      "period_days": 10764.88713793673,
      "eccentricity": 0.05536567602916563,
      "perihelion_arg_deg": 338.5192454929996,
      "a_AU": 9.542204932388785,
      "i_deg": 2.488347400513631,
      "raan_deg": 113.6663751918335,
      "argp_deg": 338.5192454929996,
      "M_deg": 281.4487256416477
    },
    "Urano": {
      "id": 799,
      "radius": 25362,
      "orbit_km": 2883008595.6255684,
      "period_days": 30900.80081858547,
      "eccentricity": 0.04730843397524348,
      "perihelion_arg_deg": 92.00365510553502,
      "a_AU": 19.27172213170791,
      "i_deg": 0.7725257536589002,
      "raan_deg": 74.02045004390298,
      "argp_deg": 92.00365510553502,
      "M_deg": 260.7560667880573
    },
    "Netuno": {
      "id": 899,
      "radius": 24622,
      "orbit_km": 4499335115.989925,
      "period_days": 60245.08716427573,
      "eccentricity": 0.01022484973201036,
      "perihelion_arg_deg": 281.1479880495609,
      "a_AU": 30.07619757511646,
      "i_deg": 1.771417361466797,
      "raan_deg": 131.8332924810586,
      "argp_deg": 281.1479880495609,
      "M_deg": 309.9683202329876
    }
  },
  "moons": {
    "Lua": {
      "id": 301,
      "planet": "Terra",
      "radius": 1737,
      "eccentricity": 0.06847120799039424,
      "orbit_km": 380386.7415961589,
      "period_days": 26.85843304780282
    },
    "Io": {
      "id": 501,
      "planet": "Júpiter",
      "radius": 1821,
      "eccentricity": 0.003966060590378753,
      "orbit_km": 422024.13197575544,
      "period_days": 1.771318321686099
    },
    "Europa": {
      "id": 502,
      "planet": "Júpiter",
      "radius": 1560,
      "eccentricity": 0.009655965362159881,
      "orbit_km": 671226.1150218606,
      "period_days": 3.553028410559135
    },
    "Ganymede": {
      "id": 503,
      "planet": "Júpiter",
      "radius": 2634,
      "eccentricity": 0.002095331975246797,
      "orbit_km": 1070677.030094358,
      "period_days": 7.157670187471957
    },
    "Callisto": {
      "id": 504,
      "planet": "Júpiter",
      "radius": 2410,
      "eccentricity": 0.00701299355689023,
      "orbit_km": 1882963.9297697025,
      "period_days": 16.69366130719397
    },
    "Titan": {
      "id": 606,
      "planet": "Saturno",
      "radius": 2575,
      "eccentricity": 0.0287137125061021,
      "orbit_km": 1221945.878834999,
      "period_days": 15.94756437329147
    }
  }
}