{
  "generated_at": "2026-07-11T05:44:50.275487+00:00",
  "source": "JPL Horizons",
  "planets": {
    "Mercúrio": {
      "id": 199,
      "radius": 2440,
      "orbit_km": 57909061.568972,
      "period_days": 87.96908271697332,
      "eccentricity": 0.2056371451608679,
      "perihelion_arg_deg": 29.20141683649598,
      "a_AU": 0.3870981672266008,
      "i_deg": 7.003376121423152,
      "raan_deg": 48.29760843528854,
      "argp_deg": 29.20141683649598,
      "M_deg": 219.2848194698137
    },
    "Vênus": {
      "id": 299,
      "radius": 6052,
      "orbit_km": 108207886.21137811,
      "period_days": 224.6974518259202,
      "eccentricity": 0.006781309629118455,
      "perihelion_arg_deg": 54.83462526806645,
      "a_AU": 0.7233250426964675,
      "i_deg": 3.394371960284162,
      "raan_deg": 76.6065474170562,
      "argp_deg": 54.83462526806645,
      "M_deg": 91.17832177401996
    },
    "Terra": {
      "id": 399,
      "radius": 6371,
      "orbit_km": 149696082.44930848,
      "period_days": 365.6160977607389,
      "eccentricity": 0.01598446906095304,
      "perihelion_arg_deg": 288.9580364539351,
      "a_AU": 1.000656504994683,
      "i_deg": 0.003278357888081839,
      "raan_deg": 174.8710049188543,
      "argp_deg": 288.9580364539351,
      "M_deg": 184.6869962303741
    },
    "Marte": {
      "id": 499,
      "radius": 3390,
      "orbit_km": 227926439.42321336,
      "period_days": 686.9138895484716,
      "eccentricity": 0.09342619995046673,
      "perihelion_arg_deg": 286.6082680196339,
      "a_AU": 1.523594141792911,
      "i_deg": 1.84748454293661,
      "raan_deg": 49.48120424612218,
      "argp_deg": 286.6082680196339,
      "M_deg": 55.93147649114611
    },
    "Júpiter": {
      "id": 599,
      "radius": 69911,
      "orbit_km": 778429926.9893031,
      "period_days": 4333.436194823386,
      "eccentricity": 0.04829585120132369,
      "perihelion_arg_deg": 273.7946696854432,
      "a_AU": 5.203482665541062,
      "i_deg": 1.303397598813778,
      "raan_deg": 100.5141384619468,
      "argp_deg": 273.7946696854432,
      "M_deg": 104.9960265692115
    },
    "Saturno": {
      "id": 699,
      "radius": 58232,
      "orbit_km": 1426896937.4741833,
      "period_days": 10758.13927811074,
      "eccentricity": 0.05528016882625119,
      "perihelion_arg_deg": 339.0454301901819,
      "a_AU": 9.53821689304421,
      "i_deg": 2.487035611872224,
      "raan_deg": 113.5598246073839,
      "argp_deg": 339.0454301901819,
      "M_deg": 281.6945311918797
    },
    "Urano": {
      "id": 799,
      "radius": 25362,
      "orbit_km": 2882667156.771236,
      "period_days": 30895.31154169536,
      "eccentricity": 0.04734682538437739,
      "perihelion_arg_deg": 92.18451511429059,
      "a_AU": 19.2694397539392,
      "i_deg": 0.7751220436995157,
      "raan_deg": 73.97843027325847,
      "argp_deg": 92.18451511429059,
      "M_deg": 260.8517026082159
    },
    "Netuno": {
      "id": 899,
      "radius": 24622,
      "orbit_km": 4501193419.430011,
      "period_days": 60282.41441738358,
      "eccentricity": 0.01033774151769309,
      "perihelion_arg_deg": 278.8085894953845,
      "a_AU": 30.08861956636132,
      "i_deg": 1.767616648893537,
      "raan_deg": 131.6846420928099,
      "argp_deg": 278.8085894953845,
      "M_deg": 312.5523321153086
    }
  },
  "moons": {
    "Lua": {
      "id": 301,
      "planet": "Terra",
      "radius": 1737,
      "eccentricity": 0.06351027388896305,
      "orbit_km": 382971.2308126654,
      "period_days": 27.13262677567543
    },
    "Io": {
      "id": 501,
      "planet": "Júpiter",
      "radius": 1821,
      "eccentricity": 0.003828109000658978,
      "orbit_km": 422021.322734248,
      "period_days": 1.771300635306478
    },
    "Europa": {
      "id": 502,
      "planet": "Júpiter",
      "radius": 1560,
      "eccentricity": 0.00959785026357912,
      "orbit_km": 671225.2688309455,
      "period_days": 3.55302169179623
    },
    "Ganymede": {
      "id": 503,
      "planet": "Júpiter",
      "radius": 2634,
      "eccentricity": 0.001906703780092813,
      "orbit_km": 1070768.9464789075,
      "period_days": 7.158591923812907
    },
    "Callisto": {
      "id": 504,
      "planet": "Júpiter",
      "radius": 2410,
      "eccentricity": 0.006976654062713293,
      "orbit_km": 1883831.5972116105,
      "period_days": 16.70520126395621
    },
    "Titan": {
      "id": 606,
      "planet": "Saturno",
      "radius": 2575,
      "eccentricity": 0.02881107311721353,
      "orbit_km": 1221957.1923898992,
      "period_days": 15.94778585289929
    }
  }
}