{
  "generated_at": "2026-06-01T08:39:11.619182+00:00",
  "source": "JPL Horizons",
  "planets": {
    "Mercúrio": {
      "id": 199,
      "radius": 2440,
      "orbit_km": 57909191.28794465,
      "period_days": 87.9693782993515,
      "eccentricity": 0.2056354427883174,
      "perihelion_arg_deg": 29.20196842530239,
      "a_AU": 0.3870990343443749,
      "i_deg": 7.003383672644034,
      "raan_deg": 48.2978051980958,
      "argp_deg": 29.20196842530239,
      "M_deg": 55.59050577364208
    },
    "Vênus": {
      "id": 299,
      "radius": 6052,
      "orbit_km": 108208464.90341395,
      "period_days": 224.6992543396404,
      "eccentricity": 0.006787627082114805,
      "perihelion_arg_deg": 54.85651443974711,
      "a_AU": 0.723328911013798,
      "i_deg": 3.394371357299987,
      "raan_deg": 76.60664300379955,
      "argp_deg": 54.85651443974711,
      "M_deg": 27.0699698189052
    },
    "Terra": {
      "id": 399,
      "radius": 6371,
      "orbit_km": 149472580.09609336,
      "period_days": 364.7975838630405,
      "eccentricity": 0.01736787975933094,
      "perihelion_arg_deg": 295.199474043187,
      "a_AU": 0.9991624840425846,
      "i_deg": 0.003522974965903741,
      "raan_deg": 166.4201085000873,
      "argp_deg": 295.199474043187,
      "M_deg": 147.5028182899377
    },
    "Marte": {
      "id": 499,
      "radius": 3390,
      "orbit_km": 227928209.4436672,
      "period_days": 686.9218911695086,
      "eccentricity": 0.09343204418828777,
      "perihelion_arg_deg": 286.6111443902652,
      "a_AU": 1.523605973648843,
      "i_deg": 1.847490586730665,
      "raan_deg": 49.48113973316341,
      "argp_deg": 286.6111443902652,
      "M_deg": 34.96529954242637
    },
    "Júpiter": {
      "id": 599,
      "radius": 69911,
      "orbit_km": 778124628.8519534,
      "period_days": 4330.887101656541,
      "eccentricity": 0.0482117354829605,
      "perihelion_arg_deg": 273.2789426747449,
      "a_AU": 5.201441873543682,
      "i_deg": 1.303808892289342,
      "raan_deg": 100.521665287635,
      "argp_deg": 273.2789426747449,
      "M_deg": 102.2040242644227
    },
    "Saturno": {
      "id": 699,
      "radius": 58232,
      "orbit_km": 1427570064.1271126,
      "period_days": 10765.75276868586,
      "eccentricity": 0.05520296810093784,
      "perihelion_arg_deg": 338.3974793599741,
      "a_AU": 9.542716466800037,
      "i_deg": 2.488790547628931,
      "raan_deg": 113.6988715298076,
      "argp_deg": 338.3974793599741,
      "M_deg": 280.8495974797992
    },
    "Urano": {
      "id": 799,
      "radius": 25362,
      "orbit_km": 2883003239.107654,
      "period_days": 30900.71469989516,
      "eccentricity": 0.04726678993757842,
      "perihelion_arg_deg": 92.03143260869467,
      "a_AU": 19.27168632559724,
      "i_deg": 0.7735543799747834,
      "raan_deg": 74.00326965087908,
      "argp_deg": 92.03143260869467,
      "M_deg": 260.5075501220567
    },
    "Netuno": {
      "id": 899,
      "radius": 24622,
      "orbit_km": 4501363537.630438,
      "period_days": 60285.83192124276,
      "eccentricity": 0.01034108671159476,
      "perihelion_arg_deg": 278.3379556234807,
      "a_AU": 30.08975673629316,
      "i_deg": 1.772958372774221,
      "raan_deg": 131.8927680618324,
      "argp_deg": 278.3379556234807,
      "M_deg": 312.5727643877711
    }
  },
  "moons": {
    "Lua": {
      "id": 301,
      "planet": "Terra",
      "radius": 1737,
      "eccentricity": 0.04957662867017641,
      "orbit_km": 387168.48522018426,
      "period_days": 27.5798953579779
    },
    "Io": {
      "id": 501,
      "planet": "Júpiter",
      "radius": 1821,
      "eccentricity": 0.004746894430409363,
      "orbit_km": 422049.228906603,
      "period_days": 1.771476329170604
    },
    "Europa": {
      "id": 502,
      "planet": "Júpiter",
      "radius": 1560,
      "eccentricity": 0.009162560019001207,
      "orbit_km": 671300.5249003944,
      "period_days": 3.553619242173443
    },
    "Ganymede": {
      "id": 503,
      "planet": "Júpiter",
      "radius": 2634,
      "eccentricity": 0.001678501088743103,
      "orbit_km": 1070652.1124555473,
      "period_days": 7.157420320521768
    },
    "Callisto": {
      "id": 504,
      "planet": "Júpiter",
      "radius": 2410,
      "eccentricity": 0.007278564420780961,
      "orbit_km": 1883843.278598877,
      "period_days": 16.70535664426843
    },
    "Titan": {
      "id": 606,
      "planet": "Saturno",
      "radius": 2575,
      "eccentricity": 0.02868729115193532,
      "orbit_km": 1221932.54327745,
      "period_days": 15.94730331130103
    }
  }
}