{
  "generated_at": "2026-01-20T04:09:37.279299+00:00",
  "source": "JPL Horizons",
  "planets": {
    "Mercúrio": {
      "id": 199,
      "radius": 2440,
      "orbit_km": 57909334.06236558,
      "period_days": 87.96970363073262,
      "eccentricity": 0.2056358821419726,
      "perihelion_arg_deg": 29.19945108989105,
      "a_AU": 0.3870999887324304,
      "i_deg": 7.003387275325131,
      "raan_deg": 48.29852923389753,
      "argp_deg": 29.19945108989105,
      "M_deg": 235.4047435726129
    },
    "Vênus": {
      "id": 299,
      "radius": 6052,
      "orbit_km": 108209252.2426316,
      "period_days": 224.7017067567007,
      "eccentricity": 0.006782153833166773,
      "perihelion_arg_deg": 54.89186440775467,
      "a_AU": 0.7233341740513931,
      "i_deg": 3.394387600224619,
      "raan_deg": 76.60708861332307,
      "argp_deg": 54.89186440775467,
      "M_deg": 175.5528786756914
    },
    "Terra": {
      "id": 399,
      "radius": 6371,
      "orbit_km": 149727834.500174,
      "period_days": 365.7324302290444,
      "eccentricity": 0.01743404680864843,
      "perihelion_arg_deg": 255.4839899706994,
      "a_AU": 1.000868754345004,
      "i_deg": 0.002753277875442165,
      "raan_deg": 208.6089814279746,
      "argp_deg": 255.4839899706994,
      "M_deg": 14.94566365441563
    },
    "Marte": {
      "id": 499,
      "radius": 3390,
      "orbit_km": 227941493.9456243,
      "period_days": 686.9819465803396,
      "eccentricity": 0.09348348917932003,
      "perihelion_arg_deg": 286.6223720095614,
      "a_AU": 1.523694775059551,
      "i_deg": 1.847484504027148,
      "raan_deg": 49.48285279610605,
      "argp_deg": 286.6223720095614,
      "M_deg": 325.7794002075344
    },
    "Júpiter": {
      "id": 599,
      "radius": 69911,
      "orbit_km": 778306831.4148704,
      "period_days": 4332.408345603107,
      "eccentricity": 0.04837034339033075,
      "perihelion_arg_deg": 273.5830360456052,
      "a_AU": 5.202659822449401,
      "i_deg": 1.303695125613023,
      "raan_deg": 100.5189173423722,
      "argp_deg": 273.5830360456052,
      "M_deg": 90.90850578453065
    },
    "Saturno": {
      "id": 699,
      "radius": 58232,
      "orbit_km": 1427714255.5697525,
      "period_days": 10767.38389908641,
      "eccentricity": 0.05524264876560556,
      "perihelion_arg_deg": 338.4141589934486,
      "a_AU": 9.543680327060649,
      "i_deg": 2.487195561331085,
      "raan_deg": 113.5906575382038,
      "argp_deg": 338.4141589934486,
      "M_deg": 276.5310606676426
    },
    "Urano": {
      "id": 799,
      "radius": 25362,
      "orbit_km": 2884259883.4023547,
      "period_days": 30920.92042014987,
      "eccentricity": 0.04688937086489561,
      "perihelion_arg_deg": 91.54126135212182,
      "a_AU": 19.28008647386687,
      "i_deg": 0.77195057500178,
      "raan_deg": 74.03214611214027,
      "argp_deg": 91.54126135212182,
      "M_deg": 259.3991047479431
    },
    "Netuno": {
      "id": 899,
      "radius": 24622,
      "orbit_km": 4504411856.982317,
      "period_days": 60347.08055468733,
      "eccentricity": 0.01109531256561052,
      "perihelion_arg_deg": 277.3886337320507,
      "a_AU": 30.11013349257729,
      "i_deg": 1.767376758281984,
      "raan_deg": 131.679861828697,
      "argp_deg": 277.3886337320507,
      "M_deg": 312.9940731895205
    }
  },
  "moons": {
    "Lua": {
      "id": 301,
      "planet": "Terra",
      "radius": 1737,
      "eccentricity": 0.04014205332254406,
      "orbit_km": 386931.5705314704,
      "period_days": 27.55458435168555
    },
    "Io": {
      "id": 501,
      "planet": "Júpiter",
      "radius": 1821,
      "eccentricity": 0.004698011539613057,
      "orbit_km": 422039.3699308559,
      "period_days": 1.771414257595862
    },
    "Europa": {
      "id": 502,
      "planet": "Júpiter",
      "radius": 1560,
      "eccentricity": 0.009592132755043564,
      "orbit_km": 671155.4655130135,
      "period_days": 3.552467467455552
    },
    "Ganymede": {
      "id": 503,
      "planet": "Júpiter",
      "radius": 2634,
      "eccentricity": 0.001706309958370496,
      "orbit_km": 1070659.976671605,
      "period_days": 7.15749918031552
    },
    "Callisto": {
      "id": 504,
      "planet": "Júpiter",
      "radius": 2410,
      "eccentricity": 0.006895792718730301,
      "orbit_km": 1883246.301835186,
      "period_days": 16.69741655730884
    },
    "Titan": {
      "id": 606,
      "planet": "Saturno",
      "radius": 2575,
      "eccentricity": 0.0287796554437427,
      "orbit_km": 1221936.3012315708,
      "period_days": 15.94737687830839
    }
  }
}