{
  "generated_at": "2026-06-13T07:01:37.365382+00:00",
  "source": "JPL Horizons",
  "planets": {
    "Mercúrio": {
      "id": 199,
      "radius": 2440,
      "orbit_km": 57909093.57739421,
      "period_days": 87.96915565249981,
      "eccentricity": 0.2056372366828274,
      "perihelion_arg_deg": 29.20149050771542,
      "a_AU": 0.3870983811896877,
      "i_deg": 7.003392816882135,
      "raan_deg": 48.29771454870665,
      "argp_deg": 29.20149050771542,
      "M_deg": 104.6989430137572
    },
    "Vênus": {
      "id": 299,
      "radius": 6052,
      "orbit_km": 108208131.20423107,
      "period_days": 224.698214930665,
      "eccentricity": 0.006784980213017351,
      "perihelion_arg_deg": 54.84309245717511,
      "a_AU": 0.7233266803725374,
      "i_deg": 3.394371442463991,
      "raan_deg": 76.60658053176051,
      "argp_deg": 54.84309245717511,
      "M_deg": 46.30923239520665
    },
    "Terra": {
      "id": 399,
      "radius": 6371,
      "orbit_km": 149722099.80412966,
      "period_days": 365.7114186625064,
      "eccentricity": 0.01597462212166809,
      "perihelion_arg_deg": 295.9399786964801,
      "a_AU": 1.000830420269676,
      "i_deg": 0.003309954272012401,
      "raan_deg": 168.7582027381502,
      "argp_deg": 295.9399786964801,
      "M_deg": 156.2335562245135
    },
    "Marte": {
      "id": 499,
      "radius": 3390,
      "orbit_km": 227927192.93721053,
      "period_days": 686.9172959083902,
      "eccentricity": 0.09342910789769708,
      "perihelion_arg_deg": 286.6093091785595,
      "a_AU": 1.523599178722873,
      "i_deg": 1.847489119395366,
      "raan_deg": 49.48116393948386,
      "argp_deg": 286.6093091785595,
      "M_deg": 41.25603553128911
    },
    "Júpiter": {
      "id": 599,
      "radius": 69911,
      "orbit_km": 778429353.747872,
      "period_days": 4333.431408063609,
      "eccentricity": 0.04817424033201217,
      "perihelion_arg_deg": 273.7574970414296,
      "a_AU": 5.203478833658774,
      "i_deg": 1.303313490654178,
      "raan_deg": 100.5131129367459,
      "argp_deg": 273.7574970414296,
      "M_deg": 102.7229327260201
    },
    "Saturno": {
      "id": 699,
      "radius": 58232,
      "orbit_km": 1427038774.7766402,
      "period_days": 10759.74339891342,
      "eccentricity": 0.05512516421091101,
      "perihelion_arg_deg": 338.8655900984058,
      "a_AU": 9.53916501684967,
      "i_deg": 2.487536373687549,
      "raan_deg": 113.6037543617319,
      "argp_deg": 338.8655900984058,
      "M_deg": 280.874034565933
    },
    "Urano": {
      "id": 799,
      "radius": 25362,
      "orbit_km": 2883076952.1955943,
      "period_days": 30901.89981909424,
      "eccentricity": 0.04728710748382604,
      "perihelion_arg_deg": 92.00711929720114,
      "a_AU": 19.27217906715563,
      "i_deg": 0.7742541933175368,
      "raan_deg": 73.99185646608123,
      "argp_deg": 92.00711929720114,
      "M_deg": 260.6861147452076
    },
    "Netuno": {
      "id": 899,
      "radius": 24622,
      "orbit_km": 4500771177.513284,
      "period_days": 60273.93227774001,
      "eccentricity": 0.01024231218978485,
      "perihelion_arg_deg": 278.7793678188395,
      "a_AU": 30.08579705348229,
      "i_deg": 1.774001532165112,
      "raan_deg": 131.9332680108336,
      "argp_deg": 278.7793678188395,
      "M_deg": 312.1607219920233
    }
  },
  "moons": {
    "Lua": {
      "id": 301,
      "planet": "Terra",
      "radius": 1737,
      "eccentricity": 0.07249927047777993,
      "orbit_km": 384656.26207803586,
      "period_days": 27.31189446183838
    },
    "Io": {
      "id": 501,
      "planet": "Júpiter",
      "radius": 1821,
      "eccentricity": 0.004251439532633076,
      "orbit_km": 422029.1177000762,
      "period_days": 1.771349710877794
    },
    "Europa": {
      "id": 502,
      "planet": "Júpiter",
      "radius": 1560,
      "eccentricity": 0.009685878540390906,
      "orbit_km": 671225.7240569969,
      "period_days": 3.553025306294337
    },
    "Ganymede": {
      "id": 503,
      "planet": "Júpiter",
      "radius": 2634,
      "eccentricity": 0.001644544822803727,
      "orbit_km": 1070584.2254040297,
      "period_days": 7.156739583351446
    },
    "Callisto": {
      "id": 504,
      "planet": "Júpiter",
      "radius": 2410,
      "eccentricity": 0.007527230064314752,
      "orbit_km": 1883335.6038134147,
      "period_days": 16.69860423786217
    },
    "Titan": {
      "id": 606,
      "planet": "Saturno",
      "radius": 2575,
      "eccentricity": 0.0287612348802649,
      "orbit_km": 1221932.378110996,
      "period_days": 15.94730007794809
    }
  }
}