{
  "generated_at": "2026-05-08T05:33:00.736228+00:00",
  "source": "JPL Horizons",
  "planets": {
    "Mercúrio": {
      "id": 199,
      "radius": 2440,
      "orbit_km": 57909069.374483325,
      "period_days": 87.96910050288649,
      "eccentricity": 0.2056332189714204,
      "perihelion_arg_deg": 29.20189208394385,
      "a_AU": 0.3870982194032213,
      "i_deg": 7.00338655409417,
      "raan_deg": 48.29789866519454,
      "argp_deg": 29.20189208394385,
      "M_deg": 317.3744058777047
    },
    "Vênus": {
      "id": 299,
      "radius": 6052,
      "orbit_km": 108208884.36867054,
      "period_days": 224.7005608957653,
      "eccentricity": 0.006791204960631735,
      "perihelion_arg_deg": 54.88461858919523,
      "a_AU": 0.7233317149658505,
      "i_deg": 3.394376845600047,
      "raan_deg": 76.6068196208408,
      "argp_deg": 54.88461858919523,
      "M_deg": 348.5907223843172
    },
    "Terra": {
      "id": 399,
      "radius": 6371,
      "orbit_km": 149555813.71015698,
      "period_days": 365.1023318762168,
      "eccentricity": 0.01709790571845707,
      "perihelion_arg_deg": 315.6896130170097,
      "a_AU": 0.9997188663872941,
      "i_deg": 0.002885037283751691,
      "raan_deg": 147.1493498184237,
      "argp_deg": 315.6896130170097,
      "M_deg": 122.5923744470572
    },
    "Marte": {
      "id": 499,
      "radius": 3390,
      "orbit_km": 227931222.98929337,
      "period_days": 686.9355143886878,
      "eccentricity": 0.09344193677974448,
      "perihelion_arg_deg": 286.6155127127043,
      "a_AU": 1.523626117957128,
      "i_deg": 1.847490477068304,
      "raan_deg": 49.48115218790481,
      "argp_deg": 286.6155127127043,
      "M_deg": 22.38327916520574
    },
    "Júpiter": {
      "id": 599,
      "radius": 69911,
      "orbit_km": 778478980.0358973,
      "period_days": 4333.845810876684,
      "eccentricity": 0.04831070474199536,
      "perihelion_arg_deg": 273.8628731661443,
      "a_AU": 5.203810564904633,
      "i_deg": 1.303396533007742,
      "raan_deg": 100.5150940833067,
      "argp_deg": 273.8628731661443,
      "M_deg": 99.60740469529081
    },
    "Saturno": {
      "id": 699,
      "radius": 58232,
      "orbit_km": 1427181453.8400383,
      "period_days": 10761.35712011372,
      "eccentricity": 0.05536378980247599,
      "perihelion_arg_deg": 338.8479926059226,
      "a_AU": 9.540118767479479,
      "i_deg": 2.486935546129138,
      "raan_deg": 113.5620369069214,
      "argp_deg": 338.8479926059226,
      "M_deg": 279.7551787298515
    },
    "Urano": {
      "id": 799,
      "radius": 25362,
      "orbit_km": 2883285799.7299795,
      "period_days": 30905.25763917705,
      "eccentricity": 0.04720571665835316,
      "perihelion_arg_deg": 91.89101053700787,
      "a_AU": 19.2735751266945,
      "i_deg": 0.7717106513195082,
      "raan_deg": 74.03470402417167,
      "argp_deg": 91.89101053700787,
      "M_deg": 260.3323853465996
    },
    "Netuno": {
      "id": 899,
      "radius": 24622,
      "orbit_km": 4502530787.122818,
      "period_days": 60309.28253828807,
      "eccentricity": 0.01055542129865785,
      "perihelion_arg_deg": 277.6023086652867,
      "a_AU": 30.0975593172184,
      "i_deg": 1.770455967108138,
      "raan_deg": 131.7960978943941,
      "argp_deg": 277.6023086652867,
      "M_deg": 313.2681501432089
    }
  },
  "moons": {
    "Lua": {
      "id": 301,
      "planet": "Terra",
      "radius": 1737,
      "eccentricity": 0.06519191498903831,
      "orbit_km": 380839.11825116735,
      "period_days": 26.90635955964556
    },
    "Io": {
      "id": 501,
      "planet": "Júpiter",
      "radius": 1821,
      "eccentricity": 0.003781343396385491,
      "orbit_km": 422027.71265160217,
      "period_days": 1.771340864935539
    },
    "Europa": {
      "id": 502,
      "planet": "Júpiter",
      "radius": 1560,
      "eccentricity": 0.00940781771517063,
      "orbit_km": 671298.60643308,
      "period_days": 3.553604008688797
    },
    "Ganymede": {
      "id": 503,
      "planet": "Júpiter",
      "radius": 2634,
      "eccentricity": 0.001615738347528629,
      "orbit_km": 1070850.9885362112,
      "period_days": 7.159414673940866
    },
    "Callisto": {
      "id": 504,
      "planet": "Júpiter",
      "radius": 2410,
      "eccentricity": 0.007212615217701918,
      "orbit_km": 1883691.3233390632,
      "period_days": 16.7033354445904
    },
    "Titan": {
      "id": 606,
      "planet": "Saturno",
      "radius": 2575,
      "eccentricity": 0.02882241344398505,
      "orbit_km": 1221971.7071595886,
      "period_days": 15.94807000253343
    }
  }
}