{
  "generated_at": "2026-06-27T06:32:35.291849+00:00",
  "source": "JPL Horizons",
  "planets": {
    "Mercúrio": {
      "id": 199,
      "radius": 2440,
      "orbit_km": 57909024.712694585,
      "period_days": 87.96899873497688,
      "eccentricity": 0.2056380928723314,
      "perihelion_arg_deg": 29.20120212003871,
      "a_AU": 0.3870979208576034,
      "i_deg": 7.003390918909584,
      "raan_deg": 48.29770497263169,
      "argp_deg": 29.20120212003871,
      "M_deg": 161.9921329409487
    },
    "Vênus": {
      "id": 299,
      "radius": 6052,
      "orbit_km": 108207890.95175552,
      "period_days": 224.6974665912589,
      "eccentricity": 0.00678277367840717,
      "perihelion_arg_deg": 54.83278370270251,
      "a_AU": 0.7233250743839332,
      "i_deg": 3.394372260004745,
      "raan_deg": 76.60654454032556,
      "argp_deg": 54.83278370270251,
      "M_deg": 68.74983759766663
    },
    "Terra": {
      "id": 399,
      "radius": 6371,
      "orbit_km": 149494215.48519862,
      "period_days": 364.8767905970848,
      "eccentricity": 0.01729978719445942,
      "perihelion_arg_deg": 287.3152308562315,
      "a_AU": 0.9993071076859829,
      "i_deg": 0.003617076392900344,
      "raan_deg": 174.6985836741538,
      "argp_deg": 287.3152308562315,
      "M_deg": 172.7637668922168
    },
    "Marte": {
      "id": 499,
      "radius": 3390,
      "orbit_km": 227926523.82186064,
      "period_days": 686.9142710834657,
      "eccentricity": 0.09342710368837344,
      "perihelion_arg_deg": 286.6081324624644,
      "a_AU": 1.523594705963022,
      "i_deg": 1.847487052710858,
      "raan_deg": 49.48118760148053,
      "argp_deg": 286.6081324624644,
      "M_deg": 48.59436789130034
    },
    "Júpiter": {
      "id": 599,
      "radius": 69911,
      "orbit_km": 778469214.6028317,
      "period_days": 4333.764263880151,
      "eccentricity": 0.04821584175849944,
      "perihelion_arg_deg": 273.8330966110094,
      "a_AU": 5.20374528701652,
      "i_deg": 1.303284609034794,
      "raan_deg": 100.5122636448521,
      "argp_deg": 273.8330966110094,
      "M_deg": 103.804355624882
    },
    "Saturno": {
      "id": 699,
      "radius": 58232,
      "orbit_km": 1426850412.7127705,
      "period_days": 10757.61311980519,
      "eccentricity": 0.05518422037047244,
      "perihelion_arg_deg": 339.0592980126433,
      "a_AU": 9.537905894223202,
      "i_deg": 2.487000050590373,
      "raan_deg": 113.5595932076553,
      "argp_deg": 339.0592980126433,
      "M_deg": 281.2016843156728
    },
    "Urano": {
      "id": 799,
      "radius": 25362,
      "orbit_km": 2882600227.1624646,
      "period_days": 30894.23555945431,
      "eccentricity": 0.04733119255288451,
      "perihelion_arg_deg": 92.17851307015437,
      "a_AU": 19.26899235713831,
      "i_deg": 0.7727788384131595,
      "raan_deg": 74.01621355119013,
      "argp_deg": 92.17851307015437,
      "M_deg": 260.6543661173805
    },
    "Netuno": {
      "id": 899,
      "radius": 24622,
      "orbit_km": 4499293537.939,
      "period_days": 60244.25208505271,
      "eccentricity": 0.01021837362894405,
      "perihelion_arg_deg": 281.2086648865304,
      "a_AU": 30.07591964301268,
      "i_deg": 1.770815242682754,
      "raan_deg": 131.8098911917533,
      "argp_deg": 281.2086648865304,
      "M_deg": 309.9668020600035
    }
  },
  "moons": {
    "Lua": {
      "id": 301,
      "planet": "Terra",
      "radius": 1737,
      "eccentricity": 0.05479922102327764,
      "orbit_km": 385049.67214198963,
      "period_days": 27.35380533940436
    },
    "Io": {
      "id": 501,
      "planet": "Júpiter",
      "radius": 1821,
      "eccentricity": 0.004032646635520316,
      "orbit_km": 422024.93523587694,
      "period_days": 1.77132337884968
    },
    "Europa": {
      "id": 502,
      "planet": "Júpiter",
      "radius": 1560,
      "eccentricity": 0.009637873219134398,
      "orbit_km": 671220.5211961842,
      "period_days": 3.552983995615275
    },
    "Ganymede": {
      "id": 503,
      "planet": "Júpiter",
      "radius": 2634,
      "eccentricity": 0.001997990521169238,
      "orbit_km": 1070634.365595536,
      "period_days": 7.157242361861874
    },
    "Callisto": {
      "id": 504,
      "planet": "Júpiter",
      "radius": 2410,
      "eccentricity": 0.007356019089251426,
      "orbit_km": 1883837.5531148445,
      "period_days": 16.705280486516
    },
    "Titan": {
      "id": 606,
      "planet": "Saturno",
      "radius": 2575,
      "eccentricity": 0.02881485859655949,
      "orbit_km": 1221966.2367483065,
      "period_days": 15.94796291035947
    }
  }
}