{
  "generated_at": "2026-03-19T04:59:14.881963+00:00",
  "source": "JPL Horizons",
  "planets": {
    "Mercúrio": {
      "id": 199,
      "radius": 2440,
      "orbit_km": 57909151.14328961,
      "period_days": 87.96928682424226,
      "eccentricity": 0.2056344623098231,
      "perihelion_arg_deg": 29.20099088251704,
      "a_AU": 0.3870987659939308,
      "i_deg": 7.003394114836463,
      "raan_deg": 48.29805302139292,
      "argp_deg": 29.20099088251704,
      "M_deg": 112.7585082248137
    },
    "Vênus": {
      "id": 299,
      "radius": 6052,
      "orbit_km": 108208207.57123955,
      "period_days": 224.6984527991134,
      "eccentricity": 0.006789426353363706,
      "perihelion_arg_deg": 54.95178087585129,
      "a_AU": 0.7233271908544588,
      "i_deg": 3.394386755045281,
      "raan_deg": 76.60687949746973,
      "argp_deg": 54.95178087585129,
      "M_deg": 268.41694814719
    },
    "Terra": {
      "id": 399,
      "radius": 6371,
      "orbit_km": 149734187.09713116,
      "period_days": 365.7557062155157,
      "eccentricity": 0.01691129080889556,
      "perihelion_arg_deg": 294.1075848061587,
      "a_AU": 1.000911218832817,
      "i_deg": 0.001358817467537605,
      "raan_deg": 171.7523140280132,
      "argp_deg": 294.1075848061587,
      "M_deg": 70.33318161311092
    },
    "Marte": {
      "id": 499,
      "radius": 3390,
      "orbit_km": 227937432.95893648,
      "period_days": 686.9635878423205,
      "eccentricity": 0.09346535622523522,
      "perihelion_arg_deg": 286.6209858130998,
      "a_AU": 1.523667629040234,
      "i_deg": 1.847480100219028,
      "raan_deg": 49.48180319694313,
      "argp_deg": 286.6209858130998,
      "M_deg": 356.1749548836388
    },
    "Júpiter": {
      "id": 599,
      "radius": 69911,
      "orbit_km": 778331878.4999925,
      "period_days": 4332.617482416384,
      "eccentricity": 0.04835152667252129,
      "perihelion_arg_deg": 273.6295790013742,
      "a_AU": 5.202827251872058,
      "i_deg": 1.303656752525439,
      "raan_deg": 100.5188559755084,
      "argp_deg": 273.6295790013742,
      "M_deg": 95.68293902172232
    },
    "Saturno": {
      "id": 699,
      "radius": 58232,
      "orbit_km": 1427714693.4825702,
      "period_days": 10767.38885299343,
      "eccentricity": 0.05546596606877644,
      "perihelion_arg_deg": 338.4199219351588,
      "a_AU": 9.54368325432703,
      "i_deg": 2.487662813160481,
      "raan_deg": 113.6159349525091,
      "argp_deg": 338.4199219351588,
      "M_deg": 278.4650533792577
    },
    "Urano": {
      "id": 799,
      "radius": 25362,
      "orbit_km": 2883987246.563406,
      "period_days": 30916.53628880195,
      "eccentricity": 0.04705332750463714,
      "perihelion_arg_deg": 91.62855289259387,
      "a_AU": 19.27826400916418,
      "i_deg": 0.7722118287930891,
      "raan_deg": 74.02669050516063,
      "argp_deg": 91.62855289259387,
      "M_deg": 260.0092134297004
    },
    "Netuno": {
      "id": 899,
      "radius": 24622,
      "orbit_km": 4501933091.203705,
      "period_days": 60297.27415318134,
      "eccentricity": 0.01069259867208823,
      "perihelion_arg_deg": 279.2120183746921,
      "a_AU": 30.09356396677446,
      "i_deg": 1.771123322594177,
      "raan_deg": 131.8215464358379,
      "argp_deg": 279.2120183746921,
      "M_deg": 311.3691894369414
    }
  },
  "moons": {
    "Lua": {
      "id": 301,
      "planet": "Terra",
      "radius": 1737,
      "eccentricity": 0.05368248577586147,
      "orbit_km": 386719.71250094264,
      "period_days": 27.53195685913015
    },
    "Io": {
      "id": 501,
      "planet": "Júpiter",
      "radius": 1821,
      "eccentricity": 0.004746316487109941,
      "orbit_km": 422051.0519480407,
      "period_days": 1.771487807019703
    },
    "Europa": {
      "id": 502,
      "planet": "Júpiter",
      "radius": 1560,
      "eccentricity": 0.009203360486022794,
      "orbit_km": 671296.6963994049,
      "period_days": 3.553588842192625
    },
    "Ganymede": {
      "id": 503,
      "planet": "Júpiter",
      "radius": 2634,
      "eccentricity": 0.001529618377922955,
      "orbit_km": 1070588.5002541246,
      "period_days": 7.156782448758999
    },
    "Callisto": {
      "id": 504,
      "planet": "Júpiter",
      "radius": 2410,
      "eccentricity": 0.007067799821573061,
      "orbit_km": 1883022.3872799934,
      "period_days": 16.69443870720382
    },
    "Titan": {
      "id": 606,
      "planet": "Saturno",
      "radius": 2575,
      "eccentricity": 0.02877090690249134,
      "orbit_km": 1221969.058915282,
      "period_days": 15.94801815882569
    }
  }
}