{
  "generated_at": "2026-05-14T06:27:45.323868+00:00",
  "source": "JPL Horizons",
  "planets": {
    "Mercúrio": {
      "id": 199,
      "radius": 2440,
      "orbit_km": 57909062.09989937,
      "period_days": 87.96908392676305,
      "eccentricity": 0.205633193337073,
      "perihelion_arg_deg": 29.20193758448829,
      "a_AU": 0.387098170775631,
      "i_deg": 7.003386834316595,
      "raan_deg": 48.29789723799552,
      "argp_deg": 29.20193758448829,
      "M_deg": 341.9284507822461
    },
    "Vênus": {
      "id": 299,
      "radius": 6052,
      "orbit_km": 108208852.96764843,
      "period_days": 224.7004630873439,
      "eccentricity": 0.006790805070685821,
      "perihelion_arg_deg": 54.87676238450167,
      "a_AU": 0.7233315050629824,
      "i_deg": 3.394374865478019,
      "raan_deg": 76.60678210437695,
      "argp_deg": 54.87676238450167,
      "M_deg": 358.2113000447739
    },
    "Terra": {
      "id": 399,
      "radius": 6371,
      "orbit_km": 149709070.03027093,
      "period_days": 365.6636798843209,
      "eccentricity": 0.01639114510829497,
      "perihelion_arg_deg": 318.9578850690981,
      "a_AU": 1.000743321611134,
      "i_deg": 0.002848981226847114,
      "raan_deg": 146.4886523224719,
      "argp_deg": 318.9578850690981,
      "M_deg": 125.912331185981
    },
    "Marte": {
      "id": 499,
      "radius": 3390,
      "orbit_km": 227930429.75752303,
      "period_days": 686.9319284477646,
      "eccentricity": 0.09343917745348092,
      "perihelion_arg_deg": 286.614543283131,
      "a_AU": 1.523620815530251,
      "i_deg": 1.847491406570042,
      "raan_deg": 49.48112365373768,
      "argp_deg": 286.614543283131,
      "M_deg": 25.5286637569415
    },
    "Júpiter": {
      "id": 599,
      "radius": 69911,
      "orbit_km": 778181474.5991454,
      "period_days": 4331.361698527984,
      "eccentricity": 0.04825346308284659,
      "perihelion_arg_deg": 273.3808399763698,
      "a_AU": 5.201821863893318,
      "i_deg": 1.303799480977393,
      "raan_deg": 100.5212527669331,
      "argp_deg": 273.3808399763698,
      "M_deg": 100.5990641041982
    },
    "Saturno": {
      "id": 699,
      "radius": 58232,
      "orbit_km": 1427414128.0097055,
      "period_days": 10763.98887223837,
      "eccentricity": 0.05515038753120759,
      "perihelion_arg_deg": 338.545182814266,
      "a_AU": 9.54167409823772,
      "i_deg": 2.488234017687216,
      "raan_deg": 113.6563009343414,
      "argp_deg": 338.545182814266,
      "M_deg": 280.1378516384857
    },
    "Urano": {
      "id": 799,
      "radius": 25362,
      "orbit_km": 2883421632.963445,
      "period_days": 30907.44161128881,
      "eccentricity": 0.04721564737677358,
      "perihelion_arg_deg": 91.83592007262101,
      "a_AU": 19.2744831157777,
      "i_deg": 0.772020585355548,
      "raan_deg": 74.02932311563484,
      "argp_deg": 91.83592007262101,
      "M_deg": 260.4651494187164
    },
    "Netuno": {
      "id": 899,
      "radius": 24622,
      "orbit_km": 4502250487.845431,
      "period_days": 60303.65091042674,
      "eccentricity": 0.01050175868523896,
      "perihelion_arg_deg": 277.7638393852922,
      "a_AU": 30.0956856322784,
      "i_deg": 1.771106234220674,
      "raan_deg": 131.8211688714069,
      "argp_deg": 277.7638393852922,
      "M_deg": 313.1155212943147
    }
  },
  "moons": {
    "Lua": {
      "id": 301,
      "planet": "Terra",
      "radius": 1737,
      "eccentricity": 0.07133417592994358,
      "orbit_km": 383903.00590885524,
      "period_days": 27.23170815007785
    },
    "Io": {
      "id": 501,
      "planet": "Júpiter",
      "radius": 1821,
      "eccentricity": 0.004136171267163962,
      "orbit_km": 422026.65076663473,
      "period_days": 1.771334179501156
    },
    "Europa": {
      "id": 502,
      "planet": "Júpiter",
      "radius": 1560,
      "eccentricity": 0.009280350468175352,
      "orbit_km": 671344.1603193417,
      "period_days": 3.553965732705928
    },
    "Ganymede": {
      "id": 503,
      "planet": "Júpiter",
      "radius": 2634,
      "eccentricity": 0.001684960993678671,
      "orbit_km": 1070380.6135453451,
      "period_days": 7.15469799559958
    },
    "Callisto": {
      "id": 504,
      "planet": "Júpiter",
      "radius": 2410,
      "eccentricity": 0.007314110924523751,
      "orbit_km": 1883421.869050319,
      "period_days": 16.69975155771024
    },
    "Titan": {
      "id": 606,
      "planet": "Saturno",
      "radius": 2575,
      "eccentricity": 0.02871550910087338,
      "orbit_km": 1221951.6807585543,
      "period_days": 15.94767795441747
    }
  }
}