{
  "generated_at": "2026-03-20T04:51:44.745363+00:00",
  "source": "JPL Horizons",
  "planets": {
    "Mercúrio": {
      "id": 199,
      "radius": 2440,
      "orbit_km": 57909149.33206678,
      "period_days": 87.96928269712305,
      "eccentricity": 0.2056345055229943,
      "perihelion_arg_deg": 29.20098669001221,
      "a_AU": 0.387098753886654,
      "i_deg": 7.003394423044434,
      "raan_deg": 48.29805224363848,
      "argp_deg": 29.20098669001221,
      "M_deg": 116.8508475953797
    },
    "Vênus": {
      "id": 299,
      "radius": 6052,
      "orbit_km": 108208209.6914973,
      "period_days": 224.698459403307,
      "eccentricity": 0.006789458985122091,
      "perihelion_arg_deg": 54.95161225543998,
      "a_AU": 0.7233272050275065,
      "i_deg": 3.394386797923778,
      "raan_deg": 76.6068789590256,
      "argp_deg": 54.95161225543998,
      "M_deg": 270.0192682839964
    },
    "Terra": {
      "id": 399,
      "radius": 6371,
      "orbit_km": 149730560.35686454,
      "period_days": 365.7424177380396,
      "eccentricity": 0.01680751103497347,
      "perihelion_arg_deg": 293.1465921433119,
      "a_AU": 1.000886975571535,
      "i_deg": 0.001590484534103758,
      "raan_deg": 172.7493530194683,
      "argp_deg": 293.1465921433119,
      "M_deg": 71.29305827399627
    },
    "Marte": {
      "id": 499,
      "radius": 3390,
      "orbit_km": 227937325.387681,
      "period_days": 686.9631015409311,
      "eccentricity": 0.09346491916282365,
      "perihelion_arg_deg": 286.6209212865941,
      "a_AU": 1.523666909970805,
      "i_deg": 1.847480220207439,
      "raan_deg": 49.48178608742736,
      "argp_deg": 286.6209212865941,
      "M_deg": 356.6990644344974
    },
    "Júpiter": {
      "id": 599,
      "radius": 69911,
      "orbit_km": 778499721.7606636,
      "period_days": 4334.019017934403,
      "eccentricity": 0.04814237410292477,
      "perihelion_arg_deg": 273.8698957970838,
      "a_AU": 5.2039492147709,
      "i_deg": 1.303119259576578,
      "raan_deg": 100.512605975364,
      "argp_deg": 273.8698957970838,
      "M_deg": 95.55220613919901
    },
    "Saturno": {
      "id": 699,
      "radius": 58232,
      "orbit_km": 1427557611.7636356,
      "period_days": 10765.61190823605,
      "eccentricity": 0.05544323002045166,
      "perihelion_arg_deg": 338.5601885343659,
      "a_AU": 9.542633227891496,
      "i_deg": 2.487207018955182,
      "raan_deg": 113.586149931443,
      "argp_deg": 338.5601885343659,
      "M_deg": 278.3863415603699
    },
    "Urano": {
      "id": 799,
      "radius": 25362,
      "orbit_km": 2884052583.988926,
      "period_days": 30917.58692711376,
      "eccentricity": 0.04705124878836127,
      "perihelion_arg_deg": 91.6202306183099,
      "a_AU": 19.27870076287741,
      "i_deg": 0.7732978410005233,
      "raan_deg": 74.00721822028514,
      "argp_deg": 91.6202306183099,
      "M_deg": 260.0490214073888
    },
    "Netuno": {
      "id": 899,
      "radius": 24622,
      "orbit_km": 4503011918.683846,
      "period_days": 60318.94959303253,
      "eccentricity": 0.01085427726769809,
      "perihelion_arg_deg": 278.4541405207615,
      "a_AU": 30.10077548305537,
      "i_deg": 1.766665883186572,
      "raan_deg": 131.6510224999569,
      "argp_deg": 278.4541405207615,
      "M_deg": 312.3042125230256
    }
  },
  "moons": {
    "Lua": {
      "id": 301,
      "planet": "Terra",
      "radius": 1737,
      "eccentricity": 0.05135177063104708,
      "orbit_km": 386337.44884923147,
      "period_days": 27.49114487773905
    },
    "Io": {
      "id": 501,
      "planet": "Júpiter",
      "radius": 1821,
      "eccentricity": 0.003516877613618964,
      "orbit_km": 422018.9702506912,
      "period_days": 1.77128582462185
    },
    "Europa": {
      "id": 502,
      "planet": "Júpiter",
      "radius": 1560,
      "eccentricity": 0.009638697772906091,
      "orbit_km": 671246.30649728,
      "period_days": 3.553188732298096
    },
    "Ganymede": {
      "id": 503,
      "planet": "Júpiter",
      "radius": 2634,
      "eccentricity": 0.001893999543389249,
      "orbit_km": 1070844.9665970472,
      "period_days": 7.159354282486595
    },
    "Callisto": {
      "id": 504,
      "planet": "Júpiter",
      "radius": 2410,
      "eccentricity": 0.00757451840001105,
      "orbit_km": 1884034.3936695463,
      "period_days": 16.70789883534956
    },
    "Titan": {
      "id": 606,
      "planet": "Saturno",
      "radius": 2575,
      "eccentricity": 0.028801767229609,
      "orbit_km": 1221962.6492955673,
      "period_days": 15.94789268028332
    }
  }
}