{
  "generated_at": "2026-04-19T05:33:29.208723+00:00",
  "source": "JPL Horizons",
  "planets": {
    "Mercúrio": {
      "id": 199,
      "radius": 2440,
      "orbit_km": 57909166.44219854,
      "period_days": 87.96932168490336,
      "eccentricity": 0.2056338243831582,
      "perihelion_arg_deg": 29.2013632653845,
      "a_AU": 0.3870988682608204,
      "i_deg": 7.003385033700892,
      "raan_deg": 48.29797725015239,
      "argp_deg": 29.2013632653845,
      "M_deg": 239.6204744837375
    },
    "Vênus": {
      "id": 299,
      "radius": 6052,
      "orbit_km": 108208682.74817798,
      "period_days": 224.6999328851782,
      "eccentricity": 0.006790902898427673,
      "perihelion_arg_deg": 54.91487737808406,
      "a_AU": 0.7233303672161022,
      "i_deg": 3.394383172946507,
      "raan_deg": 76.60687890771926,
      "argp_deg": 54.91487737808406,
      "M_deg": 318.120199840769
    },
    "Terra": {
      "id": 399,
      "radius": 6371,
      "orbit_km": 149726523.3666811,
      "period_days": 365.7276262826985,
      "eccentricity": 0.01631395388021549,
      "perihelion_arg_deg": 296.2984625869852,
      "a_AU": 1.000859989958942,
      "i_deg": 0.002823099011171665,
      "raan_deg": 169.3948789312964,
      "argp_deg": 296.2984625869852,
      "M_deg": 101.0709028151374
    },
    "Marte": {
      "id": 499,
      "radius": 3390,
      "orbit_km": 227933682.55301455,
      "period_days": 686.9466333100391,
      "eccentricity": 0.09345081343183134,
      "perihelion_arg_deg": 286.6181174135246,
      "a_AU": 1.523642559125105,
      "i_deg": 1.84748605016117,
      "raan_deg": 49.48133326822283,
      "argp_deg": 286.6181174135246,
      "M_deg": 12.42344710990532
    },
    "Júpiter": {
      "id": 599,
      "radius": 69911,
      "orbit_km": 778384728.8070083,
      "period_days": 4333.058780127802,
      "eccentricity": 0.04812675017873115,
      "perihelion_arg_deg": 273.6827775797911,
      "a_AU": 5.203180534353744,
      "i_deg": 1.303325717339737,
      "raan_deg": 100.5144376968412,
      "argp_deg": 273.6827775797911,
      "M_deg": 98.234408465709
    },
    "Saturno": {
      "id": 699,
      "radius": 58232,
      "orbit_km": 1427694384.2410128,
      "period_days": 10767.15910465034,
      "eccentricity": 0.05544204580562038,
      "perihelion_arg_deg": 338.4051527118933,
      "a_AU": 9.543547495432453,
      "i_deg": 2.488086220571151,
      "raan_deg": 113.6441881805199,
      "argp_deg": 338.4051527118933,
      "M_deg": 279.4854524346532
    },
    "Urano": {
      "id": 799,
      "radius": 25362,
      "orbit_km": 2883798050.2901487,
      "period_days": 30913.49404363149,
      "eccentricity": 0.04713999236086458,
      "perihelion_arg_deg": 91.69844450597114,
      "a_AU": 19.27699931019238,
      "i_deg": 0.772562411162674,
      "raan_deg": 74.0202331082151,
      "argp_deg": 91.69844450597114,
      "M_deg": 260.3151503442356
    },
    "Netuno": {
      "id": 899,
      "radius": 24622,
      "orbit_km": 4502874378.932824,
      "period_days": 60316.18604606386,
      "eccentricity": 0.01076048915916963,
      "perihelion_arg_deg": 278.2500321959663,
      "a_AU": 30.09985608660688,
      "i_deg": 1.765877719806481,
      "raan_deg": 131.6195528479508,
      "argp_deg": 278.2500321959663,
      "M_deg": 312.7074828921807
    }
  },
  "moons": {
    "Lua": {
      "id": 301,
      "planet": "Terra",
      "radius": 1737,
      "eccentricity": 0.0620077787069288,
      "orbit_km": 385528.5294891126,
      "period_days": 27.40484800944094
    },
    "Io": {
      "id": 501,
      "planet": "Júpiter",
      "radius": 1821,
      "eccentricity": 0.003541681694607862,
      "orbit_km": 422022.2300118697,
      "period_days": 1.771306347324586
    },
    "Europa": {
      "id": 502,
      "planet": "Júpiter",
      "radius": 1560,
      "eccentricity": 0.009527762150707443,
      "orbit_km": 671279.1147911032,
      "period_days": 3.553449237607183
    },
    "Ganymede": {
      "id": 503,
      "planet": "Júpiter",
      "radius": 2634,
      "eccentricity": 0.001610621926219228,
      "orbit_km": 1070852.7821789905,
      "period_days": 7.15943266165057
    },
    "Callisto": {
      "id": 504,
      "planet": "Júpiter",
      "radius": 2410,
      "eccentricity": 0.007373361627495217,
      "orbit_km": 1882715.8390920905,
      "period_days": 16.69036219567666
    },
    "Titan": {
      "id": 606,
      "planet": "Saturno",
      "radius": 2575,
      "eccentricity": 0.02873507759559579,
      "orbit_km": 1221951.4484400696,
      "period_days": 15.9476734064387
    }
  }
}