{
  "generated_at": "2026-02-24T04:57:04.195655+00:00",
  "source": "JPL Horizons",
  "planets": {
    "Mercúrio": {
      "id": 199,
      "radius": 2440,
      "orbit_km": 57909129.271943554,
      "period_days": 87.96923698739016,
      "eccentricity": 0.2056326983695898,
      "perihelion_arg_deg": 29.20103909177702,
      "a_AU": 0.3870986197930126,
      "i_deg": 7.003387856601007,
      "raan_deg": 48.29816676109891,
      "argp_deg": 29.20103909177702,
      "M_deg": 18.63477330562553
    },
    "Vênus": {
      "id": 299,
      "radius": 6052,
      "orbit_km": 108208497.67437099,
      "period_days": 224.6993564149749,
      "eccentricity": 0.006787750557896968,
      "perihelion_arg_deg": 54.9327001740344,
      "a_AU": 0.7233291300741154,
      "i_deg": 3.394385264145569,
      "raan_deg": 76.60692023177297,
      "argp_deg": 54.9327001740344,
      "M_deg": 231.5865942885267
    },
    "Terra": {
      "id": 399,
      "radius": 6371,
      "orbit_km": 149611010.58417434,
      "period_days": 365.3044741356873,
      "eccentricity": 0.01642052590063894,
      "perihelion_arg_deg": 284.2331848980752,
      "a_AU": 1.00008783470054,
      "i_deg": 0.003142791351650294,
      "raan_deg": 179.8584377870503,
      "argp_deg": 284.2331848980752,
      "M_deg": 49.47726042451605
    },
    "Marte": {
      "id": 499,
      "radius": 3390,
      "orbit_km": 227939628.7068818,
      "period_days": 686.9735142670827,
      "eccentricity": 0.09347467355335176,
      "perihelion_arg_deg": 286.6221749136136,
      "a_AU": 1.523682306708673,
      "i_deg": 1.847479077606942,
      "raan_deg": 49.4821732176142,
      "argp_deg": 286.6221749136136,
      "M_deg": 344.1209026835903
    },
    "Júpiter": {
      "id": 599,
      "radius": 69911,
      "orbit_km": 778178944.7056056,
      "period_days": 4331.340576446378,
      "eccentricity": 0.04839861996364449,
      "perihelion_arg_deg": 273.3931162376165,
      "a_AU": 5.201804952599541,
      "i_deg": 1.303951004992618,
      "raan_deg": 100.5217312389924,
      "argp_deg": 273.3931162376165,
      "M_deg": 94.0030010221911
    },
    "Saturno": {
      "id": 699,
      "radius": 58232,
      "orbit_km": 1427938022.7389271,
      "period_days": 10769.9153735139,
      "eccentricity": 0.05522534990430692,
      "perihelion_arg_deg": 338.1611630320795,
      "a_AU": 9.5451761181981,
      "i_deg": 2.488615414868243,
      "raan_deg": 113.6766831692297,
      "argp_deg": 338.1611630320795,
      "M_deg": 277.8651720891463
    },
    "Urano": {
      "id": 799,
      "radius": 25362,
      "orbit_km": 2884191492.311483,
      "period_days": 30919.82063908241,
      "eccentricity": 0.0469828579276854,
      "perihelion_arg_deg": 91.56463432321148,
      "a_AU": 19.27962930766155,
      "i_deg": 0.7727270888724286,
      "raan_deg": 74.01749294525975,
      "argp_deg": 91.56463432321148,
      "M_deg": 259.8082026026162
    },
    "Netuno": {
      "id": 899,
      "radius": 24622,
      "orbit_km": 4503106437.8357115,
      "period_days": 60320.84876384674,
      "eccentricity": 0.01089424382118081,
      "perihelion_arg_deg": 278.4227414487279,
      "a_AU": 30.10140730456073,
      "i_deg": 1.768528218546184,
      "raan_deg": 131.7228515021463,
      "argp_deg": 278.4227414487279,
      "M_deg": 312.1245617509278
    }
  },
  "moons": {
    "Lua": {
      "id": 301,
      "planet": "Terra",
      "radius": 1737,
      "eccentricity": 0.026425043807647,
      "orbit_km": 380225.653094777,
      "period_days": 26.84137359424571
    },
    "Io": {
      "id": 501,
      "planet": "Júpiter",
      "radius": 1821,
      "eccentricity": 0.004692037701865577,
      "orbit_km": 422040.6687077254,
      "period_days": 1.771422434582885
    },
    "Europa": {
      "id": 502,
      "planet": "Júpiter",
      "radius": 1560,
      "eccentricity": 0.009656020478092223,
      "orbit_km": 671161.7092258278,
      "period_days": 3.552517040109076
    },
    "Ganymede": {
      "id": 503,
      "planet": "Júpiter",
      "radius": 2634,
      "eccentricity": 0.001067132523214426,
      "orbit_km": 1070763.9065532035,
      "period_days": 7.158541382476554
    },
    "Callisto": {
      "id": 504,
      "planet": "Júpiter",
      "radius": 2410,
      "eccentricity": 0.006822036622945059,
      "orbit_km": 1883729.588337112,
      "period_days": 16.70384441041951
    },
    "Titan": {
      "id": 606,
      "planet": "Saturno",
      "radius": 2575,
      "eccentricity": 0.02869890008831927,
      "orbit_km": 1221941.8587101186,
      "period_days": 15.9474856736346
    }
  }
}