{
  "generated_at": "2026-04-08T05:18:22.393792+00:00",
  "source": "JPL Horizons",
  "planets": {
    "Mercúrio": {
      "id": 199,
      "radius": 2440,
      "orbit_km": 57909167.63979131,
      "period_days": 87.96932441378287,
      "eccentricity": 0.2056342590024476,
      "perihelion_arg_deg": 29.20114684395245,
      "a_AU": 0.3870988762662336,
      "i_deg": 7.003389673348435,
      "raan_deg": 48.29803168527116,
      "argp_deg": 29.20114684395245,
      "M_deg": 194.6050403784117
    },
    "Vênus": {
      "id": 299,
      "radius": 6052,
      "orbit_km": 108208454.66469474,
      "period_days": 224.6992224479693,
      "eccentricity": 0.006790238909095815,
      "perihelion_arg_deg": 54.93330200783253,
      "a_AU": 0.7233288425721874,
      "i_deg": 3.394385746199843,
      "raan_deg": 76.60688227198943,
      "argp_deg": 54.93330200783253,
      "M_deg": 300.4783387914764
    },
    "Terra": {
      "id": 399,
      "radius": 6371,
      "orbit_km": 149546043.32445318,
      "period_days": 365.0665546076431,
      "eccentricity": 0.01702264019774291,
      "perihelion_arg_deg": 294.3602437157431,
      "a_AU": 0.9996535553928388,
      "i_deg": 0.003013485787407922,
      "raan_deg": 167.561627069443,
      "argp_deg": 294.3602437157431,
      "M_deg": 93.94221832991713
    },
    "Marte": {
      "id": 499,
      "radius": 3390,
      "orbit_km": 227935082.28364143,
      "period_days": 686.9529610829271,
      "eccentricity": 0.0934560861592879,
      "perihelion_arg_deg": 286.6193557621355,
      "a_AU": 1.523651915746428,
      "i_deg": 1.847483546038644,
      "raan_deg": 49.48147878444941,
      "argp_deg": 286.6193557621355,
      "M_deg": 6.657581880734288
    },
    "Júpiter": {
      "id": 599,
      "radius": 69911,
      "orbit_km": 778339497.2257973,
      "period_days": 4332.681097513566,
      "eccentricity": 0.04827462305880417,
      "perihelion_arg_deg": 273.6340714000958,
      "a_AU": 5.202878179908462,
      "i_deg": 1.303583800610917,
      "raan_deg": 100.5180012634415,
      "argp_deg": 273.6340714000958,
      "M_deg": 97.34974746201505
    },
    "Saturno": {
      "id": 699,
      "radius": 58232,
      "orbit_km": 1427220047.748456,
      "period_days": 10761.79363675756,
      "eccentricity": 0.0552776778685639,
      "perihelion_arg_deg": 338.8102724242413,
      "a_AU": 9.540376751822686,
      "i_deg": 2.486786127223795,
      "raan_deg": 113.5562351952724,
      "argp_deg": 338.8102724242413,
      "M_deg": 278.7847608278379
    },
    "Urano": {
      "id": 799,
      "radius": 25362,
      "orbit_km": 2883549959.432337,
      "period_days": 30909.50493438807,
      "eccentricity": 0.04711597616260486,
      "perihelion_arg_deg": 91.83376801995307,
      "a_AU": 19.2753409252391,
      "i_deg": 0.7738850639503956,
      "raan_deg": 73.99694177640973,
      "argp_deg": 91.83376801995307,
      "M_deg": 260.0698904328399
    },
    "Netuno": {
      "id": 899,
      "radius": 24622,
      "orbit_km": 4503611063.371123,
      "period_days": 60330.98852862301,
      "eccentricity": 0.01079518795177754,
      "perihelion_arg_deg": 277.1752839404545,
      "a_AU": 30.10478051791631,
      "i_deg": 1.767527969310729,
      "raan_deg": 131.6836814063715,
      "argp_deg": 277.1752839404545,
      "M_deg": 313.6407379768319
    }
  },
  "moons": {
    "Lua": {
      "id": 301,
      "planet": "Terra",
      "radius": 1737,
      "eccentricity": 0.06287818329193971,
      "orbit_km": 381019.71774539375,
      "period_days": 26.92550091383311
    },
    "Io": {
      "id": 501,
      "planet": "Júpiter",
      "radius": 1821,
      "eccentricity": 0.003848246076359714,
      "orbit_km": 422022.5001628754,
      "period_days": 1.771308048136416
    },
    "Europa": {
      "id": 502,
      "planet": "Júpiter",
      "radius": 1560,
      "eccentricity": 0.009656312109416455,
      "orbit_km": 671223.219044947,
      "period_days": 3.553005416495907
    },
    "Ganymede": {
      "id": 503,
      "planet": "Júpiter",
      "radius": 2634,
      "eccentricity": 0.001236194223210659,
      "orbit_km": 1070543.071525466,
      "period_days": 7.156326923486488
    },
    "Callisto": {
      "id": 504,
      "planet": "Júpiter",
      "radius": 2410,
      "eccentricity": 0.007186254309983767,
      "orbit_km": 1882586.8446356435,
      "period_days": 16.68864691240616
    },
    "Titan": {
      "id": 606,
      "planet": "Saturno",
      "radius": 2575,
      "eccentricity": 0.02882813172620691,
      "orbit_km": 1221978.4624980148,
      "period_days": 15.9482022495712
    }
  }
}