{
  "generated_at": "2026-02-19T04:58:10.171111+00:00",
  "source": "JPL Horizons",
  "planets": {
    "Mercúrio": {
      "id": 199,
      "radius": 2440,
      "orbit_km": 57909094.30981857,
      "period_days": 87.96915732142818,
      "eccentricity": 0.2056322088929697,
      "perihelion_arg_deg": 29.20102663845751,
      "a_AU": 0.3870983860856422,
      "i_deg": 7.003389371372248,
      "raan_deg": 48.29817863325126,
      "argp_deg": 29.20102663845751,
      "M_deg": 358.1730756005179
    },
    "Vênus": {
      "id": 299,
      "radius": 6052,
      "orbit_km": 108208628.39097542,
      "period_days": 224.6997635726343,
      "eccentricity": 0.006786959955569538,
      "perihelion_arg_deg": 54.92490949486127,
      "a_AU": 0.723330003860646,
      "i_deg": 3.394385063074675,
      "raan_deg": 76.60693653954591,
      "argp_deg": 54.92490949486127,
      "M_deg": 223.5836773143106
    },
    "Terra": {
      "id": 399,
      "radius": 6371,
      "orbit_km": 149725394.1176717,
      "period_days": 365.7234887714712,
      "eccentricity": 0.01714560597227259,
      "perihelion_arg_deg": 258.6266652711905,
      "a_AU": 1.000852441395556,
      "i_deg": 0.001761033500861705,
      "raan_deg": 206.6538370587633,
      "argp_deg": 258.6266652711905,
      "M_deg": 43.32996079359969
    },
    "Marte": {
      "id": 499,
      "radius": 3390,
      "orbit_km": 227940063.27878082,
      "period_days": 686.9754788631166,
      "eccentricity": 0.09347659538791524,
      "perihelion_arg_deg": 286.6222991443298,
      "a_AU": 1.523685211642393,
      "i_deg": 1.84747926876276,
      "raan_deg": 49.4822544225999,
      "argp_deg": 286.6222991443298,
      "M_deg": 341.5006152156199
    },
    "Júpiter": {
      "id": 599,
      "radius": 69911,
      "orbit_km": 778384940.1951447,
      "period_days": 4333.060545239416,
      "eccentricity": 0.04831849848962141,
      "perihelion_arg_deg": 273.7058440900229,
      "a_AU": 5.203181947396159,
      "i_deg": 1.30349942846515,
      "raan_deg": 100.5172405422862,
      "argp_deg": 273.7058440900229,
      "M_deg": 93.284745507033
    },
    "Saturno": {
      "id": 699,
      "radius": 58232,
      "orbit_km": 1427482550.4417973,
      "period_days": 10764.76283171066,
      "eccentricity": 0.05531847274836175,
      "perihelion_arg_deg": 338.6216600412244,
      "a_AU": 9.542131473946155,
      "i_deg": 2.486742824900211,
      "raan_deg": 113.5600697519154,
      "argp_deg": 338.6216600412244,
      "M_deg": 277.3670698208592
    },
    "Urano": {
      "id": 799,
      "radius": 25362,
      "orbit_km": 2884321661.5159893,
      "period_days": 30921.91387069256,
      "eccentricity": 0.0469699068166061,
      "perihelion_arg_deg": 91.47205171825209,
      "a_AU": 19.28049943504971,
      "i_deg": 0.770610646348392,
      "raan_deg": 74.05652500517087,
      "argp_deg": 91.47205171825209,
      "M_deg": 259.8032692892782
    },
    "Netuno": {
      "id": 899,
      "radius": 24622,
      "orbit_km": 4504356905.937632,
      "period_days": 60345.97626234737,
      "eccentricity": 0.01104096910309356,
      "perihelion_arg_deg": 277.2719603731906,
      "a_AU": 30.10976616753163,
      "i_deg": 1.765858287496699,
      "raan_deg": 131.6211130087268,
      "argp_deg": 277.2719603731906,
      "M_deg": 313.3412591542506
    }
  },
  "moons": {
    "Lua": {
      "id": 301,
      "planet": "Terra",
      "radius": 1737,
      "eccentricity": 0.04004043910187711,
      "orbit_km": 386265.1109884726,
      "period_days": 27.48342407229615
    },
    "Io": {
      "id": 501,
      "planet": "Júpiter",
      "radius": 1821,
      "eccentricity": 0.004645134903704451,
      "orbit_km": 422041.6697296594,
      "period_days": 1.77142873693913
    },
    "Europa": {
      "id": 502,
      "planet": "Júpiter",
      "radius": 1560,
      "eccentricity": 0.009202051724785646,
      "orbit_km": 671305.5665757483,
      "period_days": 3.553659275424256
    },
    "Ganymede": {
      "id": 503,
      "planet": "Júpiter",
      "radius": 2634,
      "eccentricity": 0.001676953360836696,
      "orbit_km": 1070744.465521344,
      "period_days": 7.158346425214921
    },
    "Callisto": {
      "id": 504,
      "planet": "Júpiter",
      "radius": 2410,
      "eccentricity": 0.0070459549217862,
      "orbit_km": 1882179.0875775225,
      "period_days": 16.68322521425247
    },
    "Titan": {
      "id": 606,
      "planet": "Saturno",
      "radius": 2575,
      "eccentricity": 0.02879568699715507,
      "orbit_km": 1221923.525502036,
      "period_days": 15.94712677667743
    }
  }
}