{
  "generated_at": "2026-02-03T04:51:58.212364+00:00",
  "source": "JPL Horizons",
  "planets": {
    "Mercúrio": {
      "id": 199,
      "radius": 2440,
      "orbit_km": 57909209.2531536,
      "period_days": 87.96941923555738,
      "eccentricity": 0.2056330278918495,
      "perihelion_arg_deg": 29.20050152144563,
      "a_AU": 0.3870991544343793,
      "i_deg": 7.003385790481951,
      "raan_deg": 48.29821629611432,
      "argp_deg": 29.20050152144563,
      "M_deg": 292.6961116509942
    },
    "Vênus": {
      "id": 299,
      "radius": 6052,
      "orbit_km": 108209025.80811217,
      "period_days": 224.7010014538457,
      "eccentricity": 0.006784106981040742,
      "perihelion_arg_deg": 54.90430044435689,
      "a_AU": 0.7233326604301206,
      "i_deg": 3.394385579922945,
      "raan_deg": 76.6070236645374,
      "argp_deg": 54.90430044435689,
      "M_deg": 197.9701377761594
    },
    "Terra": {
      "id": 399,
      "radius": 6371,
      "orbit_km": 149461775.96823353,
      "period_days": 364.7580323093609,
      "eccentricity": 0.01596851435882452,
      "perihelion_arg_deg": 301.6080395233172,
      "a_AU": 0.9990902629086253,
      "i_deg": 0.005262892704485662,
      "raan_deg": 159.568489541266,
      "argp_deg": 301.6080395233172,
      "M_deg": 31.63901073420934
    },
    "Marte": {
      "id": 499,
      "radius": 3390,
      "orbit_km": 227941128.38844472,
      "period_days": 686.9802939781006,
      "eccentricity": 0.09348140538260967,
      "perihelion_arg_deg": 286.6222619208139,
      "a_AU": 1.523692331460736,
      "i_deg": 1.847481265816658,
      "raan_deg": 49.48257586528023,
      "argp_deg": 286.6222619208139,
      "M_deg": 333.1160498768925
    },
    "Júpiter": {
      "id": 599,
      "radius": 69911,
      "orbit_km": 778244644.3451333,
      "period_days": 4331.889113879934,
      "eccentricity": 0.0483570049482494,
      "perihelion_arg_deg": 273.4891543792053,
      "a_AU": 5.202244127563865,
      "i_deg": 1.30378988241812,
      "raan_deg": 100.5198601027064,
      "argp_deg": 273.4891543792053,
      "M_deg": 92.16716807032437
    },
    "Saturno": {
      "id": 699,
      "radius": 58232,
      "orbit_km": 1427541491.873801,
      "period_days": 10765.4295618425,
      "eccentricity": 0.05533209724409053,
      "perihelion_arg_deg": 338.5857859953412,
      "a_AU": 9.542525473083495,
      "i_deg": 2.486623829764829,
      "raan_deg": 113.5548939969552,
      "argp_deg": 338.5857859953412,
      "M_deg": 276.8742922083528
    },
    "Urano": {
      "id": 799,
      "radius": 25362,
      "orbit_km": 2884443437.6655035,
      "period_days": 30923.8721775982,
      "eccentricity": 0.04691452698873264,
      "perihelion_arg_deg": 91.49124234611953,
      "a_AU": 19.28131345833055,
      "i_deg": 0.7738446124103978,
      "raan_deg": 73.99673704699579,
      "argp_deg": 91.49124234611953,
      "M_deg": 259.6522686823776
    },
    "Netuno": {
      "id": 899,
      "radius": 24622,
      "orbit_km": 4505265498.844645,
      "period_days": 60364.23614673654,
      "eccentricity": 0.01102527255301706,
      "perihelion_arg_deg": 275.5714800842497,
      "a_AU": 30.11583973597724,
      "i_deg": 1.770479745923729,
      "raan_deg": 131.7971355499243,
      "argp_deg": 275.5714800842497,
      "M_deg": 314.7460636255343
    }
  },
  "moons": {
    "Lua": {
      "id": 301,
      "planet": "Terra",
      "radius": 1737,
      "eccentricity": 0.05766273376842149,
      "orbit_km": 386452.74135246646,
      "period_days": 27.5034518364864
    },
    "Io": {
      "id": 501,
      "planet": "Júpiter",
      "radius": 1821,
      "eccentricity": 0.004753555470839744,
      "orbit_km": 422042.5661040994,
      "period_days": 1.771434380449235
    },
    "Europa": {
      "id": 502,
      "planet": "Júpiter",
      "radius": 1560,
      "eccentricity": 0.009606498570715228,
      "orbit_km": 671153.1428226875,
      "period_days": 3.552449026255775
    },
    "Ganymede": {
      "id": 503,
      "planet": "Júpiter",
      "radius": 2634,
      "eccentricity": 0.001710072343092468,
      "orbit_km": 1070686.0844690432,
      "period_days": 7.157760982870026
    },
    "Callisto": {
      "id": 504,
      "planet": "Júpiter",
      "radius": 2410,
      "eccentricity": 0.007088684201170552,
      "orbit_km": 1882761.3395815564,
      "period_days": 16.69096724521876
    },
    "Titan": {
      "id": 606,
      "planet": "Saturno",
      "radius": 2575,
      "eccentricity": 0.02882982606600521,
      "orbit_km": 1221970.0473733665,
      "period_days": 15.9480375095006
    }
  }
}