{
  "generated_at": "2026-05-22T06:53:03.975780+00:00",
  "source": "JPL Horizons",
  "planets": {
    "Mercúrio": {
      "id": 199,
      "radius": 2440,
      "orbit_km": 57909114.22463105,
      "period_days": 87.96920270003696,
      "eccentricity": 0.2056339176652665,
      "perihelion_arg_deg": 29.20192813486901,
      "a_AU": 0.3870985192079412,
      "i_deg": 7.003384615493835,
      "raan_deg": 48.29788550512698,
      "argp_deg": 29.20192813486901,
      "M_deg": 14.66721851704292
    },
    "Vênus": {
      "id": 299,
      "radius": 6052,
      "orbit_km": 108208729.47736277,
      "period_days": 224.7000784379041,
      "eccentricity": 0.00678974992451454,
      "perihelion_arg_deg": 54.86764867823511,
      "a_AU": 0.7233306795814092,
      "i_deg": 3.394372672288549,
      "raan_deg": 76.6067189852078,
      "argp_deg": 54.86764867823511,
      "M_deg": 11.03743718873752
    },
    "Terra": {
      "id": 399,
      "radius": 6371,
      "orbit_km": 149646347.51567712,
      "period_days": 365.4339047972595,
      "eccentricity": 0.01616674494483929,
      "perihelion_arg_deg": 264.7605796055814,
      "a_AU": 1.000324047497804,
      "i_deg": 0.004580413019374126,
      "raan_deg": 198.0383759507243,
      "argp_deg": 264.7605796055814,
      "M_deg": 136.5169674854436
    },
    "Marte": {
      "id": 499,
      "radius": 3390,
      "orbit_km": 227929370.70208704,
      "period_days": 686.9271408148763,
      "eccentricity": 0.09343563998329378,
      "perihelion_arg_deg": 286.6130599846512,
      "a_AU": 1.523613736181922,
      "i_deg": 1.847491597390751,
      "raan_deg": 49.48111826850882,
      "argp_deg": 286.6130599846512,
      "M_deg": 29.72269453637597
    },
    "Júpiter": {
      "id": 599,
      "radius": 69911,
      "orbit_km": 778378393.4640136,
      "period_days": 4333.005879505434,
      "eccentricity": 0.04839080513635944,
      "perihelion_arg_deg": 273.7231409526208,
      "a_AU": 5.203138185201547,
      "i_deg": 1.303621054789007,
      "raan_deg": 100.5184557862154,
      "argp_deg": 273.7231409526208,
      "M_deg": 100.9008552692658
    },
    "Saturno": {
      "id": 699,
      "radius": 58232,
      "orbit_km": 1427362550.3610687,
      "period_days": 10763.40546458195,
      "eccentricity": 0.05541004645737027,
      "perihelion_arg_deg": 338.6808499597834,
      "a_AU": 9.541329322951846,
      "i_deg": 2.487570004934427,
      "raan_deg": 113.6068379162463,
      "argp_deg": 338.6808499597834,
      "M_deg": 280.3497031257808
    },
    "Urano": {
      "id": 799,
      "radius": 25362,
      "orbit_km": 2883103008.2321954,
      "period_days": 30902.3187375962,
      "eccentricity": 0.04724295868201914,
      "perihelion_arg_deg": 91.98166351465152,
      "a_AU": 19.27235324100235,
      "i_deg": 0.7728530389170474,
      "raan_deg": 74.01502158003902,
      "argp_deg": 91.98166351465152,
      "M_deg": 260.4271867223084
    },
    "Netuno": {
      "id": 899,
      "radius": 24622,
      "orbit_km": 4499910332.225679,
      "period_days": 60256.64055791908,
      "eccentricity": 0.01028681126872637,
      "perihelion_arg_deg": 280.4049981698131,
      "a_AU": 30.0800426581585,
      "i_deg": 1.774145431315182,
      "raan_deg": 131.9381504323647,
      "argp_deg": 280.4049981698131,
      "M_deg": 310.4243631248173
    }
  },
  "moons": {
    "Lua": {
      "id": 301,
      "planet": "Terra",
      "radius": 1737,
      "eccentricity": 0.06349962377906804,
      "orbit_km": 380872.3509284422,
      "period_days": 26.90988147937805
    },
    "Io": {
      "id": 501,
      "planet": "Júpiter",
      "radius": 1821,
      "eccentricity": 0.003997346468740758,
      "orbit_km": 422029.45642362756,
      "period_days": 1.771351843424909
    },
    "Europa": {
      "id": 502,
      "planet": "Júpiter",
      "radius": 1560,
      "eccentricity": 0.0093398065011702,
      "orbit_km": 671308.0364448065,
      "period_days": 3.55367888738995
    },
    "Ganymede": {
      "id": 503,
      "planet": "Júpiter",
      "radius": 2634,
      "eccentricity": 0.001494735423780069,
      "orbit_km": 1070921.4877221105,
      "period_days": 7.160121692777164
    },
    "Callisto": {
      "id": 504,
      "planet": "Júpiter",
      "radius": 2410,
      "eccentricity": 0.006848112586462075,
      "orbit_km": 1883962.9237771474,
      "period_days": 16.70694813582033
    },
    "Titan": {
      "id": 606,
      "planet": "Saturno",
      "radius": 2575,
      "eccentricity": 0.02877629574465197,
      "orbit_km": 1221953.4752349001,
      "period_days": 15.94771308396697
    }
  }
}