{
  "generated_at": "2026-02-09T05:06:38.955502+00:00",
  "source": "JPL Horizons",
  "planets": {
    "Mercúrio": {
      "id": 199,
      "radius": 2440,
      "orbit_km": 57909116.98582321,
      "period_days": 87.96920899178942,
      "eccentricity": 0.2056323174136408,
      "perihelion_arg_deg": 29.20087656780569,
      "a_AU": 0.3870985376653707,
      "i_deg": 7.003389087935887,
      "raan_deg": 48.29818388842256,
      "argp_deg": 29.20087656780569,
      "M_deg": 317.2497611408323
    },
    "Vênus": {
      "id": 299,
      "radius": 6052,
      "orbit_km": 108208890.94451186,
      "period_days": 224.700581378306,
      "eccentricity": 0.006785137129991171,
      "perihelion_arg_deg": 54.91098155248925,
      "a_AU": 0.7233317589226347,
      "i_deg": 3.394385092341016,
      "raan_deg": 76.60698694333462,
      "argp_deg": 54.91098155248925,
      "M_deg": 207.5762385112647
    },
    "Terra": {
      "id": 399,
      "radius": 6371,
      "orbit_km": 149582790.222681,
      "period_days": 365.2011207314991,
      "eccentricity": 0.0168084270621498,
      "perihelion_arg_deg": 295.9891912935782,
      "a_AU": 0.9998991932355158,
      "i_deg": 0.004142686817953309,
      "raan_deg": 165.803270985726,
      "argp_deg": 295.9891912935782,
      "M_deg": 36.90282663215419
    },
    "Marte": {
      "id": 499,
      "radius": 3390,
      "orbit_km": 227940811.10373163,
      "period_days": 686.9788596059592,
      "eccentricity": 0.09347992872003764,
      "perihelion_arg_deg": 286.6223039166547,
      "a_AU": 1.523690210543429,
      "i_deg": 1.847480251778937,
      "raan_deg": 49.48244801032534,
      "argp_deg": 286.6223039166547,
      "M_deg": 336.2602446983333
    },
    "Júpiter": {
      "id": 599,
      "radius": 69911,
      "orbit_km": 778298484.4412646,
      "period_days": 4332.338651236386,
      "eccentricity": 0.04829420893638971,
      "perihelion_arg_deg": 273.5705270878423,
      "a_AU": 5.202604026377126,
      "i_deg": 1.303591892369272,
      "raan_deg": 100.5181231158748,
      "argp_deg": 273.5705270878423,
      "M_deg": 92.5925362789584
    },
    "Saturno": {
      "id": 699,
      "radius": 58232,
      "orbit_km": 1428109623.1684036,
      "period_days": 10771.85682082832,
      "eccentricity": 0.05526078896682612,
      "perihelion_arg_deg": 338.0270130901093,
      "a_AU": 9.546323196219154,
      "i_deg": 2.488889299587921,
      "raan_deg": 113.6920185824168,
      "argp_deg": 338.0270130901093,
      "M_deg": 277.4858793871041
    },
    "Urano": {
      "id": 799,
      "radius": 25362,
      "orbit_km": 2884421122.6267443,
      "period_days": 30923.51332185022,
      "eccentricity": 0.0469370227497595,
      "perihelion_arg_deg": 91.45183919553202,
      "a_AU": 19.28116429150983,
      "i_deg": 0.7714731436499972,
      "raan_deg": 74.04083946081728,
      "argp_deg": 91.45183919553202,
      "M_deg": 259.7198456943426
    },
    "Netuno": {
      "id": 899,
      "radius": 24622,
      "orbit_km": 4504989845.215647,
      "period_days": 60358.69617370907,
      "eccentricity": 0.01097515045668442,
      "perihelion_arg_deg": 275.7327230628205,
      "a_AU": 30.11399710527863,
      "i_deg": 1.771135020940551,
      "raan_deg": 131.8219020799456,
      "argp_deg": 275.7327230628205,
      "M_deg": 314.5945777067528
    }
  },
  "moons": {
    "Lua": {
      "id": 301,
      "planet": "Terra",
      "radius": 1737,
      "eccentricity": 0.06610087359511903,
      "orbit_km": 379674.35926660814,
      "period_days": 26.78301830539946
    },
    "Io": {
      "id": 501,
      "planet": "Júpiter",
      "radius": 1821,
      "eccentricity": 0.003558602560901378,
      "orbit_km": 422021.37617493345,
      "period_days": 1.771300971756978
    },
    "Europa": {
      "id": 502,
      "planet": "Júpiter",
      "radius": 1560,
      "eccentricity": 0.009456192736481541,
      "orbit_km": 671303.5382804744,
      "period_days": 3.553643169796892
    },
    "Ganymede": {
      "id": 503,
      "planet": "Júpiter",
      "radius": 2634,
      "eccentricity": 0.001769422878709418,
      "orbit_km": 1070345.998846211,
      "period_days": 7.154350938141975
    },
    "Callisto": {
      "id": 504,
      "planet": "Júpiter",
      "radius": 2410,
      "eccentricity": 0.007010807383280969,
      "orbit_km": 1883156.6841690545,
      "period_days": 16.69622470654136
    },
    "Titan": {
      "id": 606,
      "planet": "Saturno",
      "radius": 2575,
      "eccentricity": 0.02868990122950875,
      "orbit_km": 1221943.6525881847,
      "period_days": 15.94752079133074
    }
  }
}