{
  "generated_at": "2026-07-13T06:24:21.455676+00:00",
  "source": "JPL Horizons",
  "planets": {
    "Mercúrio": {
      "id": 199,
      "radius": 2440,
      "orbit_km": 57909061.60899781,
      "period_days": 87.96908280817753,
      "eccentricity": 0.2056370298573712,
      "perihelion_arg_deg": 29.20147298449706,
      "a_AU": 0.3870981674941568,
      "i_deg": 7.003374405230947,
      "raan_deg": 48.29758494022833,
      "argp_deg": 29.20147298449706,
      "M_deg": 227.469458943936
    },
    "Vênus": {
      "id": 299,
      "radius": 6052,
      "orbit_km": 108207904.15052764,
      "period_days": 224.6975077028275,
      "eccentricity": 0.006781118104896375,
      "perihelion_arg_deg": 54.83594737479747,
      "a_AU": 0.7233251626122754,
      "i_deg": 3.394371730962322,
      "raan_deg": 76.60654979558169,
      "argp_deg": 54.83594737479747,
      "M_deg": 94.38132648802556
    },
    "Terra": {
      "id": 399,
      "radius": 6371,
      "orbit_km": 149731680.63250998,
      "period_days": 365.7465224420681,
      "eccentricity": 0.01576318319619104,
      "perihelion_arg_deg": 268.8929095021791,
      "a_AU": 1.000894464151688,
      "i_deg": 0.002996607305235846,
      "raan_deg": 194.2069082691539,
      "argp_deg": 268.8929095021791,
      "M_deg": 187.4058146947397
    },
    "Marte": {
      "id": 499,
      "radius": 3390,
      "orbit_km": 227926477.3010582,
      "period_days": 686.9140607801562,
      "eccentricity": 0.0934261311834288,
      "perihelion_arg_deg": 286.6084101260279,
      "a_AU": 1.523594394990665,
      "i_deg": 1.847484154390612,
      "raan_deg": 49.48120583261772,
      "argp_deg": 286.6084101260279,
      "M_deg": 56.97951784548066
    },
    "Júpiter": {
      "id": 599,
      "radius": 69911,
      "orbit_km": 778456499.5074488,
      "period_days": 4333.658086269132,
      "eccentricity": 0.04808581827859555,
      "perihelion_arg_deg": 273.7735848979434,
      "a_AU": 5.203660291853665,
      "i_deg": 1.303205447518173,
      "raan_deg": 100.5103490425906,
      "argp_deg": 273.7735848979434,
      "M_deg": 105.2109296819122
    },
    "Saturno": {
      "id": 699,
      "radius": 58232,
      "orbit_km": 1426800749.7511716,
      "period_days": 10757.05148039963,
      "eccentricity": 0.05516100259221507,
      "perihelion_arg_deg": 339.0875249961703,
      "a_AU": 9.537573917829645,
      "i_deg": 2.487070863851423,
      "raan_deg": 113.5627793911915,
      "argp_deg": 339.0875249961703,
      "M_deg": 281.7036160153023
    },
    "Urano": {
      "id": 799,
      "radius": 25362,
      "orbit_km": 2882296608.4935017,
      "period_days": 30889.35464347241,
      "eccentricity": 0.0473678323171936,
      "perihelion_arg_deg": 92.29908505783408,
      "a_AU": 19.26696279169368,
      "i_deg": 0.7726319741746507,
      "raan_deg": 74.01849984202917,
      "argp_deg": 92.29908505783408,
      "M_deg": 260.7195388046978
    },
    "Netuno": {
      "id": 899,
      "radius": 24622,
      "orbit_km": 4499359974.485784,
      "period_days": 60245.58644020517,
      "eccentricity": 0.01004097808041409,
      "perihelion_arg_deg": 280.0608205418068,
      "a_AU": 30.07636374389775,
      "i_deg": 1.775525239727806,
      "raan_deg": 131.9931235521779,
      "argp_deg": 280.0608205418068,
      "M_deg": 310.9991224978501
    }
  },
  "moons": {
    "Lua": {
      "id": 301,
      "planet": "Terra",
      "radius": 1737,
      "eccentricity": 0.06834008623244334,
      "orbit_km": 385442.51779000805,
      "period_days": 27.39567745829088
    },
    "Io": {
      "id": 501,
      "planet": "Júpiter",
      "radius": 1821,
      "eccentricity": 0.004311836029282807,
      "orbit_km": 422029.90313938534,
      "period_days": 1.771354655874297
    },
    "Europa": {
      "id": 502,
      "planet": "Júpiter",
      "radius": 1560,
      "eccentricity": 0.009178823062748398,
      "orbit_km": 671312.7969963738,
      "period_days": 3.553716688594474
    },
    "Ganymede": {
      "id": 503,
      "planet": "Júpiter",
      "radius": 2634,
      "eccentricity": 0.002287202782010443,
      "orbit_km": 1070834.2514897299,
      "period_days": 7.159246825674521
    },
    "Callisto": {
      "id": 504,
      "planet": "Júpiter",
      "radius": 2410,
      "eccentricity": 0.00756661008829007,
      "orbit_km": 1883665.1127792553,
      "period_days": 16.70298681880102
    },
    "Titan": {
      "id": 606,
      "planet": "Saturno",
      "radius": 2575,
      "eccentricity": 0.02879648145648347,
      "orbit_km": 1221946.5028772273,
      "period_days": 15.94757658981643
    }
  }
}