{
  "generated_at": "2026-03-16T05:22:16.357098+00:00",
  "source": "JPL Horizons",
  "planets": {
    "Mercúrio": {
      "id": 199,
      "radius": 2440,
      "orbit_km": 57909158.30120208,
      "period_days": 87.96930313452643,
      "eccentricity": 0.2056343042095934,
      "perihelion_arg_deg": 29.20101159825346,
      "a_AU": 0.3870988138416203,
      "i_deg": 7.00339283419605,
      "raan_deg": 48.29805769962189,
      "argp_deg": 29.20101159825346,
      "M_deg": 100.4814835731554
    },
    "Vênus": {
      "id": 299,
      "radius": 6052,
      "orbit_km": 108208208.82049315,
      "period_days": 224.6984566902972,
      "eccentricity": 0.006789322164847666,
      "perihelion_arg_deg": 54.95174235999517,
      "a_AU": 0.7233271992052034,
      "i_deg": 3.394386591753303,
      "raan_deg": 76.60688180777277,
      "argp_deg": 54.95174235999517,
      "M_deg": 263.6105309067481
    },
    "Terra": {
      "id": 399,
      "radius": 6371,
      "orbit_km": 149706489.60921314,
      "period_days": 365.6542259261178,
      "eccentricity": 0.01710503325596603,
      "perihelion_arg_deg": 293.2552183859224,
      "a_AU": 1.000726072561761,
      "i_deg": 0.00139849654826308,
      "raan_deg": 171.6971457778961,
      "argp_deg": 293.2552183859224,
      "M_deg": 68.25634676882697
    },
    "Marte": {
      "id": 499,
      "radius": 3390,
      "orbit_km": 227937749.84438387,
      "period_days": 686.9650203988565,
      "eccentricity": 0.09346665265554767,
      "perihelion_arg_deg": 286.6211756489595,
      "a_AU": 1.523669747288615,
      "i_deg": 1.847479790333659,
      "raan_deg": 49.48185246242357,
      "argp_deg": 286.6211756489595,
      "M_deg": 354.6026359059421
    },
    "Júpiter": {
      "id": 599,
      "radius": 69911,
      "orbit_km": 778327728.1618156,
      "period_days": 4332.582827911792,
      "eccentricity": 0.04832481963797182,
      "perihelion_arg_deg": 273.6204205236712,
      "a_AU": 5.202799508574929,
      "i_deg": 1.303611863847325,
      "raan_deg": 100.5183385859442,
      "argp_deg": 273.6204205236712,
      "M_deg": 95.44653397967082
    },
    "Saturno": {
      "id": 699,
      "radius": 58232,
      "orbit_km": 1428032243.353337,
      "period_days": 10770.98134917233,
      "eccentricity": 0.05539887060623273,
      "perihelion_arg_deg": 338.1028977898534,
      "a_AU": 9.545805944103837,
      "i_deg": 2.488836476125046,
      "raan_deg": 113.692124136501,
      "argp_deg": 338.1028977898534,
      "M_deg": 278.5959012314931
    },
    "Urano": {
      "id": 799,
      "radius": 25362,
      "orbit_km": 2883927120.3484316,
      "period_days": 30915.56945826865,
      "eccentricity": 0.04705078099857892,
      "perihelion_arg_deg": 91.6290397802097,
      "a_AU": 19.27786209024185,
      "i_deg": 0.7707682007576606,
      "raan_deg": 74.05274533559687,
      "argp_deg": 91.6290397802097,
      "M_deg": 259.9468738101618
    },
    "Netuno": {
      "id": 899,
      "radius": 24622,
      "orbit_km": 4504150769.61265,
      "period_days": 60341.8338212465,
      "eccentricity": 0.01084607807140105,
      "perihelion_arg_deg": 276.4735275216182,
      "a_AU": 30.10838823130823,
      "i_deg": 1.769834915490533,
      "raan_deg": 131.7725041703002,
      "argp_deg": 276.4735275216182,
      "M_deg": 314.1116712218464
    }
  },
  "moons": {
    "Lua": {
      "id": 301,
      "planet": "Terra",
      "radius": 1737,
      "eccentricity": 0.05853198172249532,
      "orbit_km": 384284.55617177,
      "period_days": 27.27231546415478
    },
    "Io": {
      "id": 501,
      "planet": "Júpiter",
      "radius": 1821,
      "eccentricity": 0.004029548223497639,
      "orbit_km": 422025.9448893304,
      "period_days": 1.771329735430846
    },
    "Europa": {
      "id": 502,
      "planet": "Júpiter",
      "radius": 1560,
      "eccentricity": 0.009331507796833454,
      "orbit_km": 671339.0776409269,
      "period_days": 3.553925372712214
    },
    "Ganymede": {
      "id": 503,
      "planet": "Júpiter",
      "radius": 2634,
      "eccentricity": 0.001510039827147687,
      "orbit_km": 1070392.4071294642,
      "period_days": 7.154816242927702
    },
    "Callisto": {
      "id": 504,
      "planet": "Júpiter",
      "radius": 2410,
      "eccentricity": 0.007019572926603388,
      "orbit_km": 1883239.7539329177,
      "period_days": 16.69732947393853
    },
    "Titan": {
      "id": 606,
      "planet": "Saturno",
      "radius": 2575,
      "eccentricity": 0.02869598344420074,
      "orbit_km": 1221942.356034555,
      "period_days": 15.94749540946009
    }
  }
}