{
  "generated_at": "2026-03-23T05:08:47.773026+00:00",
  "source": "JPL Horizons",
  "planets": {
    "Mercúrio": {
      "id": 199,
      "radius": 2440,
      "orbit_km": 57909146.0932149,
      "period_days": 87.96927531695576,
      "eccentricity": 0.2056345997650607,
      "perihelion_arg_deg": 29.20098361892104,
      "a_AU": 0.3870987322362664,
      "i_deg": 7.003394943424142,
      "raan_deg": 48.29805136043257,
      "argp_deg": 29.20098361892104,
      "M_deg": 129.1278571528469
    },
    "Vênus": {
      "id": 299,
      "radius": 6052,
      "orbit_km": 108208223.50454669,
      "period_days": 224.6985024282913,
      "eccentricity": 0.006789554933390666,
      "perihelion_arg_deg": 54.95056902493247,
      "a_AU": 0.7233272973620386,
      "i_deg": 3.394386882984834,
      "raan_deg": 76.60687799896309,
      "argp_deg": 54.95056902493247,
      "M_deg": 274.8267640017988
    },
    "Terra": {
      "id": 399,
      "radius": 6371,
      "orbit_km": 149679508.55556387,
      "period_days": 365.555379592374,
      "eccentricity": 0.01646983022878006,
      "perihelion_arg_deg": 288.7133614112639,
      "a_AU": 1.000545715357992,
      "i_deg": 0.002890454201982938,
      "raan_deg": 176.3144910670998,
      "argp_deg": 288.7133614112639,
      "M_deg": 75.14423419073528
    },
    "Marte": {
      "id": 499,
      "radius": 3390,
      "orbit_km": 227936993.90137073,
      "period_days": 686.9616029791182,
      "eccentricity": 0.09346358120076684,
      "perihelion_arg_deg": 286.6207213480874,
      "a_AU": 1.523664694121684,
      "i_deg": 1.847480631644604,
      "raan_deg": 49.48173323276183,
      "argp_deg": 286.6207213480874,
      "M_deg": 358.2714045750593
    },
    "Júpiter": {
      "id": 599,
      "radius": 69911,
      "orbit_km": 778260289.537029,
      "period_days": 4332.019741654048,
      "eccentricity": 0.04828317672697876,
      "perihelion_arg_deg": 273.5114743674566,
      "a_AU": 5.202348709212137,
      "i_deg": 1.303673745980976,
      "raan_deg": 100.5191119223553,
      "argp_deg": 273.5114743674566,
      "M_deg": 96.14282373923767
    },
    "Saturno": {
      "id": 699,
      "radius": 58232,
      "orbit_km": 1427316708.5068917,
      "period_days": 10762.88694477569,
      "eccentricity": 0.05529264878933585,
      "perihelion_arg_deg": 338.7388245365953,
      "a_AU": 9.541022889083754,
      "i_deg": 2.486803870389902,
      "raan_deg": 113.5597073589674,
      "argp_deg": 338.7388245365953,
      "M_deg": 278.3185766985569
    },
    "Urano": {
      "id": 799,
      "radius": 25362,
      "orbit_km": 2883845904.0150604,
      "period_days": 30914.26351428332,
      "eccentricity": 0.04706612799177638,
      "perihelion_arg_deg": 91.7039730693378,
      "a_AU": 19.27731919258568,
      "i_deg": 0.7731641087921062,
      "raan_deg": 74.00960653091235,
      "argp_deg": 91.7039730693378,
      "M_deg": 259.9976226500543
    },
    "Netuno": {
      "id": 899,
      "radius": 24622,
      "orbit_km": 4502717587.38531,
      "period_days": 60313.03572972272,
      "eccentricity": 0.01062126392532878,
      "perihelion_arg_deg": 277.4708420474354,
      "a_AU": 30.09880799984749,
      "i_deg": 1.774781021090246,
      "raan_deg": 131.9605699752834,
      "argp_deg": 277.4708420474354,
      "M_deg": 312.9666580755028
    }
  },
  "moons": {
    "Lua": {
      "id": 301,
      "planet": "Terra",
      "radius": 1737,
      "eccentricity": 0.04097322625652092,
      "orbit_km": 382525.20243742986,
      "period_days": 27.08524045989279
    },
    "Io": {
      "id": 501,
      "planet": "Júpiter",
      "radius": 1821,
      "eccentricity": 0.004144389671122866,
      "orbit_km": 422027.2144591849,
      "period_days": 1.771337728405755
    },
    "Europa": {
      "id": 502,
      "planet": "Júpiter",
      "radius": 1560,
      "eccentricity": 0.009292343669232164,
      "orbit_km": 671340.389477842,
      "period_days": 3.553935789593035
    },
    "Ganymede": {
      "id": 503,
      "planet": "Júpiter",
      "radius": 2634,
      "eccentricity": 0.001573477417083039,
      "orbit_km": 1070375.4855011755,
      "period_days": 7.154646579921455
    },
    "Callisto": {
      "id": 504,
      "planet": "Júpiter",
      "radius": 2410,
      "eccentricity": 0.007202947768412387,
      "orbit_km": 1882905.4008518541,
      "period_days": 16.69288296965668
    },
    "Titan": {
      "id": 606,
      "planet": "Saturno",
      "radius": 2575,
      "eccentricity": 0.02880411779508604,
      "orbit_km": 1221939.6872621798,
      "period_days": 15.94744316450956
    }
  }
}