{
  "generated_at": "2026-04-24T05:40:24.362398+00:00",
  "source": "JPL Horizons",
  "planets": {
    "Mercúrio": {
      "id": 199,
      "radius": 2440,
      "orbit_km": 57909149.36199168,
      "period_days": 87.96928276531102,
      "eccentricity": 0.2056336861021308,
      "perihelion_arg_deg": 29.20149909737417,
      "a_AU": 0.3870987540866896,
      "i_deg": 7.003384346528029,
      "raan_deg": 48.29794804666108,
      "argp_deg": 29.20149909737417,
      "M_deg": 260.0820100095241
    },
    "Vênus": {
      "id": 299,
      "radius": 6052,
      "orbit_km": 108208772.18287392,
      "period_days": 224.7002114576618,
      "eccentricity": 0.006791156027747209,
      "perihelion_arg_deg": 54.90631968887351,
      "a_AU": 0.7233309650501191,
      "i_deg": 3.394381626947176,
      "raan_deg": 76.60687109216292,
      "argp_deg": 54.90631968887351,
      "M_deg": 326.1393704196789
    },
    "Terra": {
      "id": 399,
      "radius": 6371,
      "orbit_km": 149603748.08095968,
      "period_days": 365.2778752305239,
      "eccentricity": 0.01627242769908037,
      "perihelion_arg_deg": 274.2972498078584,
      "a_AU": 1.000039287865076,
      "i_deg": 0.004890986443328498,
      "raan_deg": 188.3708937201869,
      "argp_deg": 274.2972498078584,
      "M_deg": 109.0531163672884
    },
    "Marte": {
      "id": 499,
      "radius": 3390,
      "orbit_km": 227933036.55616403,
      "period_days": 686.9437129537176,
      "eccentricity": 0.09344843681145208,
      "perihelion_arg_deg": 286.6174835618182,
      "a_AU": 1.523638240902877,
      "i_deg": 1.84748726372233,
      "raan_deg": 49.48127569178607,
      "argp_deg": 286.6174835618182,
      "M_deg": 15.04438652641505
    },
    "Júpiter": {
      "id": 599,
      "radius": 69911,
      "orbit_km": 778499275.9608115,
      "period_days": 4334.015295187868,
      "eccentricity": 0.04824130915308751,
      "perihelion_arg_deg": 273.8811139906307,
      "a_AU": 5.20394623478295,
      "i_deg": 1.30328152156059,
      "raan_deg": 100.5137109870243,
      "argp_deg": 273.8811139906307,
      "M_deg": 98.43526401144337
    },
    "Saturno": {
      "id": 699,
      "radius": 58232,
      "orbit_km": 1427148150.2008386,
      "period_days": 10760.98044383713,
      "eccentricity": 0.05526810858833241,
      "perihelion_arg_deg": 338.859693830341,
      "a_AU": 9.539896146401759,
      "i_deg": 2.486840037086731,
      "raan_deg": 113.5575822208901,
      "argp_deg": 338.859693830341,
      "M_deg": 279.2687156600186
    },
    "Urano": {
      "id": 799,
      "radius": 25362,
      "orbit_km": 2883500334.040095,
      "period_days": 30908.70701703182,
      "eccentricity": 0.04715626520944865,
      "perihelion_arg_deg": 91.86327215702174,
      "a_AU": 19.27500919998118,
      "i_deg": 0.7748592356473013,
      "raan_deg": 73.98031778309513,
      "argp_deg": 91.86327215702174,
      "M_deg": 260.2476231024399
    },
    "Netuno": {
      "id": 899,
      "radius": 24622,
      "orbit_km": 4501650875.742913,
      "period_days": 60291.60440332851,
      "eccentricity": 0.01063918800079759,
      "perihelion_arg_deg": 279.5423791478692,
      "a_AU": 30.09167747293955,
      "i_deg": 1.767638597041235,
      "raan_deg": 131.6874841533144,
      "argp_deg": 279.5423791478692,
      "M_deg": 311.3859012500823
    }
  },
  "moons": {
    "Lua": {
      "id": 301,
      "planet": "Terra",
      "radius": 1737,
      "eccentricity": 0.04984642348015098,
      "orbit_km": 380212.6347975181,
      "period_days": 26.83999509971308
    },
    "Io": {
      "id": 501,
      "planet": "Júpiter",
      "radius": 1821,
      "eccentricity": 0.003609820900207806,
      "orbit_km": 422024.46422340715,
      "period_days": 1.771320413449665
    },
    "Europa": {
      "id": 502,
      "planet": "Júpiter",
      "radius": 1560,
      "eccentricity": 0.009483024292838883,
      "orbit_km": 671287.3829563657,
      "period_days": 3.553514889722759
    },
    "Ganymede": {
      "id": 503,
      "planet": "Júpiter",
      "radius": 2634,
      "eccentricity": 0.001387305937046173,
      "orbit_km": 1070853.0296776893,
      "period_days": 7.159435143714957
    },
    "Callisto": {
      "id": 504,
      "planet": "Júpiter",
      "radius": 2410,
      "eccentricity": 0.007328035556302321,
      "orbit_km": 1882953.2414821594,
      "period_days": 16.69351916979331
    },
    "Titan": {
      "id": 606,
      "planet": "Saturno",
      "radius": 2575,
      "eccentricity": 0.02881380780498843,
      "orbit_km": 1221954.7362091036,
      "period_days": 15.94773776943216
    }
  }
}