{
  "generated_at": "2026-02-23T05:03:49.634791+00:00",
  "source": "JPL Horizons",
  "planets": {
    "Mercúrio": {
      "id": 199,
      "radius": 2440,
      "orbit_km": 57909121.78338061,
      "period_days": 87.9692199236779,
      "eccentricity": 0.2056325906665336,
      "perihelion_arg_deg": 29.20103479787281,
      "a_AU": 0.3870985697350612,
      "i_deg": 7.003388159041132,
      "raan_deg": 48.29817026231905,
      "argp_deg": 29.20103479787281,
      "M_deg": 14.54243779879229
    },
    "Vênus": {
      "id": 299,
      "radius": 6052,
      "orbit_km": 108208522.83129421,
      "period_days": 224.6994347740443,
      "eccentricity": 0.006787605546093142,
      "perihelion_arg_deg": 54.93115239368073,
      "a_AU": 0.7233292982377604,
      "i_deg": 3.394385217913487,
      "raan_deg": 76.60692312307903,
      "argp_deg": 54.93115239368073,
      "M_deg": 229.9859992531073
    },
    "Terra": {
      "id": 399,
      "radius": 6371,
      "orbit_km": 149641417.79315868,
      "period_days": 365.4158474947301,
      "eccentricity": 0.01656809536450954,
      "perihelion_arg_deg": 280.0152812437112,
      "a_AU": 1.000291094338141,
      "i_deg": 0.002687098917594471,
      "raan_deg": 184.555349641445,
      "argp_deg": 280.0152812437112,
      "M_deg": 48.01029012945844
    },
    "Marte": {
      "id": 499,
      "radius": 3390,
      "orbit_km": 227939716.29623643,
      "period_days": 686.973910237539,
      "eccentricity": 0.0934750608108559,
      "perihelion_arg_deg": 286.6222087269351,
      "a_AU": 1.523682892207345,
      "i_deg": 1.847479101387517,
      "raan_deg": 49.48218794820058,
      "argp_deg": 286.6222087269351,
      "M_deg": 343.5968377060075
    },
    "Júpiter": {
      "id": 599,
      "radius": 69911,
      "orbit_km": 778266869.9268078,
      "period_days": 4332.074684272352,
      "eccentricity": 0.04830402653804882,
      "perihelion_arg_deg": 273.5229459504543,
      "a_AU": 5.202392696400911,
      "i_deg": 1.303662965606406,
      "raan_deg": 100.5188430580492,
      "argp_deg": 273.5229459504543,
      "M_deg": 93.80218524421747
    },
    "Saturno": {
      "id": 699,
      "radius": 58232,
      "orbit_km": 1427807849.6580408,
      "period_days": 10768.44270338622,
      "eccentricity": 0.05520129573925536,
      "perihelion_arg_deg": 338.2782780156128,
      "a_AU": 9.54430596489794,
      "i_deg": 2.488201395774574,
      "raan_deg": 113.6508969368105,
      "argp_deg": 338.2782780156128,
      "M_deg": 277.7383223057403
    },
    "Urano": {
      "id": 799,
      "radius": 25362,
      "orbit_km": 2884239668.151501,
      "period_days": 30920.59534209194,
      "eccentricity": 0.0469764549928601,
      "perihelion_arg_deg": 91.56054108001642,
      "a_AU": 19.27995134326134,
      "i_deg": 0.7735678855186641,
      "raan_deg": 74.00211759752976,
      "argp_deg": 91.56054108001642,
      "M_deg": 259.8157366950076
    },
    "Netuno": {
      "id": 899,
      "radius": 24622,
      "orbit_km": 4502470482.517167,
      "period_days": 60308.07091459419,
      "eccentricity": 0.01074167291488283,
      "perihelion_arg_deg": 278.5087986374376,
      "a_AU": 30.09715620582805,
      "i_deg": 1.773433509833468,
      "raan_deg": 131.9088050065603,
      "argp_deg": 278.5087986374376,
      "M_deg": 311.8374966303926
    }
  },
  "moons": {
    "Lua": {
      "id": 301,
      "planet": "Terra",
      "radius": 1737,
      "eccentricity": 0.0277527791697297,
      "orbit_km": 380883.27194001427,
      "period_days": 26.91103889563442
    },
    "Io": {
      "id": 501,
      "planet": "Júpiter",
      "radius": 1821,
      "eccentricity": 0.003710933723771833,
      "orbit_km": 422022.8362210905,
      "period_days": 1.771310163886427
    },
    "Europa": {
      "id": 502,
      "planet": "Júpiter",
      "radius": 1560,
      "eccentricity": 0.009421516639527937,
      "orbit_km": 671318.8257110658,
      "period_days": 3.553764559852568
    },
    "Ganymede": {
      "id": 503,
      "planet": "Júpiter",
      "radius": 2634,
      "eccentricity": 0.001347372155759595,
      "orbit_km": 1070399.0057969687,
      "period_days": 7.154882404168044
    },
    "Callisto": {
      "id": 504,
      "planet": "Júpiter",
      "radius": 2410,
      "eccentricity": 0.007136109229998983,
      "orbit_km": 1883173.4385762278,
      "period_days": 16.69644752600048
    },
    "Titan": {
      "id": 606,
      "planet": "Saturno",
      "radius": 2575,
      "eccentricity": 0.0287177485158443,
      "orbit_km": 1221957.9093902442,
      "period_days": 15.94779988927844
    }
  }
}