{
  "generated_at": "2026-03-15T05:10:54.628869+00:00",
  "source": "JPL Horizons",
  "planets": {
    "Mercúrio": {
      "id": 199,
      "radius": 2440,
      "orbit_km": 57909161.05774606,
      "period_days": 87.96930941568979,
      "eccentricity": 0.2056342440867791,
      "perihelion_arg_deg": 29.20102052891981,
      "a_AU": 0.3870988322679787,
      "i_deg": 7.003392310697079,
      "raan_deg": 48.29806022681404,
      "argp_deg": 29.20102052891981,
      "M_deg": 96.38914062565283
    },
    "Vênus": {
      "id": 299,
      "radius": 6052,
      "orbit_km": 108208211.79163782,
      "period_days": 224.6984659448394,
      "eccentricity": 0.006789284246469853,
      "perihelion_arg_deg": 54.95154797597893,
      "a_AU": 0.7233272190660788,
      "i_deg": 3.394386527977967,
      "raan_deg": 76.60688281296564,
      "argp_deg": 54.95154797597893,
      "M_deg": 262.0085731769615
    },
    "Terra": {
      "id": 399,
      "radius": 6371,
      "orbit_km": 149687350.48412165,
      "period_days": 365.5841079408148,
      "eccentricity": 0.01712247648700791,
      "perihelion_arg_deg": 292.3764207181596,
      "a_AU": 1.000598135412643,
      "i_deg": 0.001627623714167597,
      "raan_deg": 172.0937487989844,
      "argp_deg": 292.3764207181596,
      "M_deg": 67.74620059394935
    },
    "Marte": {
      "id": 499,
      "radius": 3390,
      "orbit_km": 227937853.72197846,
      "period_days": 686.9654900026102,
      "eccentricity": 0.09346708046115731,
      "perihelion_arg_deg": 286.6212346686013,
      "a_AU": 1.523670441667446,
      "i_deg": 1.84747969331348,
      "raan_deg": 49.4818698863882,
      "argp_deg": 286.6212346686013,
      "M_deg": 354.0785338714005
    },
    "Júpiter": {
      "id": 599,
      "radius": 69911,
      "orbit_km": 778148770.87611,
      "period_days": 4331.088657785474,
      "eccentricity": 0.04822731619762126,
      "perihelion_arg_deg": 273.3320390683463,
      "a_AU": 5.201603253007464,
      "i_deg": 1.303764269680991,
      "raan_deg": 100.520080487868,
      "argp_deg": 273.3320390683463,
      "M_deg": 95.66552405628474
    },
    "Saturno": {
      "id": 699,
      "radius": 58232,
      "orbit_km": 1428052177.9422197,
      "period_days": 10771.20688592269,
      "eccentricity": 0.0553516349233178,
      "perihelion_arg_deg": 338.0705507430671,
      "a_AU": 9.545939198599969,
      "i_deg": 2.488999216855809,
      "raan_deg": 113.7026196521731,
      "argp_deg": 338.0705507430671,
      "M_deg": 278.5787619420501
    },
    "Urano": {
      "id": 799,
      "radius": 25362,
      "orbit_km": 2883886074.976688,
      "period_days": 30914.90945379918,
      "eccentricity": 0.04704626222270805,
      "perihelion_arg_deg": 91.67013868998282,
      "a_AU": 19.27758771887846,
      "i_deg": 0.7720073673274448,
      "raan_deg": 74.03036712241098,
      "argp_deg": 91.67013868998282,
      "M_deg": 259.9155875932694
    },
    "Netuno": {
      "id": 899,
      "radius": 24622,
      "orbit_km": 4504125973.980752,
      "period_days": 60341.33554357437,
      "eccentricity": 0.01094287432734246,
      "perihelion_arg_deg": 277.1461402092325,
      "a_AU": 30.10822248274656,
      "i_deg": 1.766079534238314,
      "raan_deg": 131.6287000870919,
      "argp_deg": 277.1461402092325,
      "M_deg": 313.5927146506024
    }
  },
  "moons": {
    "Lua": {
      "id": 301,
      "planet": "Terra",
      "radius": 1737,
      "eccentricity": 0.06046170012232087,
      "orbit_km": 382828.13119267416,
      "period_days": 27.11742078022419
    },
    "Io": {
      "id": 501,
      "planet": "Júpiter",
      "radius": 1821,
      "eccentricity": 0.003966578949441037,
      "orbit_km": 422029.45605428674,
      "period_days": 1.771351841099601
    },
    "Europa": {
      "id": 502,
      "planet": "Júpiter",
      "radius": 1560,
      "eccentricity": 0.009379258913083175,
      "orbit_km": 671309.6852994022,
      "period_days": 3.553691980120213
    },
    "Ganymede": {
      "id": 503,
      "planet": "Júpiter",
      "radius": 2634,
      "eccentricity": 0.001620954000255812,
      "orbit_km": 1070877.8692495974,
      "period_days": 7.159684251198088
    },
    "Callisto": {
      "id": 504,
      "planet": "Júpiter",
      "radius": 2410,
      "eccentricity": 0.007381403886163291,
      "orbit_km": 1882103.910460549,
      "period_days": 16.68222569386305
    },
    "Titan": {
      "id": 606,
      "planet": "Saturno",
      "radius": 2575,
      "eccentricity": 0.02868813458552606,
      "orbit_km": 1221937.1526338784,
      "period_days": 15.94739354566964
    }
  }
}