{
  "generated_at": "2026-06-09T06:53:42.049292+00:00",
  "source": "JPL Horizons",
  "planets": {
    "Mercúrio": {
      "id": 199,
      "radius": 2440,
      "orbit_km": 57909141.626614004,
      "period_days": 87.96926513919469,
      "eccentricity": 0.2056366437560999,
      "perihelion_arg_deg": 29.20169554920077,
      "a_AU": 0.3870987023788836,
      "i_deg": 7.003389781935099,
      "raan_deg": 48.29773057952301,
      "argp_deg": 29.20169554920077,
      "M_deg": 88.32939277434109
    },
    "Vênus": {
      "id": 299,
      "radius": 6052,
      "orbit_km": 108208234.25316031,
      "period_days": 224.6985359081513,
      "eccentricity": 0.006785800712342851,
      "perihelion_arg_deg": 54.84738462083843,
      "a_AU": 0.7233273692120827,
      "i_deg": 3.394371285972274,
      "raan_deg": 76.60659842304689,
      "argp_deg": 54.84738462083843,
      "M_deg": 39.89630923597868
    },
    "Terra": {
      "id": 399,
      "radius": 6371,
      "orbit_km": 149623944.22006816,
      "period_days": 365.351845152867,
      "eccentricity": 0.01666958555651169,
      "perihelion_arg_deg": 320.7977209961629,
      "a_AU": 1.00017429071648,
      "i_deg": 0.00369571029543307,
      "raan_deg": 143.6024529714491,
      "argp_deg": 320.7977209961629,
      "M_deg": 152.566779894905
    },
    "Marte": {
      "id": 499,
      "radius": 3390,
      "orbit_km": 227927486.10071954,
      "period_days": 686.9186211944191,
      "eccentricity": 0.0934299438305411,
      "perihelion_arg_deg": 286.6098443412964,
      "a_AU": 1.52360113839989,
      "i_deg": 1.847489587937125,
      "raan_deg": 49.48115697669237,
      "argp_deg": 286.6098443412964,
      "M_deg": 39.15918932978258
    },
    "Júpiter": {
      "id": 599,
      "radius": 69911,
      "orbit_km": 778369749.6707921,
      "period_days": 4332.933703485677,
      "eccentricity": 0.04822534670267895,
      "perihelion_arg_deg": 273.6746433399965,
      "a_AU": 5.203080405012691,
      "i_deg": 1.30344605384126,
      "raan_deg": 100.515486170407,
      "argp_deg": 273.6746433399965,
      "M_deg": 102.467574738701
    },
    "Saturno": {
      "id": 699,
      "radius": 58232,
      "orbit_km": 1427028592.9077432,
      "period_days": 10759.62824356182,
      "eccentricity": 0.05532404043224955,
      "perihelion_arg_deg": 338.9543060078398,
      "a_AU": 9.53909695525996,
      "i_deg": 2.486995198899393,
      "raan_deg": 113.561742923833,
      "argp_deg": 338.9543060078398,
      "M_deg": 280.7166137049548
    },
    "Urano": {
      "id": 799,
      "radius": 25362,
      "orbit_km": 2882899202.670604,
      "period_days": 30899.04208405478,
      "eccentricity": 0.04728856141507549,
      "perihelion_arg_deg": 92.05891318450092,
      "a_AU": 19.27099088496989,
      "i_deg": 0.7727909603961205,
      "raan_deg": 74.01607312133947,
      "argp_deg": 92.05891318450092,
      "M_deg": 260.562076797757
    },
    "Netuno": {
      "id": 899,
      "radius": 24622,
      "orbit_km": 4499478854.479724,
      "period_days": 60247.97412649923,
      "eccentricity": 0.01024065140622702,
      "perihelion_arg_deg": 280.9426138880925,
      "a_AU": 30.07715840757434,
      "i_deg": 1.772625374707202,
      "raan_deg": 131.8799790997926,
      "argp_deg": 280.9426138880925,
      "M_deg": 310.0546539464903
    }
  },
  "moons": {
    "Lua": {
      "id": 301,
      "planet": "Terra",
      "radius": 1737,
      "eccentricity": 0.06672656600254545,
      "orbit_km": 380259.02828035934,
      "period_days": 26.8449077672135
    },
    "Io": {
      "id": 501,
      "planet": "Júpiter",
      "radius": 1821,
      "eccentricity": 0.00348505014954201,
      "orbit_km": 422021.3421072134,
      "period_days": 1.771300757274296
    },
    "Europa": {
      "id": 502,
      "planet": "Júpiter",
      "radius": 1560,
      "eccentricity": 0.00949206044108353,
      "orbit_km": 671275.3558745434,
      "period_days": 3.553419390632526
    },
    "Ganymede": {
      "id": 503,
      "planet": "Júpiter",
      "radius": 2634,
      "eccentricity": 0.001622867157292855,
      "orbit_km": 1070406.5636946165,
      "period_days": 7.154958183336451
    },
    "Callisto": {
      "id": 504,
      "planet": "Júpiter",
      "radius": 2410,
      "eccentricity": 0.007245545626839127,
      "orbit_km": 1883140.0260494666,
      "period_days": 16.69600316860846
    },
    "Titan": {
      "id": 606,
      "planet": "Saturno",
      "radius": 2575,
      "eccentricity": 0.0288197864622874,
      "orbit_km": 1221970.6470194557,
      "period_days": 15.94804924855204
    }
  }
}