{
  "generated_at": "2026-06-15T09:28:05.248943+00:00",
  "source": "JPL Horizons",
  "planets": {
    "Mercúrio": {
      "id": 199,
      "radius": 2440,
      "orbit_km": 57909072.04199606,
      "period_days": 87.9691065811753,
      "eccentricity": 0.2056375017452013,
      "perihelion_arg_deg": 29.20140190549096,
      "a_AU": 0.3870982372344426,
      "i_deg": 7.003393816815084,
      "raan_deg": 48.29771122021651,
      "argp_deg": 29.20140190549096,
      "M_deg": 112.8837173280232
    },
    "Vênus": {
      "id": 299,
      "radius": 6052,
      "orbit_km": 108208084.40685575,
      "period_days": 224.6980691659414,
      "eccentricity": 0.006784601169847033,
      "perihelion_arg_deg": 54.84109208474596,
      "a_AU": 0.723326367551405,
      "i_deg": 3.394371551658659,
      "raan_deg": 76.60657273617231,
      "argp_deg": 54.84109208474596,
      "M_deg": 49.51555363860212
    },
    "Terra": {
      "id": 399,
      "radius": 6371,
      "orbit_km": 149739629.7437405,
      "period_days": 365.7756485264445,
      "eccentricity": 0.01578446396686929,
      "perihelion_arg_deg": 276.4608180645713,
      "a_AU": 1.000947600678253,
      "i_deg": 0.003420447737609094,
      "raan_deg": 187.7001623283926,
      "argp_deg": 276.4608180645713,
      "M_deg": 158.7636351525967
    },
    "Marte": {
      "id": 499,
      "radius": 3390,
      "orbit_km": 227927062.51599854,
      "period_days": 686.9167063216086,
      "eccentricity": 0.09342873730208152,
      "perihelion_arg_deg": 286.6090692821758,
      "a_AU": 1.523598306910919,
      "i_deg": 1.84748880772138,
      "raan_deg": 49.48116821012298,
      "argp_deg": 286.6090692821758,
      "M_deg": 42.3044333104969
    },
    "Júpiter": {
      "id": 599,
      "radius": 69911,
      "orbit_km": 778223010.4303596,
      "period_days": 4331.708486099279,
      "eccentricity": 0.04812447534625569,
      "perihelion_arg_deg": 273.4117595299045,
      "a_AU": 5.202099513775765,
      "i_deg": 1.303583549203388,
      "raan_deg": 100.5178894927666,
      "argp_deg": 273.4117595299045,
      "M_deg": 103.244934171932
    },
    "Saturno": {
      "id": 699,
      "radius": 58232,
      "orbit_km": 1427279242.645655,
      "period_days": 10762.46317248305,
      "eccentricity": 0.05511888036300533,
      "perihelion_arg_deg": 338.6312702111377,
      "a_AU": 9.540772445270205,
      "i_deg": 2.488265165518551,
      "raan_deg": 113.6603343391175,
      "argp_deg": 338.6312702111377,
      "M_deg": 281.1156178569479
    },
    "Urano": {
      "id": 799,
      "radius": 25362,
      "orbit_km": 2882784019.676174,
      "period_days": 30897.19029785326,
      "eccentricity": 0.04730109308905657,
      "perihelion_arg_deg": 92.12249826560499,
      "a_AU": 19.27022093420862,
      "i_deg": 0.7737960605175968,
      "raan_deg": 73.9994034855036,
      "argp_deg": 92.12249826560499,
      "M_deg": 260.5854949966826
    },
    "Netuno": {
      "id": 899,
      "radius": 24622,
      "orbit_km": 4499399089.989358,
      "period_days": 60246.37206507976,
      "eccentricity": 0.01023183588443588,
      "perihelion_arg_deg": 281.0532190202337,
      "a_AU": 30.07662521488923,
      "i_deg": 1.772032450234483,
      "raan_deg": 131.8571088882321,
      "argp_deg": 281.0532190202337,
      "M_deg": 310.0031249449562
    }
  },
  "moons": {
    "Lua": {
      "id": 301,
      "planet": "Terra",
      "radius": 1737,
      "eccentricity": 0.07474283511541716,
      "orbit_km": 386050.9755771516,
      "period_days": 27.46057308823784
    },
    "Io": {
      "id": 501,
      "planet": "Júpiter",
      "radius": 1821,
      "eccentricity": 0.004654394554392788,
      "orbit_km": 422041.1602150911,
      "period_days": 1.7714255290741
    },
    "Europa": {
      "id": 502,
      "planet": "Júpiter",
      "radius": 1560,
      "eccentricity": 0.009165539255287288,
      "orbit_km": 671306.4252068253,
      "period_days": 3.553666093369955
    },
    "Ganymede": {
      "id": 503,
      "planet": "Júpiter",
      "radius": 2634,
      "eccentricity": 0.002003369172685236,
      "orbit_km": 1070729.6985995544,
      "period_days": 7.158198341735505
    },
    "Callisto": {
      "id": 504,
      "planet": "Júpiter",
      "radius": 2410,
      "eccentricity": 0.007744240541392936,
      "orbit_km": 1884081.6400178794,
      "period_days": 16.70852732081655
    },
    "Titan": {
      "id": 606,
      "planet": "Saturno",
      "radius": 2575,
      "eccentricity": 0.02871460922395229,
      "orbit_km": 1221942.663614547,
      "period_days": 15.94750143077214
    }
  }
}