{
  "generated_at": "2026-02-14T04:45:51.487294+00:00",
  "source": "JPL Horizons",
  "planets": {
    "Mercúrio": {
      "id": 199,
      "radius": 2440,
      "orbit_km": 57909083.35896076,
      "period_days": 87.96913236841262,
      "eccentricity": 0.2056320348121855,
      "perihelion_arg_deg": 29.20100451676529,
      "a_AU": 0.3870983128836791,
      "i_deg": 7.003390078249152,
      "raan_deg": 48.2981803024424,
      "argp_deg": 29.20100451676529,
      "M_deg": 337.7113646831037
    },
    "Vênus": {
      "id": 299,
      "radius": 6052,
      "orbit_km": 108208763.32198055,
      "period_days": 224.7001838576179,
      "eccentricity": 0.006786056378589977,
      "perihelion_arg_deg": 54.91750952844001,
      "a_AU": 0.7233309058187053,
      "i_deg": 3.39438497503277,
      "raan_deg": 76.60695880114618,
      "argp_deg": 54.91750952844001,
      "M_deg": 215.5803852372355
    },
    "Terra": {
      "id": 399,
      "radius": 6371,
      "orbit_km": 149700498.51908246,
      "period_days": 365.6322765218595,
      "eccentricity": 0.01731322472039549,
      "perihelion_arg_deg": 276.4207108775614,
      "a_AU": 1.000686024597825,
      "i_deg": 0.002328074578350704,
      "raan_deg": 187.4137851873614,
      "argp_deg": 276.4207108775614,
      "M_deg": 39.80412437320454
    },
    "Marte": {
      "id": 499,
      "radius": 3390,
      "orbit_km": 227940466.25487563,
      "period_days": 686.9773006237193,
      "eccentricity": 0.09347838350326475,
      "perihelion_arg_deg": 286.6223340594046,
      "a_AU": 1.523687905371207,
      "i_deg": 1.847479641472972,
      "raan_deg": 49.4823447558384,
      "argp_deg": 286.6223340594046,
      "M_deg": 338.880406046792
    },
    "Júpiter": {
      "id": 599,
      "radius": 69911,
      "orbit_km": 778375518.8902187,
      "period_days": 4332.981876654586,
      "eccentricity": 0.0481630178983987,
      "perihelion_arg_deg": 273.6831722111783,
      "a_AU": 5.203118969862576,
      "i_deg": 1.303313717995091,
      "raan_deg": 100.5155405539933,
      "argp_deg": 273.6831722111783,
      "M_deg": 92.91179376036789
    },
    "Saturno": {
      "id": 699,
      "radius": 58232,
      "orbit_km": 1428028856.4237425,
      "period_days": 10770.94303014904,
      "eccentricity": 0.05547370366481879,
      "perihelion_arg_deg": 338.156231699524,
      "a_AU": 9.545783303877885,
      "i_deg": 2.488210450789821,
      "raan_deg": 113.6504877869842,
      "argp_deg": 338.156231699524,
      "M_deg": 277.5901858356798
    },
    "Urano": {
      "id": 799,
      "radius": 25362,
      "orbit_km": 2884089050.8178344,
      "period_days": 30918.17332587932,
      "eccentricity": 0.04695579700165529,
      "perihelion_arg_deg": 91.63272596391928,
      "a_AU": 19.27894452857232,
      "i_deg": 0.7736857826106363,
      "raan_deg": 73.99979416902413,
      "argp_deg": 91.63272596391928,
      "M_deg": 259.6372114058609
    },
    "Netuno": {
      "id": 899,
      "radius": 24622,
      "orbit_km": 4505177998.394605,
      "period_days": 60362.47758039309,
      "eccentricity": 0.01107324522350092,
      "perihelion_arg_deg": 276.087496420128,
      "a_AU": 30.11525483159571,
      "i_deg": 1.767024888973564,
      "raan_deg": 131.6658564347929,
      "argp_deg": 276.087496420128,
      "M_deg": 314.4366640704602
    }
  },
  "moons": {
    "Lua": {
      "id": 301,
      "planet": "Terra",
      "radius": 1737,
      "eccentricity": 0.05473736302536709,
      "orbit_km": 384034.2774070882,
      "period_days": 27.24567672798334
    },
    "Io": {
      "id": 501,
      "planet": "Júpiter",
      "radius": 1821,
      "eccentricity": 0.004138898958067162,
      "orbit_km": 422027.4738132192,
      "period_days": 1.77133936125184
    },
    "Europa": {
      "id": 502,
      "planet": "Júpiter",
      "radius": 1560,
      "eccentricity": 0.009707428793291985,
      "orbit_km": 671224.451541298,
      "period_days": 3.553015202513652
    },
    "Ganymede": {
      "id": 503,
      "planet": "Júpiter",
      "radius": 2634,
      "eccentricity": 0.001574627994882957,
      "orbit_km": 1070591.265161441,
      "period_days": 7.156810173491134
    },
    "Callisto": {
      "id": 504,
      "planet": "Júpiter",
      "radius": 2410,
      "eccentricity": 0.007567771586849228,
      "orbit_km": 1883658.1559452028,
      "period_days": 16.70289428658862
    },
    "Titan": {
      "id": 606,
      "planet": "Saturno",
      "radius": 2575,
      "eccentricity": 0.02873168991938517,
      "orbit_km": 1221954.673032269,
      "period_days": 15.94773653265037
    }
  }
}