{
  "generated_at": "2026-03-04T04:45:36.292034+00:00",
  "source": "JPL Horizons",
  "planets": {
    "Mercúrio": {
      "id": 199,
      "radius": 2440,
      "orbit_km": 57909172.179487795,
      "period_days": 87.9693347581046,
      "eccentricity": 0.2056334702733901,
      "perihelion_arg_deg": 29.20108151651328,
      "a_AU": 0.3870989066122303,
      "i_deg": 7.003387104511932,
      "raan_deg": 48.29812097170091,
      "argp_deg": 29.20108151651328,
      "M_deg": 51.37341773868394
    },
    "Vênus": {
      "id": 299,
      "radius": 6052,
      "orbit_km": 108208327.42380816,
      "period_days": 224.6988261168328,
      "eccentricity": 0.006788646522336265,
      "perihelion_arg_deg": 54.94370688409298,
      "a_AU": 0.7233279920193956,
      "i_deg": 3.39438572974474,
      "raan_deg": 76.60690084229925,
      "argp_deg": 54.94370688409298,
      "M_deg": 244.3927546374747
    },
    "Terra": {
      "id": 399,
      "radius": 6371,
      "orbit_km": 149461631.24582654,
      "period_days": 364.7575025219224,
      "eccentricity": 0.0162698618091389,
      "perihelion_arg_deg": 290.3821821341897,
      "a_AU": 0.9990892954990872,
      "i_deg": 0.005587124464113205,
      "raan_deg": 169.9016894789802,
      "argp_deg": 290.3821821341897,
      "M_deg": 61.1196864140957
    },
    "Marte": {
      "id": 499,
      "radius": 3390,
      "orbit_km": 227938914.76376554,
      "period_days": 686.9702867043924,
      "eccentricity": 0.09347155277778486,
      "perihelion_arg_deg": 286.6218274542517,
      "a_AU": 1.523677534293712,
      "i_deg": 1.847479074131789,
      "raan_deg": 49.48205186912133,
      "argp_deg": 286.6218274542517,
      "M_deg": 348.3135137395379
    },
    "Júpiter": {
      "id": 599,
      "radius": 69911,
      "orbit_km": 778370216.1557355,
      "period_days": 4332.937598643416,
      "eccentricity": 0.04822165691909447,
      "perihelion_arg_deg": 273.6765548797139,
      "a_AU": 5.203083523271936,
      "i_deg": 1.3034373966477,
      "raan_deg": 100.5164930389997,
      "argp_deg": 273.6765548797139,
      "M_deg": 94.40623896613849
    },
    "Saturno": {
      "id": 699,
      "radius": 58232,
      "orbit_km": 1427651974.3819034,
      "period_days": 10766.67934828802,
      "eccentricity": 0.05544802059877692,
      "perihelion_arg_deg": 338.4863509312238,
      "a_AU": 9.543264003034393,
      "i_deg": 2.487262311386528,
      "raan_deg": 113.5910210178712,
      "argp_deg": 338.4863509312238,
      "M_deg": 277.9202641260549
    },
    "Urano": {
      "id": 799,
      "radius": 25362,
      "orbit_km": 2884049497.680449,
      "period_days": 30917.53729841475,
      "eccentricity": 0.04701266322732357,
      "perihelion_arg_deg": 91.59650086365824,
      "a_AU": 19.27868013217951,
      "i_deg": 0.7714546251681772,
      "raan_deg": 74.04060368922929,
      "argp_deg": 91.59650086365824,
      "M_deg": 259.8485144659625
    },
    "Netuno": {
      "id": 899,
      "radius": 24622,
      "orbit_km": 4504622835.979727,
      "period_days": 60351.32043639923,
      "eccentricity": 0.01094445654086397,
      "perihelion_arg_deg": 276.2619937870025,
      "a_AU": 30.11154380006645,
      "i_deg": 1.76859063082474,
      "raan_deg": 131.725163932438,
      "argp_deg": 276.2619937870025,
      "M_deg": 314.303186184219
    }
  },
  "moons": {
    "Lua": {
      "id": 301,
      "planet": "Terra",
      "radius": 1737,
      "eccentricity": 0.04650794220022755,
      "orbit_km": 386956.79197477514,
      "period_days": 27.55727854013456
    },
    "Io": {
      "id": 501,
      "planet": "Júpiter",
      "radius": 1821,
      "eccentricity": 0.003479681066395704,
      "orbit_km": 422021.2497586775,
      "period_days": 1.771300175868785
    },
    "Europa": {
      "id": 502,
      "planet": "Júpiter",
      "radius": 1560,
      "eccentricity": 0.009558458195527796,
      "orbit_km": 671266.5528019053,
      "period_days": 3.553349491805956
    },
    "Ganymede": {
      "id": 503,
      "planet": "Júpiter",
      "radius": 2634,
      "eccentricity": 0.001328032453471358,
      "orbit_km": 1070412.4822670643,
      "period_days": 7.15501752601755
    },
    "Callisto": {
      "id": 504,
      "planet": "Júpiter",
      "radius": 2410,
      "eccentricity": 0.00744446557957885,
      "orbit_km": 1883208.8179625254,
      "period_days": 16.69691804520157
    },
    "Titan": {
      "id": 606,
      "planet": "Saturno",
      "radius": 2575,
      "eccentricity": 0.02877595498069452,
      "orbit_km": 1221915.7037405279,
      "period_days": 15.94697365610134
    }
  }
}