{
  "generated_at": "2026-01-21T04:09:15.738449+00:00",
  "source": "JPL Horizons",
  "planets": {
    "Mercúrio": {
      "id": 199,
      "radius": 2440,
      "orbit_km": 57909339.40604658,
      "period_days": 87.96971580706101,
      "eccentricity": 0.2056355731479985,
      "perihelion_arg_deg": 29.1994993177348,
      "a_AU": 0.3871000244527316,
      "i_deg": 7.003385970700303,
      "raan_deg": 48.29850066580482,
      "argp_deg": 29.1994993177348,
      "M_deg": 239.4970060317885
    },
    "Vênus": {
      "id": 299,
      "radius": 6052,
      "orbit_km": 108209240.3318466,
      "period_days": 224.7016696567266,
      "eccentricity": 0.006782271094345762,
      "perihelion_arg_deg": 54.89269190382964,
      "a_AU": 0.7233340944327131,
      "i_deg": 3.394387433371212,
      "raan_deg": 76.60708509639916,
      "argp_deg": 54.89269190382964,
      "M_deg": 177.1541667717456
    },
    "Terra": {
      "id": 399,
      "radius": 6371,
      "orbit_km": 149718210.9595396,
      "period_days": 365.6971704088533,
      "eccentricity": 0.01735005488697821,
      "perihelion_arg_deg": 252.4139390738156,
      "a_AU": 1.000804424949209,
      "i_deg": 0.002753922152041314,
      "raan_deg": 211.9009277018177,
      "argp_deg": 252.4139390738156,
      "M_deg": 15.71804988173875
    },
    "Marte": {
      "id": 499,
      "radius": 3390,
      "orbit_km": 227941482.03173152,
      "period_days": 686.9818927202741,
      "eccentricity": 0.09348338944652716,
      "perihelion_arg_deg": 286.6223534361151,
      "a_AU": 1.523694695420097,
      "i_deg": 1.847484230763112,
      "raan_deg": 49.48283372772989,
      "argp_deg": 286.6223534361151,
      "M_deg": 326.3034571633769
    },
    "Júpiter": {
      "id": 599,
      "radius": 69911,
      "orbit_km": 778220025.1291811,
      "period_days": 4331.6835611577,
      "eccentricity": 0.04831269490306726,
      "perihelion_arg_deg": 273.4493153990267,
      "a_AU": 5.202079558269951,
      "i_deg": 1.303724559781662,
      "raan_deg": 100.5191546068889,
      "argp_deg": 273.4493153990267,
      "M_deg": 91.13271336065449
    },
    "Saturno": {
      "id": 699,
      "radius": 58232,
      "orbit_km": 1427806647.02406,
      "period_days": 10768.42909809712,
      "eccentricity": 0.05521514521483838,
      "perihelion_arg_deg": 338.319650666955,
      "a_AU": 9.54429792578632,
      "i_deg": 2.487604787412875,
      "raan_deg": 113.6147485430198,
      "argp_deg": 338.319650666955,
      "M_deg": 276.6314309175353
    },
    "Urano": {
      "id": 799,
      "radius": 25362,
      "orbit_km": 2884418111.454135,
      "period_days": 30923.46489826293,
      "eccentricity": 0.04688771621827209,
      "perihelion_arg_deg": 91.4650061325416,
      "a_AU": 19.28114416306418,
      "i_deg": 0.7715346361804853,
      "raan_deg": 74.04000771452918,
      "argp_deg": 91.4650061325416,
      "M_deg": 259.480502149517
    },
    "Netuno": {
      "id": 899,
      "radius": 24622,
      "orbit_km": 4505566747.105994,
      "period_days": 60370.29070395539,
      "eccentricity": 0.01119350025214612,
      "perihelion_arg_deg": 276.1205343342425,
      "a_AU": 30.11785345622566,
      "i_deg": 1.765849013992798,
      "raan_deg": 131.6218915013742,
      "argp_deg": 276.1205343342425,
      "M_deg": 314.3141824597947
    }
  },
  "moons": {
    "Lua": {
      "id": 301,
      "planet": "Terra",
      "radius": 1737,
      "eccentricity": 0.0385536039075953,
      "orbit_km": 385889.6545531185,
      "period_days": 27.44336225899765
    },
    "Io": {
      "id": 501,
      "planet": "Júpiter",
      "radius": 1821,
      "eccentricity": 0.003734698284475035,
      "orbit_km": 422022.22389405756,
      "period_days": 1.77130630880818
    },
    "Europa": {
      "id": 502,
      "planet": "Júpiter",
      "radius": 1560,
      "eccentricity": 0.009350416300229283,
      "orbit_km": 671325.266239843,
      "period_days": 3.553815701374901
    },
    "Ganymede": {
      "id": 503,
      "planet": "Júpiter",
      "radius": 2634,
      "eccentricity": 0.001755077949308038,
      "orbit_km": 1070354.370769852,
      "period_days": 7.154434877069586
    },
    "Callisto": {
      "id": 504,
      "planet": "Júpiter",
      "radius": 2410,
      "eccentricity": 0.006954126047543743,
      "orbit_km": 1883247.7269640318,
      "period_days": 16.69743551073076
    },
    "Titan": {
      "id": 606,
      "planet": "Saturno",
      "radius": 2575,
      "eccentricity": 0.02876513730120409,
      "orbit_km": 1221958.2773319317,
      "period_days": 15.94780709230172
    }
  }
}