{
  "generated_at": "2026-06-17T08:31:54.398141+00:00",
  "source": "JPL Horizons",
  "planets": {
    "Mercúrio": {
      "id": 199,
      "radius": 2440,
      "orbit_km": 57909054.01870875,
      "period_days": 87.9690655126785,
      "eccentricity": 0.2056377296937403,
      "perihelion_arg_deg": 29.20132900207635,
      "a_AU": 0.3870981167562083,
      "i_deg": 7.003394392361639,
      "raan_deg": 48.29770988709239,
      "argp_deg": 29.20132900207635,
      "M_deg": 121.0684834191871
    },
    "Vênus": {
      "id": 299,
      "radius": 6052,
      "orbit_km": 108208041.26479809,
      "period_days": 224.6979347868493,
      "eccentricity": 0.006784243932834787,
      "perihelion_arg_deg": 54.83922456929145,
      "a_AU": 0.7233260791645619,
      "i_deg": 3.394371673894761,
      "raan_deg": 76.60656578346261,
      "argp_deg": 54.83922456929145,
      "M_deg": 52.7217450995974
    },
    "Terra": {
      "id": 399,
      "radius": 6371,
      "orbit_km": 149725475.66433883,
      "period_days": 365.7237875538106,
      "eccentricity": 0.01580276694959576,
      "perihelion_arg_deg": 261.8427245314596,
      "a_AU": 1.000852986501357,
      "i_deg": 0.003737372252556984,
      "raan_deg": 201.4770240908983,
      "argp_deg": 261.8427245314596,
      "M_deg": 161.5980786492561
    },
    "Marte": {
      "id": 499,
      "radius": 3390,
      "orbit_km": 227926944.9423696,
      "period_days": 686.9161748142134,
      "eccentricity": 0.09342840106071656,
      "perihelion_arg_deg": 286.6088546401016,
      "a_AU": 1.523597520979753,
      "i_deg": 1.847488526208434,
      "raan_deg": 49.48117183662612,
      "argp_deg": 286.6088546401016,
      "M_deg": 43.35280866792881
    },
    "Júpiter": {
      "id": 599,
      "radius": 69911,
      "orbit_km": 778086813.6222827,
      "period_days": 4330.571397408321,
      "eccentricity": 0.04829273263130299,
      "perihelion_arg_deg": 273.2369187210221,
      "a_AU": 5.201189094346399,
      "i_deg": 1.303927420090065,
      "raan_deg": 100.5240111459621,
      "argp_deg": 273.2369187210221,
      "M_deg": 103.5659555499379
    },
    "Saturno": {
      "id": 699,
      "radius": 58232,
      "orbit_km": 1427527241.6257176,
      "period_days": 10765.26836548499,
      "eccentricity": 0.0551956840726896,
      "perihelion_arg_deg": 338.4221187351553,
      "a_AU": 9.54243021605867,
      "i_deg": 2.488818960008364,
      "raan_deg": 113.7033498742698,
      "argp_deg": 338.4221187351553,
      "M_deg": 281.355051951501
    },
    "Urano": {
      "id": 799,
      "radius": 25362,
      "orbit_km": 2882582768.598562,
      "period_days": 30893.95489193546,
      "eccentricity": 0.0473114075804509,
      "perihelion_arg_deg": 92.2064784002163,
      "a_AU": 19.26887565384687,
      "i_deg": 0.7737757905539632,
      "raan_deg": 73.9997263019131,
      "argp_deg": 92.2064784002163,
      "M_deg": 260.5238834623461
    },
    "Netuno": {
      "id": 899,
      "radius": 24622,
      "orbit_km": 4501477590.498444,
      "period_days": 60288.12316550463,
      "eccentricity": 0.0104641196653065,
      "perihelion_arg_deg": 279.0289810317288,
      "a_AU": 30.09051913262589,
      "i_deg": 1.766258206504848,
      "raan_deg": 131.632089189469,
      "argp_deg": 279.0289810317288,
      "M_deg": 312.2542191154932
    }
  },
  "moons": {
    "Lua": {
      "id": 301,
      "planet": "Terra",
      "radius": 1737,
      "eccentricity": 0.07338455609967687,
      "orbit_km": 384980.9205323185,
      "period_days": 27.34647952795468
    },
    "Io": {
      "id": 501,
      "planet": "Júpiter",
      "radius": 1821,
      "eccentricity": 0.004758044069987591,
      "orbit_km": 422042.7159378569,
      "period_days": 1.771435323792564
    },
    "Europa": {
      "id": 502,
      "planet": "Júpiter",
      "radius": 1560,
      "eccentricity": 0.00960664760679994,
      "orbit_km": 671158.1836073546,
      "period_days": 3.552489048040065
    },
    "Ganymede": {
      "id": 503,
      "planet": "Júpiter",
      "radius": 2634,
      "eccentricity": 0.001798351205682595,
      "orbit_km": 1070767.679656002,
      "period_days": 7.158579219859964
    },
    "Callisto": {
      "id": 504,
      "planet": "Júpiter",
      "radius": 2410,
      "eccentricity": 0.007165630678032615,
      "orbit_km": 1883777.24442194,
      "period_days": 16.70447829508039
    },
    "Titan": {
      "id": 606,
      "planet": "Saturno",
      "radius": 2575,
      "eccentricity": 0.02867185324527832,
      "orbit_km": 1221947.3659942646,
      "period_days": 15.94759348658006
    }
  }
}