{
  "generated_at": "2026-06-25T06:52:19.374515+00:00",
  "source": "JPL Horizons",
  "planets": {
    "Mercúrio": {
      "id": 199,
      "radius": 2440,
      "orbit_km": 57909023.26482952,
      "period_days": 87.96899543582167,
      "eccentricity": 0.2056381279947876,
      "perihelion_arg_deg": 29.20120088795135,
      "a_AU": 0.3870979111792232,
      "i_deg": 7.003392386662802,
      "raan_deg": 48.29770805206025,
      "argp_deg": 29.20120088795135,
      "M_deg": 153.8074271741572
    },
    "Vênus": {
      "id": 299,
      "radius": 6052,
      "orbit_km": 108207911.52060628,
      "period_days": 224.697530659168,
      "eccentricity": 0.006783028872430891,
      "perihelion_arg_deg": 54.83361068952619,
      "a_AU": 0.7233252118782082,
      "i_deg": 3.394372167090574,
      "raan_deg": 76.60654699278903,
      "argp_deg": 54.83361068952619,
      "M_deg": 65.54467742846035
    },
    "Terra": {
      "id": 399,
      "radius": 6371,
      "orbit_km": 149529126.65117663,
      "period_days": 365.0046117754704,
      "eccentricity": 0.0170472299970952,
      "perihelion_arg_deg": 273.0412199828592,
      "a_AU": 0.9995404744165028,
      "i_deg": 0.003580206801439843,
      "raan_deg": 188.6700754209797,
      "argp_deg": 273.0412199828592,
      "M_deg": 171.1078234240699
    },
    "Marte": {
      "id": 499,
      "radius": 3390,
      "orbit_km": 227926584.87485847,
      "period_days": 686.9145470814775,
      "eccentricity": 0.09342731453822692,
      "perihelion_arg_deg": 286.6082261738253,
      "a_AU": 1.523595114077105,
      "i_deg": 1.847487341720645,
      "raan_deg": 49.48118490094684,
      "argp_deg": 286.6082261738253,
      "M_deg": 47.54610245391538
    },
    "Júpiter": {
      "id": 599,
      "radius": 69911,
      "orbit_km": 778342142.1132065,
      "period_days": 4332.703181957678,
      "eccentricity": 0.04825731670252669,
      "perihelion_arg_deg": 273.6387300045809,
      "a_AU": 5.202895859888777,
      "i_deg": 1.303532807717648,
      "raan_deg": 100.51689105465,
      "argp_deg": 273.6387300045809,
      "M_deg": 103.8288071390759
    },
    "Saturno": {
      "id": 699,
      "radius": 58232,
      "orbit_km": 1426968760.4444268,
      "period_days": 10758.95155601966,
      "eccentricity": 0.05529721214582199,
      "perihelion_arg_deg": 338.9918463081485,
      "a_AU": 9.538696999946183,
      "i_deg": 2.487049002092369,
      "raan_deg": 113.563496170095,
      "argp_deg": 338.9918463081485,
      "M_deg": 281.2102148524106
    },
    "Urano": {
      "id": 799,
      "radius": 25362,
      "orbit_km": 2882714508.7853785,
      "period_days": 30896.07279567854,
      "eccentricity": 0.04732118090740956,
      "perihelion_arg_deg": 92.15053017167745,
      "a_AU": 19.26975628260315,
      "i_deg": 0.7739420536368358,
      "raan_deg": 73.99717333509149,
      "argp_deg": 92.15053017167745,
      "M_deg": 260.6779363946001
    },
    "Netuno": {
      "id": 899,
      "radius": 24622,
      "orbit_km": 4500179554.351877,
      "period_days": 60262.04822018182,
      "eccentricity": 0.01015153867768649,
      "perihelion_arg_deg": 279.2733708111851,
      "a_AU": 30.08184229691631,
      "i_deg": 1.774840694919368,
      "raan_deg": 131.9660136667735,
      "argp_deg": 279.2733708111851,
      "M_deg": 311.7049695325128
    }
  },
  "moons": {
    "Lua": {
      "id": 301,
      "planet": "Terra",
      "radius": 1737,
      "eccentricity": 0.06116889754858576,
      "orbit_km": 382318.32996243966,
      "period_days": 27.06327158151365
    },
    "Io": {
      "id": 501,
      "planet": "Júpiter",
      "radius": 1821,
      "eccentricity": 0.003574089351803746,
      "orbit_km": 422021.4266170878,
      "period_days": 1.77130128932942
    },
    "Europa": {
      "id": 502,
      "planet": "Júpiter",
      "radius": 1560,
      "eccentricity": 0.009405721388236633,
      "orbit_km": 671300.411153346,
      "period_days": 3.553618338970627
    },
    "Ganymede": {
      "id": 503,
      "planet": "Júpiter",
      "radius": 2634,
      "eccentricity": 0.002016609284298592,
      "orbit_km": 1070366.5359496714,
      "period_days": 7.154556848684495
    },
    "Callisto": {
      "id": 504,
      "planet": "Júpiter",
      "radius": 2410,
      "eccentricity": 0.007162012649950871,
      "orbit_km": 1883156.8639154334,
      "period_days": 16.69622709701106
    },
    "Titan": {
      "id": 606,
      "planet": "Saturno",
      "radius": 2575,
      "eccentricity": 0.02879557553598339,
      "orbit_km": 1221930.922545297,
      "period_days": 15.94727158332374
    }
  }
}