{
  "generated_at": "2026-05-28T06:58:28.392274+00:00",
  "source": "JPL Horizons",
  "planets": {
    "Mercúrio": {
      "id": 199,
      "radius": 2440,
      "orbit_km": 57909170.846061215,
      "period_days": 87.96933171970899,
      "eccentricity": 0.2056348278492195,
      "perihelion_arg_deg": 29.20196693646637,
      "a_AU": 0.3870988976988241,
      "i_deg": 7.003383015826488,
      "raan_deg": 48.29784655506644,
      "argp_deg": 29.20196693646637,
      "M_deg": 39.22119419286634
    },
    "Vênus": {
      "id": 299,
      "radius": 6052,
      "orbit_km": 108208580.36087085,
      "period_days": 224.6996139678556,
      "eccentricity": 0.006788547415422697,
      "perihelion_arg_deg": 54.86106286578718,
      "a_AU": 0.7233296827992276,
      "i_deg": 3.394371679529703,
      "raan_deg": 76.60667086170291,
      "argp_deg": 54.86106286578718,
      "M_deg": 20.65684637667231
    },
    "Terra": {
      "id": 399,
      "radius": 6371,
      "orbit_km": 149497430.526634,
      "period_days": 364.8885612897227,
      "eccentricity": 0.01704562213620832,
      "perihelion_arg_deg": 270.7484287103369,
      "a_AU": 0.9993285989105594,
      "i_deg": 0.004112150401507268,
      "raan_deg": 190.2877389413858,
      "argp_deg": 270.7484287103369,
      "M_deg": 144.1769448834222
    },
    "Marte": {
      "id": 499,
      "radius": 3390,
      "orbit_km": 227928642.38587233,
      "period_days": 686.923848349054,
      "eccentricity": 0.09343334822265155,
      "perihelion_arg_deg": 286.611890569643,
      "a_AU": 1.523608867688732,
      "i_deg": 1.847491096079172,
      "raan_deg": 49.48112952762525,
      "argp_deg": 286.611890569643,
      "M_deg": 32.86827387473941
    },
    "Júpiter": {
      "id": 599,
      "radius": 69911,
      "orbit_km": 778267967.085277,
      "period_days": 4332.083844961868,
      "eccentricity": 0.04820499988966937,
      "perihelion_arg_deg": 273.5067189321962,
      "a_AU": 5.202400030452285,
      "i_deg": 1.303623807258826,
      "raan_deg": 100.5185554045824,
      "argp_deg": 273.5067189321962,
      "M_deg": 101.6418765078387
    },
    "Saturno": {
      "id": 699,
      "radius": 58232,
      "orbit_km": 1427097253.6164467,
      "period_days": 10760.40479344018,
      "eccentricity": 0.055135757062276,
      "perihelion_arg_deg": 338.8276168514698,
      "a_AU": 9.539555923749166,
      "i_deg": 2.487499255795254,
      "raan_deg": 113.601967946876,
      "argp_deg": 338.8276168514698,
      "M_deg": 280.379129967396
    },
    "Urano": {
      "id": 799,
      "radius": 25362,
      "orbit_km": 2883129570.2945905,
      "period_days": 30902.74579372636,
      "eccentricity": 0.04725230639146557,
      "perihelion_arg_deg": 91.99271113156325,
      "a_AU": 19.27253079742258,
      "i_deg": 0.7743067051459857,
      "raan_deg": 73.99064406131873,
      "argp_deg": 91.99271113156325,
      "M_deg": 260.5117482188015
    },
    "Netuno": {
      "id": 899,
      "radius": 24622,
      "orbit_km": 4499744326.270505,
      "period_days": 60253.30620183942,
      "eccentricity": 0.01026906241010362,
      "perihelion_arg_deg": 280.6069277714065,
      "a_AU": 30.07893297688832,
      "i_deg": 1.773680950121769,
      "raan_deg": 131.9204529543662,
      "argp_deg": 280.6069277714065,
      "M_deg": 310.2768312435881
    }
  },
  "moons": {
    "Lua": {
      "id": 301,
      "planet": "Terra",
      "radius": 1737,
      "eccentricity": 0.05316804719494064,
      "orbit_km": 384502.526961883,
      "period_days": 27.2955225288115
    },
    "Io": {
      "id": 501,
      "planet": "Júpiter",
      "radius": 1821,
      "eccentricity": 0.003915852456544432,
      "orbit_km": 422024.50356469257,
      "period_days": 1.771320661134441
    },
    "Europa": {
      "id": 502,
      "planet": "Júpiter",
      "radius": 1560,
      "eccentricity": 0.009341977967170772,
      "orbit_km": 671331.1056923954,
      "period_days": 3.553862070216518
    },
    "Ganymede": {
      "id": 503,
      "planet": "Júpiter",
      "radius": 2634,
      "eccentricity": 0.001508609560575126,
      "orbit_km": 1070383.4010694863,
      "period_days": 7.154725944405058
    },
    "Callisto": {
      "id": 504,
      "planet": "Júpiter",
      "radius": 2410,
      "eccentricity": 0.007437705205076006,
      "orbit_km": 1883111.2102535383,
      "period_days": 16.69561994688333
    },
    "Titan": {
      "id": 606,
      "planet": "Saturno",
      "radius": 2575,
      "eccentricity": 0.02876729846739224,
      "orbit_km": 1221975.1741593983,
      "period_days": 15.94813787480236
    }
  }
}