{
  "generated_at": "2026-02-16T05:04:47.413274+00:00",
  "source": "JPL Horizons",
  "planets": {
    "Mercúrio": {
      "id": 199,
      "radius": 2440,
      "orbit_km": 57909083.08838833,
      "period_days": 87.96913175187666,
      "eccentricity": 0.2056320496573335,
      "perihelion_arg_deg": 29.20102004398869,
      "a_AU": 0.3870983110750141,
      "i_deg": 7.003389967739417,
      "raan_deg": 48.29818024187796,
      "argp_deg": 29.20102004398869,
      "M_deg": 345.8960440299898
    },
    "Vênus": {
      "id": 299,
      "radius": 6052,
      "orbit_km": 108208709.68402492,
      "period_days": 224.7000167853314,
      "eccentricity": 0.006786425010900477,
      "perihelion_arg_deg": 54.92037839316534,
      "a_AU": 0.7233305472711178,
      "i_deg": 3.39438499112754,
      "raan_deg": 76.60694910184469,
      "argp_deg": 54.92037839316534,
      "M_deg": 218.7817912840587
    },
    "Terra": {
      "id": 399,
      "radius": 6371,
      "orbit_km": 149726917.59655407,
      "period_days": 365.7290707246782,
      "eccentricity": 0.01734200429307776,
      "perihelion_arg_deg": 264.4693414963957,
      "a_AU": 1.000862625222874,
      "i_deg": 0.001901981299273174,
      "raan_deg": 200.140909592409,
      "argp_deg": 264.4693414963957,
      "M_deg": 41.01518301017177
    },
    "Marte": {
      "id": 499,
      "radius": 3390,
      "orbit_km": 227940309.84131667,
      "period_days": 686.9765935144387,
      "eccentricity": 0.09347768866972794,
      "perihelion_arg_deg": 286.6223301571513,
      "a_AU": 1.523686859811145,
      "i_deg": 1.847479467011406,
      "raan_deg": 49.48230712489789,
      "argp_deg": 286.6223301571513,
      "M_deg": 339.9284814902382
    },
    "Júpiter": {
      "id": 599,
      "radius": 69911,
      "orbit_km": 778318710.7792752,
      "period_days": 4332.507534865864,
      "eccentricity": 0.04823052254333182,
      "perihelion_arg_deg": 273.5985676873365,
      "a_AU": 5.202739231095722,
      "i_deg": 1.303492003718608,
      "raan_deg": 100.5171996361897,
      "argp_deg": 273.5985676873365,
      "M_deg": 93.15408449631708
    },
    "Saturno": {
      "id": 699,
      "radius": 58232,
      "orbit_km": 1427734165.438318,
      "period_days": 10767.60913107325,
      "eccentricity": 0.05546616742511977,
      "perihelion_arg_deg": 338.4288262678939,
      "a_AU": 9.543813416311668,
      "i_deg": 2.487231189570384,
      "raan_deg": 113.5902649267679,
      "argp_deg": 338.4288262678939,
      "M_deg": 277.4452119916969
    },
    "Urano": {
      "id": 799,
      "radius": 25362,
      "orbit_km": 2884110106.5919957,
      "period_days": 30918.51191143534,
      "eccentricity": 0.04696350165776172,
      "perihelion_arg_deg": 91.60137524555711,
      "a_AU": 19.27908527772913,
      "i_deg": 0.772572809679074,
      "raan_deg": 74.020301264406,
      "argp_deg": 91.60137524555711,
      "M_deg": 259.6724521338242
    },
    "Netuno": {
      "id": 899,
      "radius": 24622,
      "orbit_km": 4503433228.765383,
      "period_days": 60327.41511892126,
      "eccentricity": 0.01076478281745828,
      "perihelion_arg_deg": 277.0180856451067,
      "a_AU": 30.10359176700089,
      "i_deg": 1.775281011744996,
      "raan_deg": 131.9781608166045,
      "argp_deg": 277.0180856451067,
      "M_deg": 313.1987406627362
    }
  },
  "moons": {
    "Lua": {
      "id": 301,
      "planet": "Terra",
      "radius": 1737,
      "eccentricity": 0.04833335866243386,
      "orbit_km": 386517.20156389085,
      "period_days": 27.51033347578176
    },
    "Io": {
      "id": 501,
      "planet": "Júpiter",
      "radius": 1821,
      "eccentricity": 0.003628310258992012,
      "orbit_km": 422022.1682189277,
      "period_days": 1.771305958289772
    },
    "Europa": {
      "id": 502,
      "planet": "Júpiter",
      "radius": 1560,
      "eccentricity": 0.009429052310643268,
      "orbit_km": 671311.6493372703,
      "period_days": 3.5537075755843
    },
    "Ganymede": {
      "id": 503,
      "planet": "Júpiter",
      "radius": 2634,
      "eccentricity": 0.001507867947874741,
      "orbit_km": 1070369.8318883954,
      "period_days": 7.154589894839711
    },
    "Callisto": {
      "id": 504,
      "planet": "Júpiter",
      "radius": 2410,
      "eccentricity": 0.007393328754909534,
      "orbit_km": 1883046.8391725966,
      "period_days": 16.69476388545205
    },
    "Titan": {
      "id": 606,
      "planet": "Saturno",
      "radius": 2575,
      "eccentricity": 0.02879634023255288,
      "orbit_km": 1221962.8079803612,
      "period_days": 15.94789578678761
    }
  }
}