{
  "generated_at": "2026-05-19T06:52:31.759709+00:00",
  "source": "JPL Horizons",
  "planets": {
    "Mercúrio": {
      "id": 199,
      "radius": 2440,
      "orbit_km": 57909087.829079166,
      "period_days": 87.96914255418372,
      "eccentricity": 0.2056335457100192,
      "perihelion_arg_deg": 29.201926861933,
      "a_AU": 0.387098342764575,
      "i_deg": 7.003385699075138,
      "raan_deg": 48.29789379923276,
      "argp_deg": 29.201926861933,
      "M_deg": 2.390193260251791
    },
    "Vênus": {
      "id": 299,
      "radius": 6052,
      "orbit_km": 108208786.86382845,
      "period_days": 224.7002571861221,
      "eccentricity": 0.006790223396037148,
      "perihelion_arg_deg": 54.87093987995829,
      "a_AU": 0.7233310631862386,
      "i_deg": 3.394373400633857,
      "raan_deg": 76.60674377901623,
      "argp_deg": 54.87093987995829,
      "M_deg": 6.227752385744019
    },
    "Terra": {
      "id": 399,
      "radius": 6371,
      "orbit_km": 149718812.4929698,
      "period_days": 365.699374342091,
      "eccentricity": 0.0159596334869917,
      "perihelion_arg_deg": 277.3517703904189,
      "a_AU": 1.00080844595183,
      "i_deg": 0.003816897828336541,
      "raan_deg": 187.1597771207188,
      "argp_deg": 277.3517703904189,
      "M_deg": 131.8277239561378
    },
    "Marte": {
      "id": 499,
      "radius": 3390,
      "orbit_km": 227929763.15295514,
      "period_days": 686.9289149517584,
      "eccentricity": 0.093436926652891,
      "perihelion_arg_deg": 286.6136372819648,
      "a_AU": 1.523616359553941,
      "i_deg": 1.847491639671672,
      "raan_deg": 49.48111722990051,
      "argp_deg": 286.6136372819648,
      "M_deg": 28.14991212793772
    },
    "Júpiter": {
      "id": 599,
      "radius": 69911,
      "orbit_km": 778280887.1439223,
      "period_days": 4332.19172106366,
      "eccentricity": 0.04824717326374784,
      "perihelion_arg_deg": 273.5379542519712,
      "a_AU": 5.202486395709925,
      "i_deg": 1.303604245335529,
      "raan_deg": 100.5182235977853,
      "argp_deg": 273.5379542519712,
      "M_deg": 100.8575753564786
    },
    "Saturno": {
      "id": 699,
      "radius": 58232,
      "orbit_km": 1427702371.7969935,
      "period_days": 10767.24946370128,
      "eccentricity": 0.05535778555186462,
      "perihelion_arg_deg": 338.3410385260078,
      "a_AU": 9.5436008889463,
      "i_deg": 2.488684582576417,
      "raan_deg": 113.6889319337209,
      "argp_deg": 338.3410385260078,
      "M_deg": 280.4980328230291
    },
    "Urano": {
      "id": 799,
      "radius": 25362,
      "orbit_km": 2883308250.3903265,
      "period_days": 30905.61860484662,
      "eccentricity": 0.04722361712476947,
      "perihelion_arg_deg": 91.93611852935716,
      "a_AU": 19.27372520008954,
      "i_deg": 0.7751452647766057,
      "raan_deg": 73.97625466970491,
      "argp_deg": 91.93611852935716,
      "M_deg": 260.4761559034529
    },
    "Netuno": {
      "id": 899,
      "radius": 24622,
      "orbit_km": 4502412133.390153,
      "period_days": 60306.89858756751,
      "eccentricity": 0.0105939165864858,
      "perihelion_arg_deg": 278.1202810627519,
      "a_AU": 30.09676616600502,
      "i_deg": 1.767119782285254,
      "raan_deg": 131.6667337159762,
      "argp_deg": 278.1202810627519,
      "M_deg": 312.9538962943818
    }
  },
  "moons": {
    "Lua": {
      "id": 301,
      "planet": "Terra",
      "radius": 1737,
      "eccentricity": 0.06958680103336541,
      "orbit_km": 384633.19024185435,
      "period_days": 27.30943723118371
    },
    "Io": {
      "id": 501,
      "planet": "Júpiter",
      "radius": 1821,
      "eccentricity": 0.003575837493043954,
      "orbit_km": 422021.08732232725,
      "period_days": 1.77129915320639
    },
    "Europa": {
      "id": 502,
      "planet": "Júpiter",
      "radius": 1560,
      "eccentricity": 0.009574394975153899,
      "orbit_km": 671248.9439217475,
      "period_days": 3.553209673812445
    },
    "Ganymede": {
      "id": 503,
      "planet": "Júpiter",
      "radius": 2634,
      "eccentricity": 0.001735018116641952,
      "orbit_km": 1070440.658906104,
      "period_days": 7.155300041883449
    },
    "Callisto": {
      "id": 504,
      "planet": "Júpiter",
      "radius": 2410,
      "eccentricity": 0.007133710010153467,
      "orbit_km": 1882841.067590822,
      "period_days": 16.69202745793749
    },
    "Titan": {
      "id": 606,
      "planet": "Saturno",
      "radius": 2575,
      "eccentricity": 0.02870009844772575,
      "orbit_km": 1221925.7158809805,
      "period_days": 15.94716965611994
    }
  }
}