{
  "generated_at": "2026-07-05T06:45:44.769300+00:00",
  "source": "JPL Horizons",
  "planets": {
    "Mercúrio": {
      "id": 199,
      "radius": 2440,
      "orbit_km": 57909048.10575631,
      "period_days": 87.96905203921838,
      "eccentricity": 0.2056375944734537,
      "perihelion_arg_deg": 29.20128707418989,
      "a_AU": 0.3870980772305626,
      "i_deg": 7.003382620025637,
      "raan_deg": 48.29766710047664,
      "argp_deg": 29.20128707418989,
      "M_deg": 194.7308595658697
    },
    "Vênus": {
      "id": 299,
      "radius": 6052,
      "orbit_km": 108207859.02326179,
      "period_days": 224.6973671403169,
      "eccentricity": 0.006781891784918891,
      "perihelion_arg_deg": 54.83218819988742,
      "a_AU": 0.7233248609551352,
      "i_deg": 3.39437233883206,
      "raan_deg": 76.6065425679113,
      "argp_deg": 54.83218819988742,
      "M_deg": 81.56776743460068
    },
    "Terra": {
      "id": 399,
      "radius": 6371,
      "orbit_km": 149532821.35238323,
      "period_days": 365.0181401562635,
      "eccentricity": 0.01708524274353088,
      "perihelion_arg_deg": 315.6973806627664,
      "a_AU": 0.999565171968609,
      "i_deg": 0.004548585462660848,
      "raan_deg": 148.3675769905365,
      "argp_deg": 315.6973806627664,
      "M_deg": 178.5340451645027
    },
    "Marte": {
      "id": 499,
      "radius": 3390,
      "orbit_km": 227926400.1379969,
      "period_days": 686.9137119545971,
      "eccentricity": 0.09342647836853103,
      "perihelion_arg_deg": 286.608029652709,
      "a_AU": 1.523593879187459,
      "i_deg": 1.84748566854889,
      "raan_deg": 49.48119820381078,
      "argp_deg": 286.608029652709,
      "M_deg": 52.78717280100965
    },
    "Júpiter": {
      "id": 599,
      "radius": 69911,
      "orbit_km": 778310643.5486687,
      "period_days": 4332.440175737136,
      "eccentricity": 0.04830346948985204,
      "perihelion_arg_deg": 273.6023655054448,
      "a_AU": 5.202685304989898,
      "i_deg": 1.303583610314858,
      "raan_deg": 100.517825218226,
      "argp_deg": 273.6023655054448,
      "M_deg": 104.6910778426155
    },
    "Saturno": {
      "id": 699,
      "radius": 58232,
      "orbit_km": 1427547358.6385353,
      "period_days": 10765.49592591082,
      "eccentricity": 0.05527715835456579,
      "perihelion_arg_deg": 338.423305021686,
      "a_AU": 9.542564689983488,
      "i_deg": 2.488802260376901,
      "raan_deg": 113.7045066780362,
      "argp_deg": 338.423305021686,
      "M_deg": 281.9638252009852
    },
    "Urano": {
      "id": 799,
      "radius": 25362,
      "orbit_km": 2882472148.001341,
      "period_days": 30892.17655186981,
      "eccentricity": 0.04735360073766834,
      "perihelion_arg_deg": 92.19741138251564,
      "a_AU": 19.26813620082723,
      "i_deg": 0.7708411413274824,
      "raan_deg": 74.04777909503011,
      "argp_deg": 92.19741138251564,
      "M_deg": 260.6986041512654
    },
    "Netuno": {
      "id": 899,
      "radius": 24622,
      "orbit_km": 4501284014.235942,
      "period_days": 60284.23436770803,
      "eccentricity": 0.01037107267165932,
      "perihelion_arg_deg": 278.8438974615843,
      "a_AU": 30.08922515523439,
      "i_deg": 1.767192339639921,
      "raan_deg": 131.6681398591275,
      "argp_deg": 278.8438974615843,
      "M_deg": 312.5007788665793
    }
  },
  "moons": {
    "Lua": {
      "id": 301,
      "planet": "Terra",
      "radius": 1737,
      "eccentricity": 0.05399193844441152,
      "orbit_km": 382209.77968403546,
      "period_days": 27.0517464325731
    },
    "Io": {
      "id": 501,
      "planet": "Júpiter",
      "radius": 1821,
      "eccentricity": 0.004200228712234985,
      "orbit_km": 422027.43025483127,
      "period_days": 1.771339087016074
    },
    "Europa": {
      "id": 502,
      "planet": "Júpiter",
      "radius": 1560,
      "eccentricity": 0.009665798425434104,
      "orbit_km": 671226.3541114059,
      "period_days": 3.55303030893288
    },
    "Ganymede": {
      "id": 503,
      "planet": "Júpiter",
      "radius": 2634,
      "eccentricity": 0.002149264879545084,
      "orbit_km": 1070636.5877826775,
      "period_days": 7.157264645015733
    },
    "Callisto": {
      "id": 504,
      "planet": "Júpiter",
      "radius": 2410,
      "eccentricity": 0.007115169962229898,
      "orbit_km": 1882640.2170699472,
      "period_days": 16.68935661673655
    },
    "Titan": {
      "id": 606,
      "planet": "Saturno",
      "radius": 2575,
      "eccentricity": 0.02866677793903415,
      "orbit_km": 1221962.9564092495,
      "period_days": 15.94789869251662
    }
  }
}