{
  "generated_at": "2026-05-07T06:14:27.362575+00:00",
  "source": "JPL Horizons",
  "planets": {
    "Mercúrio": {
      "id": 199,
      "radius": 2440,
      "orbit_km": 57909073.863668114,
      "period_days": 87.96911073210168,
      "eccentricity": 0.2056332517451351,
      "perihelion_arg_deg": 29.20187405707885,
      "a_AU": 0.3870982494115681,
      "i_deg": 7.003386370737366,
      "raan_deg": 48.29789973278289,
      "argp_deg": 29.20187405707885,
      "M_deg": 313.2820764217822
    },
    "Vênus": {
      "id": 299,
      "radius": 6052,
      "orbit_km": 108208884.69930133,
      "period_days": 224.7005619256196,
      "eccentricity": 0.006791244208780221,
      "perihelion_arg_deg": 54.8860221749074,
      "a_AU": 0.7233317171759808,
      "i_deg": 3.394377187128507,
      "raan_deg": 76.60682490849787,
      "argp_deg": 54.8860221749074,
      "M_deg": 346.9872008987589
    },
    "Terra": {
      "id": 399,
      "radius": 6371,
      "orbit_km": 149532456.44091597,
      "period_days": 365.0168040025421,
      "eccentricity": 0.01715198607125886,
      "perihelion_arg_deg": 309.0949616262082,
      "a_AU": 0.9995627326861143,
      "i_deg": 0.002960363836223612,
      "raan_deg": 153.2344419210947,
      "argp_deg": 309.0949616262082,
      "M_deg": 122.1202535773978
    },
    "Marte": {
      "id": 499,
      "radius": 3390,
      "orbit_km": 227931354.16393766,
      "period_days": 686.9361073868756,
      "eccentricity": 0.09344239864225638,
      "perihelion_arg_deg": 286.6156658266243,
      "a_AU": 1.523626994805466,
      "i_deg": 1.84749029264904,
      "raan_deg": 49.48115825919155,
      "argp_deg": 286.6156658266243,
      "M_deg": 21.85905795596896
    },
    "Júpiter": {
      "id": 599,
      "radius": 69911,
      "orbit_km": 778262821.8542055,
      "period_days": 4332.04088507561,
      "eccentricity": 0.04826865429307976,
      "perihelion_arg_deg": 273.5128349925495,
      "a_AU": 5.202365636706924,
      "i_deg": 1.303696684832446,
      "raan_deg": 100.5196023767302,
      "argp_deg": 273.5128349925495,
      "M_deg": 99.88223230817587
    },
    "Saturno": {
      "id": 699,
      "radius": 58232,
      "orbit_km": 1427321970.6946495,
      "period_days": 10762.94646525609,
      "eccentricity": 0.05540551863118431,
      "perihelion_arg_deg": 338.7300478711886,
      "a_AU": 9.541058064636275,
      "i_deg": 2.487255239585749,
      "raan_deg": 113.5850656355961,
      "argp_deg": 338.7300478711886,
      "M_deg": 279.8203404480895
    },
    "Urano": {
      "id": 799,
      "radius": 25362,
      "orbit_km": 2883338490.806205,
      "period_days": 30906.10481779834,
      "eccentricity": 0.04719773515524577,
      "perihelion_arg_deg": 91.89722225704325,
      "a_AU": 19.27392734478409,
      "i_deg": 0.7732966855002353,
      "raan_deg": 74.00745776528436,
      "argp_deg": 91.89722225704325,
      "M_deg": 260.3413192528418
    },
    "Netuno": {
      "id": 899,
      "radius": 24622,
      "orbit_km": 4502652334.585234,
      "period_days": 60311.72466141979,
      "eccentricity": 0.01067034264972702,
      "perihelion_arg_deg": 278.1418333568468,
      "a_AU": 30.09837181182041,
      "i_deg": 1.766385587734369,
      "raan_deg": 131.6385849510607,
      "argp_deg": 278.1418333568468,
      "M_deg": 312.8952003282197
    }
  },
  "moons": {
    "Lua": {
      "id": 301,
      "planet": "Terra",
      "radius": 1737,
      "eccentricity": 0.06221857451941901,
      "orbit_km": 381946.7759660717,
      "period_days": 27.02382922769689
    },
    "Io": {
      "id": 501,
      "planet": "Júpiter",
      "radius": 1821,
      "eccentricity": 0.004247597500080651,
      "orbit_km": 422028.4678865852,
      "period_days": 1.77134561976258
    },
    "Europa": {
      "id": 502,
      "planet": "Júpiter",
      "radius": 1560,
      "eccentricity": 0.00925304244233794,
      "orbit_km": 671341.393923174,
      "period_days": 3.553943765581681
    },
    "Ganymede": {
      "id": 503,
      "planet": "Júpiter",
      "radius": 2634,
      "eccentricity": 0.001645082059063337,
      "orbit_km": 1070381.875063577,
      "period_days": 7.154710644069446
    },
    "Callisto": {
      "id": 504,
      "planet": "Júpiter",
      "radius": 2410,
      "eccentricity": 0.007182348251982559,
      "orbit_km": 1882850.9438153338,
      "period_days": 16.69215879225171
    },
    "Titan": {
      "id": 606,
      "planet": "Saturno",
      "radius": 2575,
      "eccentricity": 0.02878970697367583,
      "orbit_km": 1221948.5670723433,
      "period_days": 15.94761699942953
    }
  }
}