{
  "generated_at": "2026-03-01T04:59:01.125692+00:00",
  "source": "JPL Horizons",
  "planets": {
    "Mercúrio": {
      "id": 199,
      "radius": 2440,
      "orbit_km": 57909161.11968464,
      "period_days": 87.96930955682532,
      "eccentricity": 0.2056332099359914,
      "perihelion_arg_deg": 29.20106863076251,
      "a_AU": 0.3870988326820125,
      "i_deg": 7.00338691138405,
      "raan_deg": 48.29814108224592,
      "argp_deg": 29.20106863076251,
      "M_deg": 39.09642836996103
    },
    "Vênus": {
      "id": 299,
      "radius": 6052,
      "orbit_km": 108208383.86661409,
      "period_days": 224.6990019253985,
      "eccentricity": 0.006788364196986973,
      "perihelion_arg_deg": 54.93996519180473,
      "a_AU": 0.7233283693162492,
      "i_deg": 3.394385535225547,
      "raan_deg": 76.6069075104994,
      "argp_deg": 54.93996519180473,
      "M_deg": 239.5900536041784
    },
    "Terra": {
      "id": 399,
      "radius": 6371,
      "orbit_km": 149479558.70670187,
      "period_days": 364.8231317929819,
      "eccentricity": 0.016085545308383,
      "perihelion_arg_deg": 290.8133913717331,
      "a_AU": 0.9992091331731896,
      "i_deg": 0.005336220762586007,
      "raan_deg": 170.349179603852,
      "argp_deg": 290.8133913717331,
      "M_deg": 57.31269178552105
    },
    "Marte": {
      "id": 499,
      "radius": 3390,
      "orbit_km": 227939185.53032714,
      "period_days": 686.9715107733796,
      "eccentricity": 0.09347272789972949,
      "perihelion_arg_deg": 286.6219745506308,
      "a_AU": 1.523679344256383,
      "i_deg": 1.847479035580766,
      "raan_deg": 49.48209606322374,
      "argp_deg": 286.6219745506308,
      "M_deg": 346.7412666072955
    },
    "Júpiter": {
      "id": 599,
      "radius": 69911,
      "orbit_km": 778136008.1833255,
      "period_days": 4330.982104650564,
      "eccentricity": 0.04825202005922467,
      "perihelion_arg_deg": 273.3158280899062,
      "a_AU": 5.201517939675632,
      "i_deg": 1.303814050825242,
      "raan_deg": 100.5204508512824,
      "argp_deg": 273.3158280899062,
      "M_deg": 94.51497722543942
    },
    "Saturno": {
      "id": 699,
      "radius": 58232,
      "orbit_km": 1428047013.791978,
      "period_days": 10771.14845940171,
      "eccentricity": 0.05544486997686657,
      "perihelion_arg_deg": 338.1167121886698,
      "a_AU": 9.545904678387766,
      "i_deg": 2.488572613830387,
      "raan_deg": 113.6738291414253,
      "argp_deg": 338.1167121886698,
      "M_deg": 278.1042806082386
    },
    "Urano": {
      "id": 799,
      "radius": 25362,
      "orbit_km": 2884135731.9474826,
      "period_days": 30918.92397941616,
      "eccentricity": 0.04699526496453346,
      "perihelion_arg_deg": 91.60943244156527,
      "a_AU": 19.27925657265042,
      "i_deg": 0.7740098519677939,
      "raan_deg": 73.9941259568754,
      "argp_deg": 91.60943244156527,
      "M_deg": 259.8459082886444
    },
    "Netuno": {
      "id": 899,
      "radius": 24622,
      "orbit_km": 4502296611.947452,
      "period_days": 60304.57759993838,
      "eccentricity": 0.0107259148462457,
      "perihelion_arg_deg": 278.7278992207438,
      "a_AU": 30.09599395285679,
      "i_deg": 1.772913298560937,
      "raan_deg": 131.88927829521,
      "argp_deg": 278.7278992207438,
      "M_deg": 311.6751894217466
    }
  },
  "moons": {
    "Lua": {
      "id": 301,
      "planet": "Terra",
      "radius": 1737,
      "eccentricity": 0.03768794382325555,
      "orbit_km": 384968.3099576165,
      "period_days": 27.34513588215123
    },
    "Io": {
      "id": 501,
      "planet": "Júpiter",
      "radius": 1821,
      "eccentricity": 0.004194233747506921,
      "orbit_km": 422030.29283640004,
      "period_days": 1.771357109344212
    },
    "Europa": {
      "id": 502,
      "planet": "Júpiter",
      "radius": 1560,
      "eccentricity": 0.009300709258883468,
      "orbit_km": 671319.3953027497,
      "period_days": 3.553769082729983
    },
    "Ganymede": {
      "id": 503,
      "planet": "Júpiter",
      "radius": 2634,
      "eccentricity": 0.001212325343649424,
      "orbit_km": 1070852.021891763,
      "period_days": 7.159425037039137
    },
    "Callisto": {
      "id": 504,
      "planet": "Júpiter",
      "radius": 2410,
      "eccentricity": 0.007237353599440192,
      "orbit_km": 1882116.4086319783,
      "period_days": 16.6823918624217
    },
    "Titan": {
      "id": 606,
      "planet": "Saturno",
      "radius": 2575,
      "eccentricity": 0.02870857439984456,
      "orbit_km": 1221958.4693641476,
      "period_days": 15.94781085162752
    }
  }
}