{
  "generated_at": "2026-05-10T06:16:00.337056+00:00",
  "source": "JPL Horizons",
  "planets": {
    "Mercúrio": {
      "id": 199,
      "radius": 2440,
      "orbit_km": 57909062.7784737,
      "period_days": 87.96908547298644,
      "eccentricity": 0.2056331705433802,
      "perihelion_arg_deg": 29.20191896702229,
      "a_AU": 0.3870981753116203,
      "i_deg": 7.003386825996027,
      "raan_deg": 48.29789748506107,
      "argp_deg": 29.20191896702229,
      "M_deg": 325.5590753369564
    },
    "Vênus": {
      "id": 299,
      "radius": 6052,
      "orbit_km": 108208879.55031581,
      "period_days": 224.7005458874736,
      "eccentricity": 0.00679110390041455,
      "perihelion_arg_deg": 54.88188982372318,
      "a_AU": 0.7233316827571384,
      "i_deg": 3.394376170014533,
      "raan_deg": 76.60680822860317,
      "argp_deg": 54.88188982372318,
      "M_deg": 351.797688535229
    },
    "Terra": {
      "id": 399,
      "radius": 6371,
      "orbit_km": 149608249.9917812,
      "period_days": 365.2943633948747,
      "eccentricity": 0.01692446283009208,
      "perihelion_arg_deg": 325.1021047879161,
      "a_AU": 1.000069381280179,
      "i_deg": 0.002847890605554162,
      "raan_deg": 138.7776363424587,
      "argp_deg": 325.1021047879161,
      "M_deg": 123.5197286833577
    },
    "Marte": {
      "id": 499,
      "radius": 3390,
      "orbit_km": 227930960.6380699,
      "period_days": 686.9343283840781,
      "eccentricity": 0.09344101792372321,
      "perihelion_arg_deg": 286.6151996620704,
      "a_AU": 1.523624364247518,
      "i_deg": 1.847490806736374,
      "raan_deg": 49.4811416512175,
      "argp_deg": 286.6151996620704,
      "M_deg": 23.43172884750524
    },
    "Júpiter": {
      "id": 599,
      "radius": 69911,
      "orbit_km": 778472091.7854145,
      "period_days": 4333.788289960457,
      "eccentricity": 0.04809478989703322,
      "perihelion_arg_deg": 273.8113731464308,
      "a_AU": 5.203764519794161,
      "i_deg": 1.303188725648672,
      "raan_deg": 100.5119564907204,
      "argp_deg": 273.8113731464308,
      "M_deg": 99.85369556433669
    },
    "Saturno": {
      "id": 699,
      "radius": 58232,
      "orbit_km": 1427065377.3005648,
      "period_days": 10760.04427125505,
      "eccentricity": 0.05524683772967511,
      "perihelion_arg_deg": 338.9155574251436,
      "a_AU": 9.539342843738517,
      "i_deg": 2.486884464077473,
      "raan_deg": 113.558362004934,
      "argp_deg": 338.9155574251436,
      "M_deg": 279.7456175211751
    },
    "Urano": {
      "id": 799,
      "radius": 25362,
      "orbit_km": 2883379256.848698,
      "period_days": 30906.76026843638,
      "eccentricity": 0.04720250378098348,
      "perihelion_arg_deg": 91.88887652935728,
      "a_AU": 19.27419984894677,
      "i_deg": 0.7738947092444524,
      "raan_deg": 73.9972746049247,
      "argp_deg": 91.88887652935728,
      "M_deg": 260.395723535732
    },
    "Netuno": {
      "id": 899,
      "radius": 24622,
      "orbit_km": 4500339249.328433,
      "period_days": 60265.25596944067,
      "eccentricity": 0.01033164479826415,
      "perihelion_arg_deg": 279.8972724275807,
      "a_AU": 30.08290979190009,
      "i_deg": 1.774886314792103,
      "raan_deg": 131.9661699853235,
      "argp_deg": 279.8972724275807,
      "M_deg": 310.8299633614625
    }
  },
  "moons": {
    "Lua": {
      "id": 301,
      "planet": "Terra",
      "radius": 1737,
      "eccentricity": 0.06869541120229355,
      "orbit_km": 379985.6201176799,
      "period_days": 26.81596053558733
    },
    "Io": {
      "id": 501,
      "planet": "Júpiter",
      "radius": 1821,
      "eccentricity": 0.003502377090735767,
      "orbit_km": 422018.98462845833,
      "period_days": 1.771285915140774
    },
    "Europa": {
      "id": 502,
      "planet": "Júpiter",
      "radius": 1560,
      "eccentricity": 0.009611292169533941,
      "orbit_km": 671252.4504907804,
      "period_days": 3.553237516518331
    },
    "Ganymede": {
      "id": 503,
      "planet": "Júpiter",
      "radius": 2634,
      "eccentricity": 0.002109905680143221,
      "orbit_km": 1070908.859945911,
      "period_days": 7.159995050233154
    },
    "Callisto": {
      "id": 504,
      "planet": "Júpiter",
      "radius": 2410,
      "eccentricity": 0.007652712927773729,
      "orbit_km": 1883947.472712974,
      "period_days": 16.70674260661757
    },
    "Titan": {
      "id": 606,
      "planet": "Saturno",
      "radius": 2575,
      "eccentricity": 0.02881282506271559,
      "orbit_km": 1221958.112308581,
      "period_days": 15.9478038617162
    }
  }
}