{
  "generated_at": "2026-05-17T06:26:31.873942+00:00",
  "source": "JPL Horizons",
  "planets": {
    "Mercúrio": {
      "id": 199,
      "radius": 2440,
      "orbit_km": 57909074.20537793,
      "period_days": 87.96911151073375,
      "eccentricity": 0.2056333593522128,
      "perihelion_arg_deg": 29.20193175484209,
      "a_AU": 0.3870982516957571,
      "i_deg": 7.003386291680506,
      "raan_deg": 48.29789627093276,
      "argp_deg": 29.20193175484209,
      "M_deg": 354.2054981989606
    },
    "Vênus": {
      "id": 299,
      "radius": 6052,
      "orbit_km": 108208817.77033614,
      "period_days": 224.7003534541923,
      "eccentricity": 0.006790486267657127,
      "perihelion_arg_deg": 54.87320161426987,
      "a_AU": 0.723331269783482,
      "i_deg": 3.394373955829883,
      "raan_deg": 76.60675973762712,
      "argp_deg": 54.87320161426987,
      "M_deg": 3.021234945133181
    },
    "Terra": {
      "id": 399,
      "radius": 6371,
      "orbit_km": 149737915.30086267,
      "period_days": 365.7693666257053,
      "eccentricity": 0.01603317818522599,
      "perihelion_arg_deg": 293.1591537915123,
      "a_AU": 1.00093614033547,
      "i_deg": 0.003217234942152959,
      "raan_deg": 172.182600502779,
      "argp_deg": 293.1591537915123,
      "M_deg": 129.0048099275322
    },
    "Marte": {
      "id": 499,
      "radius": 3390,
      "orbit_km": 227930028.03113756,
      "period_days": 686.9301123767865,
      "eccentricity": 0.09343781201513733,
      "perihelion_arg_deg": 286.6140077504764,
      "a_AU": 1.523618130155228,
      "i_deg": 1.847491582109262,
      "raan_deg": 49.48111876395051,
      "argp_deg": 286.6140077504764,
      "M_deg": 27.10140448215718
    },
    "Júpiter": {
      "id": 599,
      "radius": 69911,
      "orbit_km": 778407923.3921132,
      "period_days": 4333.252458611513,
      "eccentricity": 0.04817655354049579,
      "perihelion_arg_deg": 273.7251412622371,
      "a_AU": 5.203335580578643,
      "i_deg": 1.303356702659247,
      "raan_deg": 100.5143601156089,
      "argp_deg": 273.7251412622371,
      "M_deg": 100.5116825648773
    },
    "Saturno": {
      "id": 699,
      "radius": 58232,
      "orbit_km": 1427721252.4149184,
      "period_days": 10767.46305128019,
      "eccentricity": 0.05526855620455971,
      "perihelion_arg_deg": 338.2921934092967,
      "a_AU": 9.54372709808174,
      "i_deg": 2.488931077921278,
      "raan_deg": 113.7069348918895,
      "argp_deg": 338.2921934092967,
      "M_deg": 280.4515144653641
    },
    "Urano": {
      "id": 799,
      "radius": 25362,
      "orbit_km": 2883466903.549796,
      "period_days": 30908.16949833122,
      "eccentricity": 0.0472179560383784,
      "perihelion_arg_deg": 91.84098451053488,
      "a_AU": 19.27478573095624,
      "i_deg": 0.773487902104512,
      "raan_deg": 74.00432324269404,
      "argp_deg": 91.84098451053488,
      "M_deg": 260.5207059143873
    },
    "Netuno": {
      "id": 899,
      "radius": 24622,
      "orbit_km": 4500428602.013714,
      "period_days": 60267.0507971904,
      "eccentricity": 0.01043838129180908,
      "perihelion_arg_deg": 280.4474682198348,
      "a_AU": 30.08350707770946,
      "i_deg": 1.770011090085837,
      "raan_deg": 131.7788148499936,
      "argp_deg": 280.4474682198348,
      "M_deg": 310.5229915273352
    }
  },
  "moons": {
    "Lua": {
      "id": 301,
      "planet": "Terra",
      "radius": 1737,
      "eccentricity": 0.07272289242972321,
      "orbit_km": 386118.6621631917,
      "period_days": 27.46779542685605
    },
    "Io": {
      "id": 501,
      "planet": "Júpiter",
      "radius": 1821,
      "eccentricity": 0.00353143143390027,
      "orbit_km": 422018.97455996095,
      "period_days": 1.771285851751964
    },
    "Europa": {
      "id": 502,
      "planet": "Júpiter",
      "radius": 1560,
      "eccentricity": 0.009631747555686515,
      "orbit_km": 671244.6734293816,
      "period_days": 3.553175765534177
    },
    "Ganymede": {
      "id": 503,
      "planet": "Júpiter",
      "radius": 2634,
      "eccentricity": 0.002036318228478817,
      "orbit_km": 1070818.0825690955,
      "period_days": 7.159084676130932
    },
    "Callisto": {
      "id": 504,
      "planet": "Júpiter",
      "radius": 2410,
      "eccentricity": 0.007346361386320285,
      "orbit_km": 1882211.174154015,
      "period_days": 16.68365182870187
    },
    "Titan": {
      "id": 606,
      "planet": "Saturno",
      "radius": 2575,
      "eccentricity": 0.02866901959082434,
      "orbit_km": 1221951.9487786798,
      "period_days": 15.94768320130933
    }
  }
}