{
  "generated_at": "2026-06-26T06:58:21.385761+00:00",
  "source": "JPL Horizons",
  "planets": {
    "Mercúrio": {
      "id": 199,
      "radius": 2440,
      "orbit_km": 57909023.62787526,
      "period_days": 87.96899626307022,
      "eccentricity": 0.2056381165721083,
      "perihelion_arg_deg": 29.20120022136161,
      "a_AU": 0.3870979136060341,
      "i_deg": 7.003391694328933,
      "raan_deg": 48.29770675559196,
      "argp_deg": 29.20120022136161,
      "M_deg": 157.8997814252273
    },
    "Vênus": {
      "id": 299,
      "radius": 6052,
      "orbit_km": 108207900.61310811,
      "period_days": 224.697496684464,
      "eccentricity": 0.006782899133380412,
      "perihelion_arg_deg": 54.83316498960981,
      "a_AU": 0.7233251389660864,
      "i_deg": 3.394372216201702,
      "raan_deg": 76.60654565885943,
      "argp_deg": 54.83316498960981,
      "M_deg": 67.14728962097011
    },
    "Terra": {
      "id": 399,
      "radius": 6371,
      "orbit_km": 149509815.71183422,
      "period_days": 364.9339062764981,
      "eccentricity": 0.01718556286174366,
      "perihelion_arg_deg": 280.0820205869684,
      "a_AU": 0.9994113887600556,
      "i_deg": 0.003568018086932128,
      "raan_deg": 181.7544242428601,
      "argp_deg": 280.0820205869684,
      "M_deg": 171.9624490669542
    },
    "Marte": {
      "id": 499,
      "radius": 3390,
      "orbit_km": 227926553.14067936,
      "period_days": 686.9144036229915,
      "eccentricity": 0.09342720693715166,
      "perihelion_arg_deg": 286.6081766232517,
      "a_AU": 1.52359490194722,
      "i_deg": 1.84748720520008,
      "raan_deg": 49.4811861990946,
      "argp_deg": 286.6081766232517,
      "M_deg": 48.07023769771356
    },
    "Júpiter": {
      "id": 599,
      "radius": 69911,
      "orbit_km": 778185621.6947628,
      "period_days": 4331.396322704288,
      "eccentricity": 0.04838837125667073,
      "perihelion_arg_deg": 273.4224896335973,
      "a_AU": 5.201849585515276,
      "i_deg": 1.303877187660739,
      "raan_deg": 100.5232502044105,
      "argp_deg": 273.4224896335973,
      "M_deg": 104.1133793543636
    },
    "Saturno": {
      "id": 699,
      "radius": 58232,
      "orbit_km": 1426886058.9507449,
      "period_days": 10758.01624983433,
      "eccentricity": 0.05524562512804771,
      "perihelion_arg_deg": 339.0499897517913,
      "a_AU": 9.538144174606524,
      "i_deg": 2.486947252372969,
      "raan_deg": 113.5553543988249,
      "argp_deg": 339.0499897517913,
      "M_deg": 281.1885253504902
    },
    "Urano": {
      "id": 799,
      "radius": 25362,
      "orbit_km": 2882703571.2993298,
      "period_days": 30895.89695878406,
      "eccentricity": 0.04732407045017203,
      "perihelion_arg_deg": 92.14974678410289,
      "a_AU": 19.26968317002476,
      "i_deg": 0.7736426396595658,
      "raan_deg": 74.00207454982723,
      "argp_deg": 92.14974678410289,
      "M_deg": 260.6857109595982
    },
    "Netuno": {
      "id": 899,
      "radius": 24622,
      "orbit_km": 4499154288.62075,
      "period_days": 60241.4553439469,
      "eccentricity": 0.01010271336907463,
      "perihelion_arg_deg": 280.7235437990998,
      "a_AU": 30.07498881881312,
      "i_deg": 1.775003152498535,
      "raan_deg": 131.9722836607732,
      "argp_deg": 280.7235437990998,
      "M_deg": 310.2693059613988
    }
  },
  "moons": {
    "Lua": {
      "id": 301,
      "planet": "Terra",
      "radius": 1737,
      "eccentricity": 0.05801242865115856,
      "orbit_km": 383686.2419884671,
      "period_days": 27.20864756545052
    },
    "Io": {
      "id": 501,
      "planet": "Júpiter",
      "radius": 1821,
      "eccentricity": 0.004544111989880669,
      "orbit_km": 422035.43873472564,
      "period_days": 1.771389507201156
    },
    "Europa": {
      "id": 502,
      "planet": "Júpiter",
      "radius": 1560,
      "eccentricity": 0.0091420802986657,
      "orbit_km": 671315.9915281513,
      "period_days": 3.553742054879266
    },
    "Ganymede": {
      "id": 503,
      "planet": "Júpiter",
      "radius": 2634,
      "eccentricity": 0.001702636204188194,
      "orbit_km": 1070750.3791590796,
      "period_days": 7.158405727775929
    },
    "Callisto": {
      "id": 504,
      "planet": "Júpiter",
      "radius": 2410,
      "eccentricity": 0.007040166417139588,
      "orbit_km": 1882735.3673469361,
      "period_days": 16.69062187466127
    },
    "Titan": {
      "id": 606,
      "planet": "Saturno",
      "radius": 2575,
      "eccentricity": 0.02881112225736221,
      "orbit_km": 1221948.5849321631,
      "period_days": 15.94761734906155
    }
  }
}