{
  "generated_at": "2026-06-10T07:13:02.823798+00:00",
  "source": "JPL Horizons",
  "planets": {
    "Mercúrio": {
      "id": 199,
      "radius": 2440,
      "orbit_km": 57909129.619453005,
      "period_days": 87.9692377792379,
      "eccentricity": 0.2056367959387467,
      "perihelion_arg_deg": 29.20164314847343,
      "a_AU": 0.3870986221159698,
      "i_deg": 7.003390639176279,
      "raan_deg": 48.29772517324473,
      "argp_deg": 29.20164314847343,
      "M_deg": 92.4217781130038
    },
    "Vênus": {
      "id": 299,
      "radius": 6052,
      "orbit_km": 108208207.43387188,
      "period_days": 224.6984523712396,
      "eccentricity": 0.00678558817064645,
      "perihelion_arg_deg": 54.84628302179286,
      "a_AU": 0.7233271899362127,
      "i_deg": 3.394371315737462,
      "raan_deg": 76.60659368023128,
      "argp_deg": 54.84628302179286,
      "M_deg": 41.49956712539325
    },
    "Terra": {
      "id": 399,
      "radius": 6371,
      "orbit_km": 149652247.30349687,
      "period_days": 365.4555157866283,
      "eccentricity": 0.01648742386274893,
      "perihelion_arg_deg": 317.4680093706488,
      "a_AU": 1.000363485143488,
      "i_deg": 0.003599764776616107,
      "raan_deg": 147.1576466866318,
      "argp_deg": 317.4680093706488,
      "M_deg": 153.3291706736439
    },
    "Marte": {
      "id": 499,
      "radius": 3390,
      "orbit_km": 227927409.11951163,
      "period_days": 686.9182731901813,
      "eccentricity": 0.09342972423283051,
      "perihelion_arg_deg": 286.6097038726089,
      "a_AU": 1.523600623812299,
      "i_deg": 1.847489477272308,
      "raan_deg": 49.48115868161922,
      "argp_deg": 286.6097038726089,
      "M_deg": 39.68340668068334
    },
    "Júpiter": {
      "id": 599,
      "radius": 69911,
      "orbit_km": 778191095.2302527,
      "period_days": 4331.442021492316,
      "eccentricity": 0.04829126402074233,
      "perihelion_arg_deg": 273.4040694298576,
      "a_AU": 5.201886173840125,
      "i_deg": 1.303789190375303,
      "raan_deg": 100.5214305686331,
      "argp_deg": 273.4040694298576,
      "M_deg": 102.815067226574
    },
    "Saturno": {
      "id": 699,
      "radius": 58232,
      "orbit_km": 1426927080.886821,
      "period_days": 10758.48018087912,
      "eccentricity": 0.05525775205322337,
      "perihelion_arg_deg": 339.025526500555,
      "a_AU": 9.538418389312149,
      "i_deg": 2.486866413837142,
      "raan_deg": 113.55179459991,
      "argp_deg": 339.025526500555,
      "M_deg": 280.6820737737918
    },
    "Urano": {
      "id": 799,
      "radius": 25362,
      "orbit_km": 2882916364.911371,
      "period_days": 30899.31800295709,
      "eccentricity": 0.04729476446606563,
      "perihelion_arg_deg": 92.01755143343975,
      "a_AU": 19.27110560746351,
      "i_deg": 0.7708295003709315,
      "raan_deg": 74.04882492353697,
      "argp_deg": 92.01755143343975,
      "M_deg": 260.5832208783714
    },
    "Netuno": {
      "id": 899,
      "radius": 24622,
      "orbit_km": 4500349917.413762,
      "period_days": 60265.47025837706,
      "eccentricity": 0.0104002445115186,
      "perihelion_arg_deg": 280.4819194529884,
      "a_AU": 30.0829811036459,
      "i_deg": 1.767805366962136,
      "raan_deg": 131.6927829481033,
      "argp_deg": 280.4819194529884,
      "M_deg": 310.7138873076249
    }
  },
  "moons": {
    "Lua": {
      "id": 301,
      "planet": "Terra",
      "radius": 1737,
      "eccentricity": 0.06778050885528555,
      "orbit_km": 380915.4930718778,
      "period_days": 26.91445380986725
    },
    "Io": {
      "id": 501,
      "planet": "Júpiter",
      "radius": 1821,
      "eccentricity": 0.004721931836018814,
      "orbit_km": 422040.97569623083,
      "period_days": 1.771424367357845
    },
    "Europa": {
      "id": 502,
      "planet": "Júpiter",
      "radius": 1560,
      "eccentricity": 0.009614690730217569,
      "orbit_km": 671164.3127552642,
      "period_days": 3.552537711189228
    },
    "Ganymede": {
      "id": 503,
      "planet": "Júpiter",
      "radius": 2634,
      "eccentricity": 0.001505930437803607,
      "orbit_km": 1070712.885683584,
      "period_days": 7.158029742160473
    },
    "Callisto": {
      "id": 504,
      "planet": "Júpiter",
      "radius": 2410,
      "eccentricity": 0.007170689646001981,
      "orbit_km": 1882377.9109407698,
      "period_days": 16.68586877450017
    },
    "Titan": {
      "id": 606,
      "planet": "Saturno",
      "radius": 2575,
      "eccentricity": 0.02883508781820198,
      "orbit_km": 1221983.2462583517,
      "period_days": 15.94829589989448
    }
  }
}