{
  "generated_at": "2026-02-17T04:57:41.021273+00:00",
  "source": "JPL Horizons",
  "planets": {
    "Mercúrio": {
      "id": 199,
      "radius": 2440,
      "orbit_km": 57909085.4617353,
      "period_days": 87.96913715986959,
      "eccentricity": 0.2056320857858207,
      "perihelion_arg_deg": 29.20102357147119,
      "a_AU": 0.3870983269398587,
      "i_deg": 7.003389818900394,
      "raan_deg": 48.2981800084677,
      "argp_deg": 29.20102357147119,
      "M_deg": 349.9883873162104
    },
    "Vênus": {
      "id": 299,
      "radius": 6052,
      "orbit_km": 108208682.60146032,
      "period_days": 224.69993242818,
      "eccentricity": 0.006786606577043897,
      "perihelion_arg_deg": 54.9218622151842,
      "a_AU": 0.7233303662353553,
      "i_deg": 3.394385009576156,
      "raan_deg": 76.6069446495718,
      "argp_deg": 54.9218622151842,
      "M_deg": 220.3824458864361
    },
    "Terra": {
      "id": 399,
      "radius": 6371,
      "orbit_km": 149732489.59794334,
      "period_days": 365.7494865111188,
      "eccentricity": 0.01730852842896069,
      "perihelion_arg_deg": 259.8794416354721,
      "a_AU": 1.000899871751606,
      "i_deg": 0.001792049325689537,
      "raan_deg": 205.0403207430119,
      "argp_deg": 259.8794416354721,
      "M_deg": 41.70040355270472
    },
    "Marte": {
      "id": 499,
      "radius": 3390,
      "orbit_km": 227940229.2885126,
      "period_days": 686.9762293540615,
      "eccentricity": 0.09347733097380134,
      "perihelion_arg_deg": 286.6223223462121,
      "a_AU": 1.523686321348908,
      "i_deg": 1.847479395061144,
      "raan_deg": 49.48228962306015,
      "argp_deg": 286.6223223462121,
      "M_deg": 340.4525235240797
    },
    "Júpiter": {
      "id": 599,
      "radius": 69911,
      "orbit_km": 778228452.2465328,
      "period_days": 4331.753921152321,
      "eccentricity": 0.04833481733095065,
      "perihelion_arg_deg": 273.4644685097754,
      "a_AU": 5.202135890070077,
      "i_deg": 1.303800680714841,
      "raan_deg": 100.5201504334211,
      "argp_deg": 273.4644685097754,
      "M_deg": 93.35788465792534
    },
    "Saturno": {
      "id": 699,
      "radius": 58232,
      "orbit_km": 1427590444.507193,
      "period_days": 10765.98331174838,
      "eccentricity": 0.05542619951459399,
      "perihelion_arg_deg": 338.5519672508726,
      "a_AU": 9.54285270122627,
      "i_deg": 2.486836780208426,
      "raan_deg": 113.5658833654923,
      "argp_deg": 338.5519672508726,
      "M_deg": 277.3759583619849
    },
    "Urano": {
      "id": 799,
      "radius": 25362,
      "orbit_km": 2884194310.5002394,
      "period_days": 30919.86595745624,
      "eccentricity": 0.0469666885772318,
      "perihelion_arg_deg": 91.54096278896422,
      "a_AU": 19.27964814608982,
      "i_deg": 0.7713156320322799,
      "raan_deg": 74.04350731265741,
      "argp_deg": 91.54096278896422,
      "M_deg": 259.7224899180886
    },
    "Netuno": {
      "id": 899,
      "radius": 24622,
      "orbit_km": 4502653816.390928,
      "period_days": 60311.75443395977,
      "eccentricity": 0.0107570300208789,
      "perihelion_arg_deg": 278.2737521971856,
      "a_AU": 30.09838171707967,
      "i_deg": 1.773933849146772,
      "raan_deg": 131.9275143762816,
      "argp_deg": 278.2737521971856,
      "M_deg": 312.0162804820956
    }
  },
  "moons": {
    "Lua": {
      "id": 301,
      "planet": "Terra",
      "radius": 1737,
      "eccentricity": 0.04562695252747557,
      "orbit_km": 387067.98172804504,
      "period_days": 27.56915702566517
    },
    "Io": {
      "id": 501,
      "planet": "Júpiter",
      "radius": 1821,
      "eccentricity": 0.004733421937773972,
      "orbit_km": 422042.0966237673,
      "period_days": 1.771431424633507
    },
    "Europa": {
      "id": 502,
      "planet": "Júpiter",
      "radius": 1560,
      "eccentricity": 0.009640607656408336,
      "orbit_km": 671160.918527762,
      "period_days": 3.552510762260937
    },
    "Ganymede": {
      "id": 503,
      "planet": "Júpiter",
      "radius": 2634,
      "eccentricity": 0.001309639172986677,
      "orbit_km": 1070705.9921069762,
      "period_days": 7.15796061389888
    },
    "Callisto": {
      "id": 504,
      "planet": "Júpiter",
      "radius": 2410,
      "eccentricity": 0.007046301131944059,
      "orbit_km": 1882351.590292218,
      "period_days": 16.68551880650224
    },
    "Titan": {
      "id": 606,
      "planet": "Saturno",
      "radius": 2575,
      "eccentricity": 0.0288232839339555,
      "orbit_km": 1221967.231690307,
      "period_days": 15.94798238794511
    }
  }
}