{
  "generated_at": "2026-03-24T04:59:09.109554+00:00",
  "source": "JPL Horizons",
  "planets": {
    "Mercúrio": {
      "id": 199,
      "radius": 2440,
      "orbit_km": 57909145.774705745,
      "period_days": 87.96927459118905,
      "eccentricity": 0.2056346183616754,
      "perihelion_arg_deg": 29.20098577842655,
      "a_AU": 0.3870987301071642,
      "i_deg": 7.003394979832462,
      "raan_deg": 48.29805133376737,
      "argp_deg": 29.20098577842655,
      "M_deg": 133.2201906220818
    },
    "Vênus": {
      "id": 299,
      "radius": 6052,
      "orbit_km": 108208230.53435513,
      "period_days": 224.6985243247897,
      "eccentricity": 0.006789587229356923,
      "perihelion_arg_deg": 54.95004545204569,
      "a_AU": 0.7233273443534056,
      "i_deg": 3.394386894816628,
      "raan_deg": 76.6068778821932,
      "argp_deg": 54.95004545204569,
      "M_deg": 276.4294375190854
    },
    "Terra": {
      "id": 399,
      "radius": 6371,
      "orbit_km": 149652171.07215893,
      "period_days": 365.4552365476601,
      "eccentricity": 0.0163779988377912,
      "perihelion_arg_deg": 287.1606813375014,
      "a_AU": 1.000362975568468,
      "i_deg": 0.003431479387595106,
      "raan_deg": 177.2932896477784,
      "argp_deg": 287.1606813375014,
      "M_deg": 76.70907757203858
    },
    "Marte": {
      "id": 499,
      "radius": 3390,
      "orbit_km": 227936880.67596605,
      "period_days": 686.9610911173017,
      "eccentricity": 0.09346312701618002,
      "perihelion_arg_deg": 286.620649896637,
      "a_AU": 1.523663937256602,
      "i_deg": 1.847480775075464,
      "raan_deg": 49.48171648049688,
      "argp_deg": 286.620649896637,
      "M_deg": 358.7955229247924
    },
    "Júpiter": {
      "id": 599,
      "radius": 69911,
      "orbit_km": 778122784.349208,
      "period_days": 4330.87170246189,
      "eccentricity": 0.04828034444087763,
      "perihelion_arg_deg": 273.2965081637178,
      "a_AU": 5.201429543804383,
      "i_deg": 1.303891080715861,
      "raan_deg": 100.5217059619626,
      "argp_deg": 273.2965081637178,
      "M_deg": 96.44211455843484
    },
    "Saturno": {
      "id": 699,
      "radius": 58232,
      "orbit_km": 1427337189.271148,
      "period_days": 10763.11860282993,
      "eccentricity": 0.05524704819238165,
      "perihelion_arg_deg": 338.7045225240552,
      "a_AU": 9.541159794536755,
      "i_deg": 2.486992884605262,
      "raan_deg": 113.5721803181049,
      "argp_deg": 338.7045225240552,
      "M_deg": 278.3684817194475
    },
    "Urano": {
      "id": 799,
      "radius": 25362,
      "orbit_km": 2883947181.1322165,
      "period_days": 30915.89203488403,
      "eccentricity": 0.047069729298151,
      "perihelion_arg_deg": 91.62854020162827,
      "a_AU": 19.2779961882988,
      "i_deg": 0.7714366698397999,
      "raan_deg": 74.04051609266848,
      "argp_deg": 91.62854020162827,
      "M_deg": 260.0551686033739
    },
    "Netuno": {
      "id": 899,
      "radius": 24622,
      "orbit_km": 4501697038.209361,
      "period_days": 60292.53180186874,
      "eccentricity": 0.01056862711441294,
      "perihelion_arg_deg": 278.8564850096043,
      "a_AU": 30.0919860499683,
      "i_deg": 1.774798280428078,
      "raan_deg": 131.9612197338471,
      "argp_deg": 278.8564850096043,
      "M_deg": 311.601302521119
    }
  },
  "moons": {
    "Lua": {
      "id": 301,
      "planet": "Terra",
      "radius": 1737,
      "eccentricity": 0.03778739749876025,
      "orbit_km": 381247.3234999735,
      "period_days": 26.94963082282758
    },
    "Io": {
      "id": 501,
      "planet": "Júpiter",
      "radius": 1821,
      "eccentricity": 0.004379735828898076,
      "orbit_km": 422030.47092749877,
      "period_days": 1.771358230577589
    },
    "Europa": {
      "id": 502,
      "planet": "Júpiter",
      "radius": 1560,
      "eccentricity": 0.009650171074782492,
      "orbit_km": 671177.4523697244,
      "period_days": 3.552642035577729
    },
    "Ganymede": {
      "id": 503,
      "planet": "Júpiter",
      "radius": 2634,
      "eccentricity": 0.00140252820260601,
      "orbit_km": 1070615.6340559707,
      "period_days": 7.157054530815546
    },
    "Callisto": {
      "id": 504,
      "planet": "Júpiter",
      "radius": 2410,
      "eccentricity": 0.00733911920753664,
      "orbit_km": 1883448.1283351693,
      "period_days": 16.70010080904006
    },
    "Titan": {
      "id": 606,
      "planet": "Saturno",
      "radius": 2575,
      "eccentricity": 0.02879455746700534,
      "orbit_km": 1221936.7485560249,
      "period_days": 15.94738563529389
    }
  }
}