{
  "generated_at": "2026-04-25T05:19:12.007971+00:00",
  "source": "JPL Horizons",
  "planets": {
    "Mercúrio": {
      "id": 199,
      "radius": 2440,
      "orbit_km": 57909144.63911082,
      "period_days": 87.96927200358071,
      "eccentricity": 0.2056336595899949,
      "perihelion_arg_deg": 29.20152909090609,
      "a_AU": 0.387098722516181,
      "i_deg": 7.003384338567983,
      "raan_deg": 48.29794249339292,
      "argp_deg": 29.20152909090609,
      "M_deg": 264.1743163036418
    },
    "Vênus": {
      "id": 299,
      "radius": 6052,
      "orbit_km": 108208787.66153756,
      "period_days": 224.7002596708386,
      "eccentricity": 0.006791196166595848,
      "perihelion_arg_deg": 54.90464230744754,
      "a_AU": 0.7233310685185946,
      "i_deg": 3.394381299374559,
      "raan_deg": 76.60686892145587,
      "argp_deg": 54.90464230744754,
      "M_deg": 327.7431680060548
    },
    "Terra": {
      "id": 399,
      "radius": 6371,
      "orbit_km": 149574206.2441816,
      "period_days": 365.169684960159,
      "eccentricity": 0.01635221947573281,
      "perihelion_arg_deg": 272.4856438945602,
      "a_AU": 0.999841812883381,
      "i_deg": 0.005110594815064802,
      "raan_deg": 189.5422466378465,
      "argp_deg": 272.4856438945602,
      "M_deg": 110.677993784362
    },
    "Marte": {
      "id": 499,
      "radius": 3390,
      "orbit_km": 227932907.90855,
      "period_days": 686.9431313772692,
      "eccentricity": 0.09344796798196882,
      "perihelion_arg_deg": 286.617351485046,
      "a_AU": 1.523637380946693,
      "i_deg": 1.847487493719063,
      "raan_deg": 49.48126553219829,
      "argp_deg": 286.617351485046,
      "M_deg": 15.56858054693137
    },
    "Júpiter": {
      "id": 599,
      "radius": 69911,
      "orbit_km": 778329457.6421033,
      "period_days": 4332.597268719605,
      "eccentricity": 0.04819655170506955,
      "perihelion_arg_deg": 273.6061339278369,
      "a_AU": 5.202811069436588,
      "i_deg": 1.303489945773004,
      "raan_deg": 100.5166524311775,
      "argp_deg": 273.6061339278369,
      "M_deg": 98.80094035150596
    },
    "Saturno": {
      "id": 699,
      "radius": 58232,
      "orbit_km": 1427171613.9845831,
      "period_days": 10761.24582731094,
      "eccentricity": 0.05521564817034118,
      "perihelion_arg_deg": 338.818802961229,
      "a_AU": 9.540052992108418,
      "i_deg": 2.487051966717687,
      "raan_deg": 113.5724649132278,
      "argp_deg": 338.818802961229,
      "M_deg": 279.3219555500515
    },
    "Urano": {
      "id": 799,
      "radius": 25362,
      "orbit_km": 2883243168.7687554,
      "period_days": 30904.57221494504,
      "eccentricity": 0.04717013983120004,
      "perihelion_arg_deg": 91.94962032702999,
      "a_AU": 19.27329015632009,
      "i_deg": 0.7736117548560901,
      "raan_deg": 74.00189652521685,
      "argp_deg": 91.94962032702999,
      "M_deg": 260.150581591195
    },
    "Netuno": {
      "id": 899,
      "radius": 24622,
      "orbit_km": 4502807940.002436,
      "period_days": 60314.8511227126,
      "eccentricity": 0.01073219038387966,
      "perihelion_arg_deg": 278.2134770753179,
      "a_AU": 30.09941196978839,
      "i_deg": 1.765979076466552,
      "raan_deg": 131.6232490035202,
      "argp_deg": 278.2134770753179,
      "M_deg": 312.7732898866026
    }
  },
  "moons": {
    "Lua": {
      "id": 301,
      "planet": "Terra",
      "radius": 1737,
      "eccentricity": 0.04875287241905129,
      "orbit_km": 380414.35785059206,
      "period_days": 26.86135800299416
    },
    "Io": {
      "id": 501,
      "planet": "Júpiter",
      "radius": 1821,
      "eccentricity": 0.004745568595876097,
      "orbit_km": 422037.5389853943,
      "period_days": 1.771402730142706
    },
    "Europa": {
      "id": 502,
      "planet": "Júpiter",
      "radius": 1560,
      "eccentricity": 0.009790345043875624,
      "orbit_km": 671254.093576342,
      "period_days": 3.553250562899381
    },
    "Ganymede": {
      "id": 503,
      "planet": "Júpiter",
      "radius": 2634,
      "eccentricity": 0.001355039760838775,
      "orbit_km": 1070443.8268213894,
      "period_days": 7.155331805532779
    },
    "Callisto": {
      "id": 504,
      "planet": "Júpiter",
      "radius": 2410,
      "eccentricity": 0.007490681248989602,
      "orbit_km": 1883324.1004690249,
      "period_days": 16.69845124640781
    },
    "Titan": {
      "id": 606,
      "planet": "Saturno",
      "radius": 2575,
      "eccentricity": 0.0287998609686723,
      "orbit_km": 1221957.6956551664,
      "period_days": 15.94779570508673
    }
  }
}