{
  "generated_at": "2026-04-07T05:15:34.226547+00:00",
  "source": "JPL Horizons",
  "planets": {
    "Mercúrio": {
      "id": 199,
      "radius": 2440,
      "orbit_km": 57909165.98312661,
      "period_days": 87.969320638845,
      "eccentricity": 0.2056343042434564,
      "perihelion_arg_deg": 29.20113128490692,
      "a_AU": 0.3870988651921141,
      "i_deg": 7.003390200508138,
      "raan_deg": 48.29803502462906,
      "argp_deg": 29.20113128490692,
      "M_deg": 190.5127238111074
    },
    "Vênus": {
      "id": 299,
      "radius": 6052,
      "orbit_km": 108208434.60129698,
      "period_days": 224.6991599542896,
      "eccentricity": 0.006790182822972634,
      "perihelion_arg_deg": 54.93482735682153,
      "a_AU": 0.7233287084566571,
      "i_deg": 3.394385909239875,
      "raan_deg": 76.6068819797412,
      "argp_deg": 54.93482735682153,
      "M_deg": 298.8746762881917
    },
    "Terra": {
      "id": 399,
      "radius": 6371,
      "orbit_km": 149523426.3284022,
      "period_days": 364.9837400130426,
      "eccentricity": 0.01699385879579259,
      "perihelion_arg_deg": 290.1615682999259,
      "a_AU": 0.999502370112292,
      "i_deg": 0.003402756659199823,
      "raan_deg": 171.2429453105843,
      "argp_deg": 290.1615682999259,
      "M_deg": 93.47814502222909
    },
    "Marte": {
      "id": 499,
      "radius": 3390,
      "orbit_km": 227935207.8569209,
      "period_days": 686.9535287639562,
      "eccentricity": 0.09345656783963152,
      "perihelion_arg_deg": 286.6194570224363,
      "a_AU": 1.523652755151955,
      "i_deg": 1.847483335500885,
      "raan_deg": 49.4814931853421,
      "argp_deg": 286.6194570224363,
      "M_deg": 6.133426644001903
    },
    "Júpiter": {
      "id": 599,
      "radius": 69911,
      "orbit_km": 778196972.2468092,
      "period_days": 4331.4910891404,
      "eccentricity": 0.04822683044049274,
      "perihelion_arg_deg": 273.4042983663985,
      "a_AU": 5.201925459269316,
      "i_deg": 1.303721792626708,
      "raan_deg": 100.5197918624377,
      "argp_deg": 273.4042983663985,
      "M_deg": 97.50421537196067
    },
    "Saturno": {
      "id": 699,
      "radius": 58232,
      "orbit_km": 1427259404.9432886,
      "period_days": 10762.23879263548,
      "eccentricity": 0.05534061111624969,
      "perihelion_arg_deg": 338.7940864920999,
      "a_AU": 9.540639838420432,
      "i_deg": 2.486750638486065,
      "raan_deg": 113.553820786471,
      "argp_deg": 338.7940864920999,
      "M_deg": 278.776903369522
    },
    "Urano": {
      "id": 799,
      "radius": 25362,
      "orbit_km": 2883754091.742502,
      "period_days": 30912.78721165236,
      "eccentricity": 0.04710201234250681,
      "perihelion_arg_deg": 91.78281297004588,
      "a_AU": 19.27670546545087,
      "i_deg": 0.7758347722527784,
      "raan_deg": 73.96275172707841,
      "argp_deg": 91.78281297004588,
      "M_deg": 260.1436599879634
    },
    "Netuno": {
      "id": 899,
      "radius": 24622,
      "orbit_km": 4502948083.43834,
      "period_days": 60317.66696441219,
      "eccentricity": 0.01080524538770472,
      "perihelion_arg_deg": 278.3472641573846,
      "a_AU": 30.10034877079531,
      "i_deg": 1.76595914682932,
      "raan_deg": 131.6231648636899,
      "argp_deg": 278.3472641573846,
      "M_deg": 312.5402606966067
    }
  },
  "moons": {
    "Lua": {
      "id": 301,
      "planet": "Terra",
      "radius": 1737,
      "eccentricity": 0.05944433706346611,
      "orbit_km": 382248.67634602037,
      "period_days": 27.05587603415517
    },
    "Io": {
      "id": 501,
      "planet": "Júpiter",
      "radius": 1821,
      "eccentricity": 0.004165931093788217,
      "orbit_km": 422025.93650656973,
      "period_days": 1.771329682654589
    },
    "Europa": {
      "id": 502,
      "planet": "Júpiter",
      "radius": 1560,
      "eccentricity": 0.00965389706276966,
      "orbit_km": 671191.0967471584,
      "period_days": 3.552750368705589
    },
    "Ganymede": {
      "id": 503,
      "planet": "Júpiter",
      "radius": 2634,
      "eccentricity": 0.001182140909069764,
      "orbit_km": 1070602.4342836605,
      "period_days": 7.156922170709795
    },
    "Callisto": {
      "id": 504,
      "planet": "Júpiter",
      "radius": 2410,
      "eccentricity": 0.007384537845261705,
      "orbit_km": 1882983.353660542,
      "period_days": 16.69391961540108
    },
    "Titan": {
      "id": 606,
      "planet": "Saturno",
      "radius": 2575,
      "eccentricity": 0.02883150484924853,
      "orbit_km": 1221972.9787808831,
      "period_days": 15.94809489661721
    }
  }
}