{
  "generated_at": "2026-06-03T08:22:52.437433+00:00",
  "source": "JPL Horizons",
  "planets": {
    "Mercúrio": {
      "id": 199,
      "radius": 2440,
      "orbit_km": 57909190.25234167,
      "period_days": 87.96937593958754,
      "eccentricity": 0.2056357411346542,
      "perihelion_arg_deg": 29.20193726681356,
      "a_AU": 0.3870990274217966,
      "i_deg": 7.003384744248775,
      "raan_deg": 48.2977830292446,
      "argp_deg": 29.20193726681356,
      "M_deg": 63.77518749382745
    },
    "Vênus": {
      "id": 299,
      "radius": 6052,
      "orbit_km": 108208405.7435411,
      "period_days": 224.6990700678623,
      "eccentricity": 0.00678715762648502,
      "perihelion_arg_deg": 54.85421072854838,
      "a_AU": 0.7233285155544739,
      "i_deg": 3.394371278677319,
      "raan_deg": 76.60663061554791,
      "argp_deg": 54.85421072854838,
      "M_deg": 30.27656869601001
    },
    "Terra": {
      "id": 399,
      "radius": 6371,
      "orbit_km": 149488573.7421155,
      "period_days": 364.8561357341427,
      "eccentricity": 0.01736058165207339,
      "perihelion_arg_deg": 308.550501000626,
      "a_AU": 0.9992693949628223,
      "i_deg": 0.003537178318862915,
      "raan_deg": 153.7089513245811,
      "argp_deg": 308.550501000626,
      "M_deg": 148.8176910478274
    },
    "Marte": {
      "id": 499,
      "radius": 3390,
      "orbit_km": 227928012.13415086,
      "period_days": 686.9209992031488,
      "eccentricity": 0.09343146263648655,
      "perihelion_arg_deg": 286.6107957230373,
      "a_AU": 1.523604654716191,
      "i_deg": 1.847490363054399,
      "raan_deg": 49.48114389757037,
      "argp_deg": 286.6107957230373,
      "M_deg": 36.01379226945372
    },
    "Júpiter": {
      "id": 599,
      "radius": 69911,
      "orbit_km": 778098380.4721909,
      "period_days": 4330.667963603738,
      "eccentricity": 0.04835993652672654,
      "perihelion_arg_deg": 273.2727157243247,
      "a_AU": 5.20126641396234,
      "i_deg": 1.303989597849393,
      "raan_deg": 100.5247110108854,
      "argp_deg": 273.2727157243247,
      "M_deg": 102.3570189435803
    },
    "Saturno": {
      "id": 699,
      "radius": 58232,
      "orbit_km": 1427679815.521037,
      "period_days": 10766.99429697776,
      "eccentricity": 0.05530372707347977,
      "perihelion_arg_deg": 338.3292368867453,
      "a_AU": 9.543450109554515,
      "i_deg": 2.488897690233433,
      "raan_deg": 113.7069263962289,
      "argp_deg": 338.3292368867453,
      "M_deg": 280.9872756364887
    },
    "Urano": {
      "id": 799,
      "radius": 25362,
      "orbit_km": 2883127697.637632,
      "period_days": 30902.71568569735,
      "eccentricity": 0.04727140273616024,
      "perihelion_arg_deg": 91.94856872063032,
      "a_AU": 19.27251827948399,
      "i_deg": 0.7718570521267607,
      "raan_deg": 74.0317530611528,
      "argp_deg": 91.94856872063032,
      "M_deg": 260.5868976835854
    },
    "Netuno": {
      "id": 899,
      "radius": 24622,
      "orbit_km": 4499599750.904478,
      "period_days": 60250.40234557729,
      "eccentricity": 0.01025424649371487,
      "perihelion_arg_deg": 280.7905757410192,
      "a_AU": 30.07796655025838,
      "i_deg": 1.773160640171759,
      "raan_deg": 131.900540872531,
      "argp_deg": 280.7905757410192,
      "M_deg": 310.1497729736657
    }
  },
  "moons": {
    "Lua": {
      "id": 301,
      "planet": "Terra",
      "radius": 1737,
      "eccentricity": 0.05336807309140917,
      "orbit_km": 385540.68426772737,
      "period_days": 27.40614403214935
    },
    "Io": {
      "id": 501,
      "planet": "Júpiter",
      "radius": 1821,
      "eccentricity": 0.004663023068582769,
      "orbit_km": 422038.9601943278,
      "period_days": 1.771411677932672
    },
    "Europa": {
      "id": 502,
      "planet": "Júpiter",
      "radius": 1560,
      "eccentricity": 0.009625489074609483,
      "orbit_km": 671163.5596281003,
      "period_days": 3.552531731628372
    },
    "Ganymede": {
      "id": 503,
      "planet": "Júpiter",
      "radius": 2634,
      "eccentricity": 0.001312023834577488,
      "orbit_km": 1070707.1977136754,
      "period_days": 7.157972703615054
    },
    "Callisto": {
      "id": 504,
      "planet": "Júpiter",
      "radius": 2410,
      "eccentricity": 0.006933818554257471,
      "orbit_km": 1883836.3452968115,
      "period_days": 16.7052644206914
    },
    "Titan": {
      "id": 606,
      "planet": "Saturno",
      "radius": 2575,
      "eccentricity": 0.02865743686518347,
      "orbit_km": 1221977.1708095404,
      "period_days": 15.94817696258266
    }
  }
}