{
  "generated_at": "2026-05-06T06:09:08.937268+00:00",
  "source": "JPL Horizons",
  "planets": {
    "Mercúrio": {
      "id": 199,
      "radius": 2440,
      "orbit_km": 57909078.97821957,
      "period_days": 87.96912238629999,
      "eccentricity": 0.2056332879442259,
      "perihelion_arg_deg": 29.20185319265053,
      "a_AU": 0.3870982836002329,
      "i_deg": 7.003386165030356,
      "raan_deg": 48.29790117101624,
      "argp_deg": 29.20185319265053,
      "M_deg": 309.1897504226031
    },
    "Vênus": {
      "id": 299,
      "radius": 6052,
      "orbit_km": 108208883.65854031,
      "period_days": 224.7005586838398,
      "eccentricity": 0.006791276160258472,
      "perihelion_arg_deg": 54.88745090794809,
      "a_AU": 0.7233317102189231,
      "i_deg": 3.394377530534738,
      "raan_deg": 76.60682993035772,
      "argp_deg": 54.88745090794809,
      "M_deg": 345.3836546511417
    },
    "Terra": {
      "id": 399,
      "radius": 6371,
      "orbit_km": 149511898.21532905,
      "period_days": 364.9415309810499,
      "eccentricity": 0.01718299102267664,
      "perihelion_arg_deg": 302.0235675286631,
      "a_AU": 0.9994253094360993,
      "i_deg": 0.003093669605999378,
      "raan_deg": 159.8250281827668,
      "argp_deg": 302.0235675286631,
      "M_deg": 121.6207322228624
    },
    "Marte": {
      "id": 499,
      "radius": 3390,
      "orbit_km": 227931485.20285958,
      "period_days": 686.936699771676,
      "eccentricity": 0.09344286174833145,
      "perihelion_arg_deg": 286.6158159273318,
      "a_AU": 1.523627870746556,
      "i_deg": 1.847490084633672,
      "raan_deg": 49.48116525652714,
      "argp_deg": 286.6158159273318,
      "M_deg": 21.3348394781211
    },
    "Júpiter": {
      "id": 599,
      "radius": 69911,
      "orbit_km": 778284208.2284856,
      "period_days": 4332.21945062243,
      "eccentricity": 0.04835510465248523,
      "perihelion_arg_deg": 273.5630227029513,
      "a_AU": 5.202508595789029,
      "i_deg": 1.303753128667121,
      "raan_deg": 100.5204350774389,
      "argp_deg": 273.5630227029513,
      "M_deg": 99.73724075953292
    },
    "Saturno": {
      "id": 699,
      "radius": 58232,
      "orbit_km": 1427466155.3500636,
      "period_days": 10764.57737714874,
      "eccentricity": 0.05542278409084406,
      "perihelion_arg_deg": 338.6002055038416,
      "a_AU": 9.542021879527084,
      "i_deg": 2.487644932734962,
      "raan_deg": 113.6130346723327,
      "argp_deg": 338.6002055038416,
      "M_deg": 279.8895972933536
    },
    "Urano": {
      "id": 799,
      "radius": 25362,
      "orbit_km": 2883351031.7980766,
      "period_days": 30906.30645574269,
      "eccentricity": 0.04719722199030061,
      "perihelion_arg_deg": 91.8756897638068,
      "a_AU": 19.27401117613686,
      "i_deg": 0.7723513621797571,
      "raan_deg": 74.02369977813005,
      "argp_deg": 91.8756897638068,
      "M_deg": 260.3350182025005
    },
    "Netuno": {
      "id": 899,
      "radius": 24622,
      "orbit_km": 4501633570.361173,
      "period_days": 60291.25674146311,
      "eccentricity": 0.01061617868376074,
      "perihelion_arg_deg": 279.4946388360125,
      "a_AU": 30.09156179360762,
      "i_deg": 1.766790156829618,
      "raan_deg": 131.6542892284507,
      "argp_deg": 279.4946388360125,
      "M_deg": 311.5353705407827
    }
  },
  "moons": {
    "Lua": {
      "id": 301,
      "planet": "Terra",
      "radius": 1737,
      "eccentricity": 0.05866648712267532,
      "orbit_km": 383306.0217525082,
      "period_days": 27.16821329695488
    },
    "Io": {
      "id": 501,
      "planet": "Júpiter",
      "radius": 1821,
      "eccentricity": 0.004298651600528806,
      "orbit_km": 422028.18983027886,
      "period_days": 1.77134386916833
    },
    "Europa": {
      "id": 502,
      "planet": "Júpiter",
      "radius": 1560,
      "eccentricity": 0.009638033273022975,
      "orbit_km": 671180.8895273146,
      "period_days": 3.55266932569183
    },
    "Ganymede": {
      "id": 503,
      "planet": "Júpiter",
      "radius": 2634,
      "eccentricity": 0.001460082116237593,
      "orbit_km": 1070615.0970087945,
      "period_days": 7.157049145583926
    },
    "Callisto": {
      "id": 504,
      "planet": "Júpiter",
      "radius": 2410,
      "eccentricity": 0.007033459269262889,
      "orbit_km": 1883190.4460651975,
      "period_days": 16.6966737122474
    },
    "Titan": {
      "id": 606,
      "planet": "Saturno",
      "radius": 2575,
      "eccentricity": 0.02875708048702251,
      "orbit_km": 1221918.390120074,
      "period_days": 15.94702624522095
    }
  }
}