{
  "generated_at": "2026-06-22T09:15:00.192282+00:00",
  "source": "JPL Horizons",
  "planets": {
    "Mercúrio": {
      "id": 199,
      "radius": 2440,
      "orbit_km": 57909027.264243506,
      "period_days": 87.96900454902419,
      "eccentricity": 0.2056380822281833,
      "perihelion_arg_deg": 29.20122087144823,
      "a_AU": 0.3870979379136545,
      "i_deg": 7.003393912767232,
      "raan_deg": 48.29770971462739,
      "argp_deg": 29.20122087144823,
      "M_deg": 141.5303468297609
    },
    "Vênus": {
      "id": 299,
      "radius": 6052,
      "orbit_km": 108207951.56577222,
      "period_days": 224.6976553919709,
      "eccentricity": 0.006783445991517404,
      "perihelion_arg_deg": 54.83531457580175,
      "a_AU": 0.7233254795636087,
      "i_deg": 3.394371995287822,
      "raan_deg": 76.60655232895272,
      "argp_deg": 54.83531457580175,
      "M_deg": 60.73647578217923
    },
    "Terra": {
      "id": 399,
      "radius": 6371,
      "orbit_km": 149603729.27198246,
      "period_days": 365.2778063435161,
      "eccentricity": 0.01653386872408023,
      "perihelion_arg_deg": 257.600338864293,
      "a_AU": 1.000039162134829,
      "i_deg": 0.003842727897142472,
      "raan_deg": 204.1372128306794,
      "argp_deg": 257.600338864293,
      "M_deg": 168.1334605207371
    },
    "Marte": {
      "id": 499,
      "radius": 3390,
      "orbit_km": 227926697.27367672,
      "period_days": 686.9150551950407,
      "eccentricity": 0.09342766973103409,
      "perihelion_arg_deg": 286.6084147610973,
      "a_AU": 1.523595865416798,
      "i_deg": 1.847487802377964,
      "raan_deg": 49.48118021611359,
      "argp_deg": 286.6084147610973,
      "M_deg": 45.97366068784417
    },
    "Júpiter": {
      "id": 599,
      "radius": 69911,
      "orbit_km": 778269119.1174023,
      "period_days": 4332.093463824172,
      "eccentricity": 0.04816793201943902,
      "perihelion_arg_deg": 273.4966629884096,
      "a_AU": 5.202407731311395,
      "i_deg": 1.303540726481909,
      "raan_deg": 100.5170641588111,
      "argp_deg": 273.4966629884096,
      "M_deg": 103.7353958476555
    },
    "Saturno": {
      "id": 699,
      "radius": 58232,
      "orbit_km": 1427383732.0023916,
      "period_days": 10763.64505413793,
      "eccentricity": 0.05538376104186918,
      "perihelion_arg_deg": 338.6308791014077,
      "a_AU": 9.541470913478662,
      "i_deg": 2.48799756084302,
      "raan_deg": 113.6388044978868,
      "argp_deg": 338.6308791014077,
      "M_deg": 281.4013359581433
    },
    "Urano": {
      "id": 799,
      "radius": 25362,
      "orbit_km": 2882837165.0609946,
      "period_days": 30898.04470662529,
      "eccentricity": 0.04731394929576231,
      "perihelion_arg_deg": 92.0867648653325,
      "a_AU": 19.2705761891636,
      "i_deg": 0.7731739958442428,
      "raan_deg": 74.00977047936256,
      "argp_deg": 92.0867648653325,
      "M_deg": 260.6944022959171
    },
    "Netuno": {
      "id": 899,
      "radius": 24622,
      "orbit_km": 4500404947.03657,
      "period_days": 60266.57563783493,
      "eccentricity": 0.01038283956158719,
      "perihelion_arg_deg": 280.3453324854448,
      "a_AU": 30.08334895395386,
      "i_deg": 1.766954298001736,
      "raan_deg": 131.6591632592933,
      "argp_deg": 280.3453324854448,
      "M_deg": 310.9519721511737
    }
  },
  "moons": {
    "Lua": {
      "id": 301,
      "planet": "Terra",
      "radius": 1737,
      "eccentricity": 0.06747346822818845,
      "orbit_km": 380097.99562991445,
      "period_days": 26.82785709138248
    },
    "Io": {
      "id": 501,
      "planet": "Júpiter",
      "radius": 1821,
      "eccentricity": 0.004585375840443133,
      "orbit_km": 422036.95770623436,
      "period_days": 1.771399070471322
    },
    "Europa": {
      "id": 502,
      "planet": "Júpiter",
      "radius": 1560,
      "eccentricity": 0.009163913092418704,
      "orbit_km": 671309.6586687658,
      "period_days": 3.553691768659512
    },
    "Ganymede": {
      "id": 503,
      "planet": "Júpiter",
      "radius": 2634,
      "eccentricity": 0.002310477426874814,
      "orbit_km": 1070781.821377701,
      "period_days": 7.158721036294001
    },
    "Callisto": {
      "id": 504,
      "planet": "Júpiter",
      "radius": 2410,
      "eccentricity": 0.007449616654310476,
      "orbit_km": 1882111.8591452453,
      "period_days": 16.68233137497715
    },
    "Titan": {
      "id": 606,
      "planet": "Saturno",
      "radius": 2575,
      "eccentricity": 0.0287390753548328,
      "orbit_km": 1221961.066139851,
      "period_days": 15.94786168753248
    }
  }
}