{
  "generated_at": "2026-07-08T05:56:20.686626+00:00",
  "source": "JPL Horizons",
  "planets": {
    "Mercúrio": {
      "id": 199,
      "radius": 2440,
      "orbit_km": 57909056.85803449,
      "period_days": 87.96907198246564,
      "eccentricity": 0.2056373563237054,
      "perihelion_arg_deg": 29.20134488081394,
      "a_AU": 0.3870981357359286,
      "i_deg": 7.003379202903723,
      "raan_deg": 48.29764060331291,
      "argp_deg": 29.20134488081394,
      "M_deg": 207.0078478216984
    },
    "Vênus": {
      "id": 299,
      "radius": 6052,
      "orbit_km": 108207867.4218885,
      "period_days": 224.6973933003763,
      "eccentricity": 0.006781597201792932,
      "perihelion_arg_deg": 54.8331085073367,
      "a_AU": 0.7233249170964872,
      "i_deg": 3.39437220467387,
      "raan_deg": 76.60654447857421,
      "argp_deg": 54.8331085073367,
      "M_deg": 86.373344584654
    },
    "Terra": {
      "id": 399,
      "radius": 6371,
      "orbit_km": 149612965.64623818,
      "period_days": 365.311634657325,
      "eccentricity": 0.01654135721341971,
      "perihelion_arg_deg": 309.173871750653,
      "a_AU": 1.000100903483235,
      "i_deg": 0.00407742296936427,
      "raan_deg": 155.1561204188839,
      "argp_deg": 309.173871750653,
      "M_deg": 181.2176684801001
    },
    "Marte": {
      "id": 499,
      "radius": 3390,
      "orbit_km": 227926404.3725636,
      "period_days": 686.9137310974997,
      "eccentricity": 0.09342632108204132,
      "perihelion_arg_deg": 286.6081102930055,
      "a_AU": 1.523593907493789,
      "i_deg": 1.847485050406158,
      "raan_deg": 49.48120179242371,
      "argp_deg": 286.6081102930055,
      "M_deg": 54.35936118773046
    },
    "Júpiter": {
      "id": 599,
      "radius": 69911,
      "orbit_km": 778153416.2554961,
      "period_days": 4331.127441333205,
      "eccentricity": 0.04826797385597748,
      "perihelion_arg_deg": 273.3363790184513,
      "a_AU": 5.201634305450687,
      "i_deg": 1.303776759359359,
      "raan_deg": 100.5215717673835,
      "argp_deg": 273.3363790184513,
      "M_deg": 105.2145810581402
    },
    "Saturno": {
      "id": 699,
      "radius": 58232,
      "orbit_km": 1427308227.746347,
      "period_days": 10762.79101932605,
      "eccentricity": 0.05536108738754076,
      "perihelion_arg_deg": 338.6857775870144,
      "a_AU": 9.54096619870103,
      "i_deg": 2.487955753051123,
      "raan_deg": 113.635590194024,
      "argp_deg": 338.6857775870144,
      "M_deg": 281.8829851233549
    },
    "Urano": {
      "id": 799,
      "radius": 25362,
      "orbit_km": 2882781780.216549,
      "period_days": 30897.15429463746,
      "eccentricity": 0.04734461909444818,
      "perihelion_arg_deg": 92.0946629797261,
      "a_AU": 19.27020596434565,
      "i_deg": 0.7725715400632145,
      "raan_deg": 74.0196129830706,
      "argp_deg": 92.0946629797261,
      "M_deg": 260.8661736725186
    },
    "Netuno": {
      "id": 899,
      "radius": 24622,
      "orbit_km": 4498822946.73765,
      "period_days": 60234.80071005257,
      "eccentricity": 0.01007116744846498,
      "perihelion_arg_deg": 281.1446005991435,
      "a_AU": 30.07277393512828,
      "i_deg": 1.774260251769693,
      "raan_deg": 131.9439124705277,
      "argp_deg": 281.1446005991435,
      "M_deg": 309.9505779927317
    }
  },
  "moons": {
    "Lua": {
      "id": 301,
      "planet": "Terra",
      "radius": 1737,
      "eccentricity": 0.05820751064263943,
      "orbit_km": 380262.86655196623,
      "period_days": 26.84531422031371
    },
    "Io": {
      "id": 501,
      "planet": "Júpiter",
      "radius": 1821,
      "eccentricity": 0.004755850981452927,
      "orbit_km": 422041.11129093333,
      "period_days": 1.771425221051419
    },
    "Europa": {
      "id": 502,
      "planet": "Júpiter",
      "radius": 1560,
      "eccentricity": 0.009540390475978102,
      "orbit_km": 671152.2029588253,
      "period_days": 3.552441564134806
    },
    "Ganymede": {
      "id": 503,
      "planet": "Júpiter",
      "radius": 2634,
      "eccentricity": 0.002093424936087623,
      "orbit_km": 1070679.935772263,
      "period_days": 7.157699324967639
    },
    "Callisto": {
      "id": 504,
      "planet": "Júpiter",
      "radius": 2410,
      "eccentricity": 0.007120589532964635,
      "orbit_km": 1882891.758671942,
      "period_days": 16.69270155302778
    },
    "Titan": {
      "id": 606,
      "planet": "Saturno",
      "radius": 2575,
      "eccentricity": 0.02873963045574944,
      "orbit_km": 1221920.5703782472,
      "period_days": 15.94706892644676
    }
  }
}