{
  "generated_at": "2026-03-09T04:57:33.935775+00:00",
  "source": "JPL Horizons",
  "planets": {
    "Mercúrio": {
      "id": 199,
      "radius": 2440,
      "orbit_km": 57909174.952343844,
      "period_days": 87.96934107643797,
      "eccentricity": 0.2056338437706866,
      "perihelion_arg_deg": 29.20107266888425,
      "a_AU": 0.3870989251476281,
      "i_deg": 7.003388907706356,
      "raan_deg": 48.29808725733237,
      "argp_deg": 29.20107266888425,
      "M_deg": 71.83509034283783
    },
    "Vênus": {
      "id": 299,
      "radius": 6052,
      "orbit_km": 108208256.34353621,
      "period_days": 224.6986047154201,
      "eccentricity": 0.006788999178554921,
      "perihelion_arg_deg": 54.94851662414188,
      "a_AU": 0.723327516877125,
      "i_deg": 3.394386093649683,
      "raan_deg": 76.60689120973026,
      "argp_deg": 54.94851662414188,
      "M_deg": 252.3986941417509
    },
    "Terra": {
      "id": 399,
      "radius": 6371,
      "orbit_km": 149538580.90010664,
      "period_days": 365.0392294357567,
      "eccentricity": 0.01680466871700767,
      "perihelion_arg_deg": 289.9702511061075,
      "a_AU": 0.999603672167151,
      "i_deg": 0.004070126756924483,
      "raan_deg": 171.3483269228211,
      "argp_deg": 289.9702511061075,
      "M_deg": 64.97773091409876
    },
    "Marte": {
      "id": 499,
      "radius": 3390,
      "orbit_km": 227938447.7591268,
      "period_days": 686.9681754930623,
      "eccentricity": 0.09346956000503011,
      "perihelion_arg_deg": 286.621571983076,
      "a_AU": 1.523674412560518,
      "i_deg": 1.847479262049385,
      "raan_deg": 49.48197022193158,
      "argp_deg": 286.621571983076,
      "M_deg": 350.933954402378
    },
    "Júpiter": {
      "id": 599,
      "radius": 69911,
      "orbit_km": 778249925.3469254,
      "period_days": 4331.93320686499,
      "eccentricity": 0.04829374562514698,
      "perihelion_arg_deg": 273.4963724512655,
      "a_AU": 5.202279428880437,
      "i_deg": 1.303686813659317,
      "raan_deg": 100.5191808199873,
      "argp_deg": 273.4963724512655,
      "M_deg": 94.99340713549051
    },
    "Saturno": {
      "id": 699,
      "radius": 58232,
      "orbit_km": 1427489225.5296946,
      "period_days": 10764.83833787577,
      "eccentricity": 0.0552142659857395,
      "perihelion_arg_deg": 338.5665662042497,
      "a_AU": 9.542176094152754,
      "i_deg": 2.487325584451828,
      "raan_deg": 113.5952894222176,
      "argp_deg": 338.5665662042497,
      "M_deg": 277.9769530150267
    },
    "Urano": {
      "id": 799,
      "radius": 25362,
      "orbit_km": 2884326888.0427966,
      "period_days": 30921.99791867886,
      "eccentricity": 0.04701330966054725,
      "perihelion_arg_deg": 91.50735269550114,
      "a_AU": 19.2805343722235,
      "i_deg": 0.7731647953381606,
      "raan_deg": 74.00959564354922,
      "argp_deg": 91.50735269550114,
      "M_deg": 260.0295856321084
    },
    "Netuno": {
      "id": 899,
      "radius": 24622,
      "orbit_km": 4504198795.396591,
      "period_days": 60342.79892157734,
      "eccentricity": 0.01097113261910029,
      "perihelion_arg_deg": 277.1770904820638,
      "a_AU": 30.1087092638451,
      "i_deg": 1.765908503671074,
      "raan_deg": 131.6223548359339,
      "argp_deg": 277.1770904820638,
      "M_deg": 313.5350355607434
    }
  },
  "moons": {
    "Lua": {
      "id": 301,
      "planet": "Terra",
      "radius": 1737,
      "eccentricity": 0.06127209316123314,
      "orbit_km": 381172.5157804464,
      "period_days": 26.94169919393304
    },
    "Io": {
      "id": 501,
      "planet": "Júpiter",
      "radius": 1821,
      "eccentricity": 0.003917069402145159,
      "orbit_km": 422024.6942242217,
      "period_days": 1.771321861488443
    },
    "Europa": {
      "id": 502,
      "planet": "Júpiter",
      "radius": 1560,
      "eccentricity": 0.009363116092324186,
      "orbit_km": 671332.6686896428,
      "period_days": 3.55387448140934
    },
    "Ganymede": {
      "id": 503,
      "planet": "Júpiter",
      "radius": 2634,
      "eccentricity": 0.001415761333099222,
      "orbit_km": 1070430.6869453867,
      "period_days": 7.155200056605188
    },
    "Callisto": {
      "id": 504,
      "planet": "Júpiter",
      "radius": 2410,
      "eccentricity": 0.007088826104705308,
      "orbit_km": 1883059.1355777888,
      "period_days": 16.69492741238527
    },
    "Titan": {
      "id": 606,
      "planet": "Saturno",
      "radius": 2575,
      "eccentricity": 0.0287739046760898,
      "orbit_km": 1221944.732870094,
      "period_days": 15.94754193938692
    }
  }
}