{
  "generated_at": "2026-07-09T06:49:39.920308+00:00",
  "source": "JPL Horizons",
  "planets": {
    "Mercúrio": {
      "id": 199,
      "radius": 2440,
      "orbit_km": 57909058.97976378,
      "period_days": 87.96907681711247,
      "eccentricity": 0.2056372816168211,
      "perihelion_arg_deg": 29.20136724651267,
      "a_AU": 0.3870981499188129,
      "i_deg": 7.003378122154849,
      "raan_deg": 48.29763041881272,
      "argp_deg": 29.20136724651267,
      "M_deg": 211.1001734787635
    },
    "Vênus": {
      "id": 299,
      "radius": 6052,
      "orbit_km": 108207872.56365927,
      "period_days": 224.6974093159748,
      "eccentricity": 0.006781500950140376,
      "perihelion_arg_deg": 54.8335496061435,
      "a_AU": 0.7233249514671019,
      "i_deg": 3.394372136013793,
      "raan_deg": 76.60654535861259,
      "argp_deg": 54.8335496061435,
      "M_deg": 87.97506858084166
    },
    "Terra": {
      "id": 399,
      "radius": 6371,
      "orbit_km": 149642283.37733036,
      "period_days": 365.4190180604306,
      "eccentricity": 0.01634278794054718,
      "perihelion_arg_deg": 304.2035512973822,
      "a_AU": 1.000296880410948,
      "i_deg": 0.003810162947756308,
      "raan_deg": 160.0526146832474,
      "argp_deg": 304.2035512973822,
      "M_deg": 182.2785781816334
    },
    "Marte": {
      "id": 499,
      "radius": 3390,
      "orbit_km": 227926412.95606637,
      "period_days": 686.9137699003268,
      "eccentricity": 0.09342627799332644,
      "perihelion_arg_deg": 286.6081548569399,
      "a_AU": 1.523593964870961,
      "i_deg": 1.847484874283623,
      "raan_deg": 49.48120269322794,
      "argp_deg": 286.6081548569399,
      "M_deg": 54.88340720762061
    },
    "Júpiter": {
      "id": 599,
      "radius": 69911,
      "orbit_km": 778280661.1792594,
      "period_days": 4332.189834362753,
      "eccentricity": 0.04831321141005261,
      "perihelion_arg_deg": 273.556780579549,
      "a_AU": 5.202484885229449,
      "i_deg": 1.30364997011447,
      "raan_deg": 100.5191013892354,
      "argp_deg": 273.556780579549,
      "M_deg": 105.0680416680888
    },
    "Saturno": {
      "id": 699,
      "radius": 58232,
      "orbit_km": 1427182571.760093,
      "period_days": 10761.36976427252,
      "eccentricity": 0.05535925085822627,
      "perihelion_arg_deg": 338.8049187561945,
      "a_AU": 9.54012624031348,
      "i_deg": 2.487620284851738,
      "raan_deg": 113.6080674722349,
      "argp_deg": 338.8049187561945,
      "M_deg": 281.825977416378
    },
    "Urano": {
      "id": 799,
      "radius": 25362,
      "orbit_km": 2882758782.828283,
      "period_days": 30896.78457235666,
      "eccentricity": 0.04734292979418848,
      "perihelion_arg_deg": 92.13126049668348,
      "a_AU": 19.2700522363002,
      "i_deg": 0.7742045103128896,
      "raan_deg": 73.99319241362815,
      "argp_deg": 92.13126049668348,
      "M_deg": 260.8672458414371
    },
    "Netuno": {
      "id": 899,
      "radius": 24622,
      "orbit_km": 4499284160.86719,
      "period_days": 60244.06375141231,
      "eccentricity": 0.01021253221698955,
      "perihelion_arg_deg": 281.2463118281634,
      "a_AU": 30.07585696115921,
      "i_deg": 1.76957955679273,
      "raan_deg": 131.7615945802486,
      "argp_deg": 281.2463118281634,
      "M_deg": 310.048489381051
    }
  },
  "moons": {
    "Lua": {
      "id": 301,
      "planet": "Terra",
      "radius": 1737,
      "eccentricity": 0.05953071888906852,
      "orbit_km": 380714.63637391914,
      "period_days": 26.89316863356321
    },
    "Io": {
      "id": 501,
      "planet": "Júpiter",
      "radius": 1821,
      "eccentricity": 0.003510962803438486,
      "orbit_km": 422020.3480328547,
      "period_days": 1.771294498810143
    },
    "Europa": {
      "id": 502,
      "planet": "Júpiter",
      "radius": 1560,
      "eccentricity": 0.009435624752747233,
      "orbit_km": 671283.9638682328,
      "period_days": 3.553487740921603
    },
    "Ganymede": {
      "id": 503,
      "planet": "Júpiter",
      "radius": 2634,
      "eccentricity": 0.002034500566855669,
      "orbit_km": 1070372.8660036328,
      "period_days": 7.154620315912345
    },
    "Callisto": {
      "id": 504,
      "planet": "Júpiter",
      "radius": 2410,
      "eccentricity": 0.006929871888934469,
      "orbit_km": 1883297.3805815356,
      "period_days": 16.69809588073611
    },
    "Titan": {
      "id": 606,
      "planet": "Saturno",
      "radius": 2575,
      "eccentricity": 0.02876211692151218,
      "orbit_km": 1221945.240994077,
      "period_days": 15.94755188664045
    }
  }
}