{
  "generated_at": "2026-06-12T07:26:27.700823+00:00",
  "source": "JPL Horizons",
  "planets": {
    "Mercúrio": {
      "id": 199,
      "radius": 2440,
      "orbit_km": 57909105.31016275,
      "period_days": 87.96918238720754,
      "eccentricity": 0.2056370939238171,
      "perihelion_arg_deg": 29.20153954725294,
      "a_AU": 0.3870984596184012,
      "i_deg": 7.003392171371625,
      "raan_deg": 48.29771723782446,
      "argp_deg": 29.20153954725294,
      "M_deg": 100.6065543011733
    },
    "Vênus": {
      "id": 299,
      "radius": 6052,
      "orbit_km": 108208155.85828297,
      "period_days": 224.698291723255,
      "eccentricity": 0.006785177738590642,
      "perihelion_arg_deg": 54.84413390892168,
      "a_AU": 0.7233268451746953,
      "i_deg": 3.394371394601902,
      "raan_deg": 76.60658472809081,
      "argp_deg": 54.84413390892168,
      "M_deg": 44.70603178142969
    },
    "Terra": {
      "id": 399,
      "radius": 6371,
      "orbit_km": 149703043.2046781,
      "period_days": 365.6415993679807,
      "eccentricity": 0.01612800044174213,
      "perihelion_arg_deg": 304.9278740187148,
      "a_AU": 1.000703034770388,
      "i_deg": 0.003372639952775181,
      "raan_deg": 159.8626635020736,
      "argp_deg": 304.9278740187148,
      "M_deg": 155.1467954718028
    },
    "Marte": {
      "id": 499,
      "radius": 3390,
      "orbit_km": 227927262.6460294,
      "period_days": 686.9176110366318,
      "eccentricity": 0.09342930639636218,
      "perihelion_arg_deg": 286.60943683605,
      "a_AU": 1.523599644697546,
      "i_deg": 1.847489256520857,
      "raan_deg": 49.4811619716457,
      "argp_deg": 286.60943683605,
      "M_deg": 40.73182949218116
    },
    "Júpiter": {
      "id": 599,
      "radius": 69911,
      "orbit_km": 778243189.3254783,
      "period_days": 4331.876965423333,
      "eccentricity": 0.04836946739421527,
      "perihelion_arg_deg": 273.5074894950577,
      "a_AU": 5.202234401358217,
      "i_deg": 1.303792555564201,
      "raan_deg": 100.5215040544436,
      "argp_deg": 273.5074894950577,
      "M_deg": 102.8662792890278
    },
    "Saturno": {
      "id": 699,
      "radius": 58232,
      "orbit_km": 1426957530.5234861,
      "period_days": 10758.82455050173,
      "eccentricity": 0.05515652314870037,
      "perihelion_arg_deg": 338.9562174020232,
      "a_AU": 9.538621932561279,
      "i_deg": 2.487216541961371,
      "raan_deg": 113.5789339641885,
      "argp_deg": 338.9562174020232,
      "M_deg": 280.7791679447093
    },
    "Urano": {
      "id": 799,
      "radius": 25362,
      "orbit_km": 2883091422.3795986,
      "period_days": 30902.13246467304,
      "eccentricity": 0.04728668967475994,
      "perihelion_arg_deg": 91.98770410571443,
      "a_AU": 19.27227579436128,
      "i_deg": 0.7734516312325111,
      "raan_deg": 74.00514634295199,
      "argp_deg": 91.98770410571443,
      "M_deg": 260.6806721585872
    },
    "Netuno": {
      "id": 899,
      "radius": 24622,
      "orbit_km": 4501742313.53685,
      "period_days": 60293.44138251005,
      "eccentricity": 0.01041644272905819,
      "perihelion_arg_deg": 278.2373451450214,
      "a_AU": 30.09228869683939,
      "i_deg": 1.769234471222982,
      "raan_deg": 131.7485132238679,
      "argp_deg": 278.2373451450214,
      "M_deg": 312.8862089451695
    }
  },
  "moons": {
    "Lua": {
      "id": 301,
      "planet": "Terra",
      "radius": 1737,
      "eccentricity": 0.07069568323922058,
      "orbit_km": 383354.90777353337,
      "period_days": 27.17341092541906
    },
    "Io": {
      "id": 501,
      "planet": "Júpiter",
      "radius": 1821,
      "eccentricity": 0.004342141004115141,
      "orbit_km": 422031.14748890075,
      "period_days": 1.771362490103278
    },
    "Europa": {
      "id": 502,
      "planet": "Júpiter",
      "radius": 1560,
      "eccentricity": 0.009213140230455984,
      "orbit_km": 671320.3716310346,
      "period_days": 3.553776835328579
    },
    "Ganymede": {
      "id": 503,
      "planet": "Júpiter",
      "radius": 2634,
      "eccentricity": 0.001293564340058535,
      "orbit_km": 1070817.821838982,
      "period_days": 7.159082061416709
    },
    "Callisto": {
      "id": 504,
      "planet": "Júpiter",
      "radius": 2410,
      "eccentricity": 0.006982847749013896,
      "orbit_km": 1882201.0032299226,
      "period_days": 16.68351659845025
    },
    "Titan": {
      "id": 606,
      "planet": "Saturno",
      "radius": 2575,
      "eccentricity": 0.02878289649744475,
      "orbit_km": 1221937.4634110986,
      "period_days": 15.94739962955899
    }
  }
}