{
  "generated_at": "2026-05-01T06:19:06.946979+00:00",
  "source": "JPL Horizons",
  "planets": {
    "Mercúrio": {
      "id": 199,
      "radius": 2440,
      "orbit_km": 57909109.61761526,
      "period_days": 87.9691922023242,
      "eccentricity": 0.2056334774195941,
      "perihelion_arg_deg": 29.20171705065792,
      "a_AU": 0.3870984884119428,
      "i_deg": 7.003385052271335,
      "raan_deg": 48.2979144723263,
      "argp_deg": 29.20171705065792,
      "M_deg": 288.7281643885796
    },
    "Vênus": {
      "id": 299,
      "radius": 6052,
      "orbit_km": 108208858.41046129,
      "period_days": 224.7004800407061,
      "eccentricity": 0.006791331818141884,
      "perihelion_arg_deg": 54.89494881059814,
      "a_AU": 0.7233315414459391,
      "i_deg": 3.394379260609139,
      "raan_deg": 76.60685122375384,
      "argp_deg": 54.89494881059814,
      "M_deg": 337.3655713511266
    },
    "Terra": {
      "id": 399,
      "radius": 6371,
      "orbit_km": 149468896.9519087,
      "period_days": 364.7841005155753,
      "eccentricity": 0.01699665665502504,
      "perihelion_arg_deg": 275.778153644027,
      "a_AU": 0.9991378637443984,
      "i_deg": 0.004460221629742448,
      "raan_deg": 184.5935009709244,
      "argp_deg": 275.778153644027,
      "M_deg": 118.2090612405328
    },
    "Marte": {
      "id": 499,
      "radius": 3390,
      "orbit_km": 227932132.38110694,
      "period_days": 686.9396254587829,
      "eccentricity": 0.09344516632245362,
      "perihelion_arg_deg": 286.6165350494836,
      "a_AU": 1.523632196865934,
      "i_deg": 1.847488945998117,
      "raan_deg": 49.48120627374653,
      "argp_deg": 286.6165350494836,
      "M_deg": 18.71378418285595
    },
    "Júpiter": {
      "id": 599,
      "radius": 69911,
      "orbit_km": 778416283.43363,
      "period_days": 4333.322266998545,
      "eccentricity": 0.04834026555589259,
      "perihelion_arg_deg": 273.7683382752316,
      "a_AU": 5.203391464004508,
      "i_deg": 1.303504703385851,
      "raan_deg": 100.516770183043,
      "argp_deg": 273.7683382752316,
      "M_deg": 99.11747314081877
    },
    "Saturno": {
      "id": 699,
      "radius": 58232,
      "orbit_km": 1427795788.1789494,
      "period_days": 10768.30625322707,
      "eccentricity": 0.0552759119122118,
      "perihelion_arg_deg": 338.2405217769089,
      "a_AU": 9.544225338890131,
      "i_deg": 2.488950821867772,
      "raan_deg": 113.7059594398296,
      "argp_deg": 338.2405217769089,
      "M_deg": 279.969497840535
    },
    "Urano": {
      "id": 799,
      "radius": 25362,
      "orbit_km": 2883720422.87761,
      "period_days": 30912.24583639026,
      "eccentricity": 0.04717212285651259,
      "perihelion_arg_deg": 91.72914117317285,
      "a_AU": 19.27648040299019,
      "i_deg": 0.7727821156253153,
      "raan_deg": 74.01638699559916,
      "argp_deg": 91.72914117317285,
      "M_deg": 260.4310905789866
    },
    "Netuno": {
      "id": 899,
      "radius": 24622,
      "orbit_km": 4502740145.46399,
      "period_days": 60313.4889719758,
      "eccentricity": 0.01070241830180348,
      "perihelion_arg_deg": 278.1686706912602,
      "a_AU": 30.09895879128974,
      "i_deg": 1.766150982358165,
      "raan_deg": 131.6296920480309,
      "argp_deg": 278.1686706912602,
      "M_deg": 312.8444030103311
    }
  },
  "moons": {
    "Lua": {
      "id": 301,
      "planet": "Terra",
      "radius": 1737,
      "eccentricity": 0.04507705572007512,
      "orbit_km": 387078.94045067026,
      "period_days": 27.57032784667417
    },
    "Io": {
      "id": 501,
      "planet": "Júpiter",
      "radius": 1821,
      "eccentricity": 0.003685508920650077,
      "orbit_km": 422026.3374466452,
      "period_days": 1.771332206897166
    },
    "Europa": {
      "id": 502,
      "planet": "Júpiter",
      "radius": 1560,
      "eccentricity": 0.009451353603750452,
      "orbit_km": 671292.8534166707,
      "period_days": 3.553558327307567
    },
    "Ganymede": {
      "id": 503,
      "planet": "Júpiter",
      "radius": 2634,
      "eccentricity": 0.001575458486298684,
      "orbit_km": 1070856.9925609976,
      "period_days": 7.15947488590855
    },
    "Callisto": {
      "id": 504,
      "planet": "Júpiter",
      "radius": 2410,
      "eccentricity": 0.006936982628894502,
      "orbit_km": 1883047.0114892002,
      "period_days": 16.69476617704542
    },
    "Titan": {
      "id": 606,
      "planet": "Saturno",
      "radius": 2575,
      "eccentricity": 0.02867137331172448,
      "orbit_km": 1221950.61159143,
      "period_days": 15.94765702388947
    }
  }
}