{
  "generated_at": "2026-05-23T06:15:40.385913+00:00",
  "source": "JPL Horizons",
  "planets": {
    "Mercúrio": {
      "id": 199,
      "radius": 2440,
      "orbit_km": 57909123.963050604,
      "period_days": 87.9692248903532,
      "eccentricity": 0.2056340595679073,
      "perihelion_arg_deg": 29.20193188774554,
      "a_AU": 0.3870985843052551,
      "i_deg": 7.003384247647575,
      "raan_deg": 48.29788121471202,
      "argp_deg": 29.20193188774554,
      "M_deg": 18.75955426876651
    },
    "Vênus": {
      "id": 299,
      "radius": 6052,
      "orbit_km": 108208707.54593256,
      "period_days": 224.7000101255711,
      "eccentricity": 0.006789571395345812,
      "perihelion_arg_deg": 54.86656246123922,
      "a_AU": 0.7233305329788532,
      "i_deg": 3.394372462056843,
      "raan_deg": 76.60671067478249,
      "argp_deg": 54.86656246123922,
      "M_deg": 12.64065731015869
    },
    "Terra": {
      "id": 399,
      "radius": 6371,
      "orbit_km": 149617276.4784583,
      "period_days": 365.3274234811941,
      "eccentricity": 0.01629895190211743,
      "perihelion_arg_deg": 263.1060255156727,
      "a_AU": 1.00012971961678,
      "i_deg": 0.004681165254961366,
      "raan_deg": 199.1756063418481,
      "argp_deg": 263.1060255156727,
      "M_deg": 138.0219497035236
    },
    "Marte": {
      "id": 499,
      "radius": 3390,
      "orbit_km": 227929243.04871574,
      "period_days": 686.9265637377347,
      "eccentricity": 0.09343522958343921,
      "perihelion_arg_deg": 286.6128628602484,
      "a_AU": 1.52361288287184,
      "i_deg": 1.847491521692949,
      "raan_deg": 49.48112007408754,
      "argp_deg": 286.6128628602484,
      "M_deg": 30.24695904740387
    },
    "Júpiter": {
      "id": 599,
      "radius": 69911,
      "orbit_km": 778417772.4852372,
      "period_days": 4333.334700982218,
      "eccentricity": 0.04820819788421814,
      "perihelion_arg_deg": 273.7470678138984,
      "a_AU": 5.203401417699706,
      "i_deg": 1.303368318790202,
      "raan_deg": 100.5144130473138,
      "argp_deg": 273.7470678138984,
      "M_deg": 100.9840506499453
    },
    "Saturno": {
      "id": 699,
      "radius": 58232,
      "orbit_km": 1427226968.2461648,
      "period_days": 10761.87191171447,
      "eccentricity": 0.05538278108685703,
      "perihelion_arg_deg": 338.7990190032261,
      "a_AU": 9.54042301249255,
      "i_deg": 2.487240452549377,
      "raan_deg": 113.5823873742372,
      "argp_deg": 338.7990190032261,
      "M_deg": 280.287466183841
    },
    "Urano": {
      "id": 799,
      "radius": 25362,
      "orbit_km": 2882987672.983852,
      "period_days": 30900.46443810491,
      "eccentricity": 0.04725164292637752,
      "perihelion_arg_deg": 92.01184934977407,
      "a_AU": 19.27158227248653,
      "i_deg": 0.7718132352011607,
      "raan_deg": 74.03264599326367,
      "argp_deg": 92.01184934977407,
      "M_deg": 260.3909896897688
    },
    "Netuno": {
      "id": 899,
      "radius": 24622,
      "orbit_km": 4500375858.304106,
      "period_days": 60265.99133192812,
      "eccentricity": 0.01042783224003797,
      "perihelion_arg_deg": 280.5055949382067,
      "a_AU": 30.08315450778743,
      "i_deg": 1.769419928975544,
      "raan_deg": 131.7558850724757,
      "argp_deg": 280.5055949382067,
      "M_deg": 310.5231748053895
    }
  },
  "moons": {
    "Lua": {
      "id": 301,
      "planet": "Terra",
      "radius": 1737,
      "eccentricity": 0.06219796228757794,
      "orbit_km": 380262.28056750435,
      "period_days": 26.84525216745896
    },
    "Io": {
      "id": 501,
      "planet": "Júpiter",
      "radius": 1821,
      "eccentricity": 0.004544124556944716,
      "orbit_km": 422034.09871121234,
      "period_days": 1.771381070581306
    },
    "Europa": {
      "id": 502,
      "planet": "Júpiter",
      "radius": 1560,
      "eccentricity": 0.009761438108012142,
      "orbit_km": 671245.2318599907,
      "period_days": 3.553180199541472
    },
    "Ganymede": {
      "id": 503,
      "planet": "Júpiter",
      "radius": 2634,
      "eccentricity": 0.001617345767399388,
      "orbit_km": 1070587.9604451128,
      "period_days": 7.156777035901714
    },
    "Callisto": {
      "id": 504,
      "planet": "Júpiter",
      "radius": 2410,
      "eccentricity": 0.007312615136193179,
      "orbit_km": 1883409.137711428,
      "period_days": 16.69958223040177
    },
    "Titan": {
      "id": 606,
      "planet": "Saturno",
      "radius": 2575,
      "eccentricity": 0.02878948686191277,
      "orbit_km": 1221942.131757792,
      "period_days": 15.9474910189267
    }
  }
}