{
  "generated_at": "2026-05-26T06:51:18.317528+00:00",
  "source": "JPL Horizons",
  "planets": {
    "Mercúrio": {
      "id": 199,
      "radius": 2440,
      "orbit_km": 57909153.34466195,
      "period_days": 87.9692918403706,
      "eccentricity": 0.2056345146667057,
      "perihelion_arg_deg": 29.20195170800953,
      "a_AU": 0.387098780709196,
      "i_deg": 7.00338332302386,
      "raan_deg": 48.29786308984415,
      "argp_deg": 29.20195170800953,
      "M_deg": 31.03654409046085
    },
    "Vênus": {
      "id": 299,
      "radius": 6052,
      "orbit_km": 108208634.32108606,
      "period_days": 224.6997820438205,
      "eccentricity": 0.006788980107009985,
      "perihelion_arg_deg": 54.86328551430005,
      "a_AU": 0.7233300435009873,
      "i_deg": 3.394371938567067,
      "raan_deg": 76.60668627353976,
      "argp_deg": 54.86328551430005,
      "M_deg": 17.45034398907464
    },
    "Terra": {
      "id": 399,
      "radius": 6371,
      "orbit_km": 149536451.70479876,
      "period_days": 365.0314330827038,
      "eccentricity": 0.01676094220276618,
      "perihelion_arg_deg": 264.483791286405,
      "a_AU": 0.9995894393756153,
      "i_deg": 0.004493343829503634,
      "raan_deg": 196.7597108074919,
      "argp_deg": 264.483791286405,
      "M_deg": 142.0105472266423
    },
    "Marte": {
      "id": 499,
      "radius": 3390,
      "orbit_km": 227928875.2250653,
      "period_days": 686.9249009339786,
      "eccentricity": 0.09343406847227186,
      "perihelion_arg_deg": 286.6122748590061,
      "a_AU": 1.523610424122603,
      "i_deg": 1.847491258586225,
      "raan_deg": 49.48112603462096,
      "argp_deg": 286.6122748590061,
      "M_deg": 31.81975085687816
    },
    "Júpiter": {
      "id": 599,
      "radius": 69911,
      "orbit_km": 778356679.7305113,
      "period_days": 4332.824569721733,
      "eccentricity": 0.04817759788918125,
      "perihelion_arg_deg": 273.642897041129,
      "a_AU": 5.202993037858201,
      "i_deg": 1.303433757852002,
      "raan_deg": 100.5154643623514,
      "argp_deg": 273.642897041129,
      "M_deg": 101.3423558430344
    },
    "Saturno": {
      "id": 699,
      "radius": 58232,
      "orbit_km": 1426990336.7310257,
      "period_days": 10759.19557583237,
      "eccentricity": 0.05522962854800671,
      "perihelion_arg_deg": 338.9658825988045,
      "a_AU": 9.538841228513729,
      "i_deg": 2.48693500397601,
      "raan_deg": 113.5596468657982,
      "argp_deg": 338.9658825988045,
      "M_deg": 280.2280550971149
    },
    "Urano": {
      "id": 799,
      "radius": 25362,
      "orbit_km": 2883349955.5364275,
      "period_days": 30906.28915125799,
      "eccentricity": 0.0472486015922054,
      "perihelion_arg_deg": 91.84689384736077,
      "a_AU": 19.2740039817721,
      "i_deg": 0.7712319345198109,
      "raan_deg": 74.0425268971104,
      "argp_deg": 91.84689384736077,
      "M_deg": 260.5839489189995
    },
    "Netuno": {
      "id": 899,
      "radius": 24622,
      "orbit_km": 4501671608.282996,
      "period_days": 60292.02091704049,
      "eccentricity": 0.01039486274801451,
      "perihelion_arg_deg": 278.1250618475843,
      "a_AU": 30.09181606141,
      "i_deg": 1.772357736385908,
      "raan_deg": 131.8695156605642,
      "argp_deg": 278.1250618475843,
      "M_deg": 312.774353964509
    }
  },
  "moons": {
    "Lua": {
      "id": 301,
      "planet": "Terra",
      "radius": 1737,
      "eccentricity": 0.05764246424840035,
      "orbit_km": 381776.99116258725,
      "period_days": 27.00581208804696
    },
    "Io": {
      "id": 501,
      "planet": "Júpiter",
      "radius": 1821,
      "eccentricity": 0.003523877202804246,
      "orbit_km": 422021.24200847704,
      "period_days": 1.771300127075277
    },
    "Europa": {
      "id": 502,
      "planet": "Júpiter",
      "radius": 1560,
      "eccentricity": 0.00954539185568715,
      "orbit_km": 671257.7156766348,
      "period_days": 3.553279323053075
    },
    "Ganymede": {
      "id": 503,
      "planet": "Júpiter",
      "radius": 2634,
      "eccentricity": 0.00155277971467095,
      "orbit_km": 1070417.4946777707,
      "period_days": 7.155067783178734
    },
    "Callisto": {
      "id": 504,
      "planet": "Júpiter",
      "radius": 2410,
      "eccentricity": 0.007518039995408359,
      "orbit_km": 1883381.7577653516,
      "period_days": 16.69921807797995
    },
    "Titan": {
      "id": 606,
      "planet": "Saturno",
      "radius": 2575,
      "eccentricity": 0.02880587662112336,
      "orbit_km": 1221947.1995912795,
      "period_days": 15.94759022900063
    }
  }
}