{
  "generated_at": "2026-06-18T08:12:32.129207+00:00",
  "source": "JPL Horizons",
  "planets": {
    "Mercúrio": {
      "id": 199,
      "radius": 2440,
      "orbit_km": 57909046.53479993,
      "period_days": 87.96904845958237,
      "eccentricity": 0.2056378266303957,
      "perihelion_arg_deg": 29.20129898155945,
      "a_AU": 0.3870980667293678,
      "i_deg": 7.00339451475092,
      "raan_deg": 48.29770969426007,
      "argp_deg": 29.20129898155945,
      "M_deg": 125.1608623642254
    },
    "Vênus": {
      "id": 299,
      "radius": 6052,
      "orbit_km": 108208021.17340553,
      "period_days": 224.6978722060908,
      "eccentricity": 0.006784073552541101,
      "perihelion_arg_deg": 54.83834925323117,
      "a_AU": 0.7233259448618979,
      "i_deg": 3.394371737966816,
      "raan_deg": 76.60656263747487,
      "argp_deg": 54.83834925323117,
      "M_deg": 54.32478341811133
    },
    "Terra": {
      "id": 399,
      "radius": 6371,
      "orbit_km": 149707877.88565835,
      "period_days": 365.6593121818354,
      "eccentricity": 0.01588949210229341,
      "perihelion_arg_deg": 257.4827107411662,
      "a_AU": 1.000735352616609,
      "i_deg": 0.003873176944154893,
      "raan_deg": 205.4007108492546,
      "argp_deg": 257.4827107411662,
      "M_deg": 163.0291970985423
    },
    "Marte": {
      "id": 499,
      "radius": 3390,
      "orbit_km": 227926890.24732992,
      "period_days": 686.9159275579801,
      "eccentricity": 0.09342824239643328,
      "perihelion_arg_deg": 286.6087563545564,
      "a_AU": 1.523597155365995,
      "i_deg": 1.847488405322411,
      "raan_deg": 49.48117332766991,
      "argp_deg": 286.6087563545564,
      "M_deg": 43.8769885759684
    },
    "Júpiter": {
      "id": 599,
      "radius": 69911,
      "orbit_km": 778241803.0818841,
      "period_days": 4331.865391212144,
      "eccentricity": 0.04825935128398293,
      "perihelion_arg_deg": 273.4775016363743,
      "a_AU": 5.202225134892139,
      "i_deg": 1.303684587565903,
      "raan_deg": 100.5196666164125,
      "argp_deg": 273.4775016363743,
      "M_deg": 103.4098688510401
    },
    "Saturno": {
      "id": 699,
      "radius": 58232,
      "orbit_km": 1427572103.8041046,
      "period_days": 10765.7758414582,
      "eccentricity": 0.05524043919945699,
      "perihelion_arg_deg": 338.3963263212334,
      "a_AU": 9.542730101198591,
      "i_deg": 2.488847708021942,
      "raan_deg": 113.705587316515,
      "argp_deg": 338.3963263212334,
      "M_deg": 281.4167755174911
    },
    "Urano": {
      "id": 799,
      "radius": 25362,
      "orbit_km": 2882650812.8034964,
      "period_days": 30895.04878958147,
      "eccentricity": 0.04731727221705588,
      "perihelion_arg_deg": 92.13396156743724,
      "a_AU": 19.26933050126292,
      "i_deg": 0.7712288285555438,
      "raan_deg": 74.04186432099196,
      "argp_deg": 92.13396156743724,
      "M_deg": 260.5672203475489
    },
    "Netuno": {
      "id": 899,
      "radius": 24622,
      "orbit_km": 4501536529.319036,
      "period_days": 60289.30721755245,
      "eccentricity": 0.01036842254373562,
      "perihelion_arg_deg": 278.3079541751993,
      "a_AU": 30.09091311430702,
      "i_deg": 1.769868844794577,
      "raan_deg": 131.7731506013793,
      "argp_deg": 278.3079541751993,
      "M_deg": 312.8240728801823
    }
  },
  "moons": {
    "Lua": {
      "id": 301,
      "planet": "Terra",
      "radius": 1737,
      "eccentricity": 0.07188814556097693,
      "orbit_km": 383748.44051276025,
      "period_days": 27.21526393368894
    },
    "Io": {
      "id": 501,
      "planet": "Júpiter",
      "radius": 1821,
      "eccentricity": 0.003634651734575313,
      "orbit_km": 422022.04250538256,
      "period_days": 1.771305166824946
    },
    "Europa": {
      "id": 502,
      "planet": "Júpiter",
      "radius": 1560,
      "eccentricity": 0.009406281758020357,
      "orbit_km": 671307.208729483,
      "period_days": 3.553672314922312
    },
    "Ganymede": {
      "id": 503,
      "planet": "Júpiter",
      "radius": 2634,
      "eccentricity": 0.00191271258837139,
      "orbit_km": 1070365.789823738,
      "period_days": 7.154549367789916
    },
    "Callisto": {
      "id": 504,
      "planet": "Júpiter",
      "radius": 2410,
      "eccentricity": 0.00707541640375149,
      "orbit_km": 1883243.5836857061,
      "period_days": 16.69738040745071
    },
    "Titan": {
      "id": 606,
      "planet": "Saturno",
      "radius": 2575,
      "eccentricity": 0.02868683634150786,
      "orbit_km": 1221927.3741532974,
      "period_days": 15.94720211892672
    }
  }
}