{
  "generated_at": "2026-02-06T04:52:01.521642+00:00",
  "source": "JPL Horizons",
  "planets": {
    "Mercúrio": {
      "id": 199,
      "radius": 2440,
      "orbit_km": 57909158.09302396,
      "period_days": 87.96930266016402,
      "eccentricity": 0.2056326437454234,
      "perihelion_arg_deg": 29.20071832037641,
      "a_AU": 0.3870988124500355,
      "i_deg": 7.003387648454149,
      "raan_deg": 48.29819423767731,
      "argp_deg": 29.20071832037641,
      "M_deg": 304.9728966505549
    },
    "Vênus": {
      "id": 299,
      "radius": 6052,
      "orbit_km": 108208961.16725884,
      "period_days": 224.700800109334,
      "eccentricity": 0.006784608538528448,
      "perihelion_arg_deg": 54.90749726791891,
      "a_AU": 0.7233322283327048,
      "i_deg": 3.394385289531257,
      "raan_deg": 76.60700534341957,
      "argp_deg": 54.90749726791891,
      "M_deg": 202.7733277985361
    },
    "Terra": {
      "id": 399,
      "radius": 6371,
      "orbit_km": 149508394.40701914,
      "period_days": 364.9287024601165,
      "eccentricity": 0.01635511666966387,
      "perihelion_arg_deg": 300.4952436078307,
      "a_AU": 0.9994018879241919,
      "i_deg": 0.005056010131690145,
      "raan_deg": 160.5741076182944,
      "argp_deg": 300.4952436078307,
      "M_deg": 34.67907444691544
    },
    "Marte": {
      "id": 499,
      "radius": 3390,
      "orbit_km": 227940983.50342155,
      "period_days": 686.979638985686,
      "eccentricity": 0.0934807205927035,
      "perihelion_arg_deg": 286.6222823067574,
      "a_AU": 1.523691362964176,
      "i_deg": 1.847480713472208,
      "raan_deg": 49.4825107152588,
      "argp_deg": 286.6222823067574,
      "M_deg": 334.6881497329862
    },
    "Júpiter": {
      "id": 599,
      "radius": 69911,
      "orbit_km": 778219894.1732033,
      "period_days": 4331.682467778294,
      "eccentricity": 0.04820954451064421,
      "perihelion_arg_deg": 273.4460290171763,
      "a_AU": 5.202078682883308,
      "i_deg": 1.303580956799892,
      "raan_deg": 100.5180528641445,
      "argp_deg": 273.4460290171763,
      "M_deg": 92.4787572479592
    },
    "Saturno": {
      "id": 699,
      "radius": 58232,
      "orbit_km": 1427761140.7903986,
      "period_days": 10767.91429441497,
      "eccentricity": 0.05521550029922093,
      "perihelion_arg_deg": 338.3457208916517,
      "a_AU": 9.543993735402804,
      "i_deg": 2.487709917127617,
      "raan_deg": 113.6206116399484,
      "argp_deg": 338.3457208916517,
      "M_deg": 277.1346580417928
    },
    "Urano": {
      "id": 799,
      "radius": 25362,
      "orbit_km": 2884175827.557064,
      "period_days": 30919.56873968151,
      "eccentricity": 0.0469362459928622,
      "perihelion_arg_deg": 91.56436741003839,
      "a_AU": 19.27952459524589,
      "i_deg": 0.7717915761777079,
      "raan_deg": 74.03490332651172,
      "argp_deg": 91.56436741003839,
      "M_deg": 259.5758599837282
    },
    "Netuno": {
      "id": 899,
      "radius": 24622,
      "orbit_km": 4503255827.289579,
      "period_days": 60323.85048283159,
      "eccentricity": 0.01091226480601559,
      "perihelion_arg_deg": 278.2038990539617,
      "a_AU": 30.10240591138026,
      "i_deg": 1.770351625937351,
      "raan_deg": 131.7922159499171,
      "argp_deg": 278.2038990539617,
      "M_deg": 312.1660266659952
    }
  },
  "moons": {
    "Lua": {
      "id": 301,
      "planet": "Terra",
      "radius": 1737,
      "eccentricity": 0.06197169697287448,
      "orbit_km": 382747.34350882634,
      "period_days": 27.10883740616041
    },
    "Io": {
      "id": 501,
      "planet": "Júpiter",
      "radius": 1821,
      "eccentricity": 0.004039843531847283,
      "orbit_km": 422025.45924139355,
      "period_days": 1.771326677885233
    },
    "Europa": {
      "id": 502,
      "planet": "Júpiter",
      "radius": 1560,
      "eccentricity": 0.00971100937583473,
      "orbit_km": 671227.8380615753,
      "period_days": 3.553042091521893
    },
    "Ganymede": {
      "id": 503,
      "planet": "Júpiter",
      "radius": 2634,
      "eccentricity": 0.00195254592669748,
      "orbit_km": 1070658.327218601,
      "period_days": 7.157482640114756
    },
    "Callisto": {
      "id": 504,
      "planet": "Júpiter",
      "radius": 2410,
      "eccentricity": 0.007243305706533139,
      "orbit_km": 1882713.0317681965,
      "period_days": 16.69032486510813
    },
    "Titan": {
      "id": 606,
      "planet": "Saturno",
      "radius": 2575,
      "eccentricity": 0.02874942752156716,
      "orbit_km": 1221918.4833104857,
      "period_days": 15.94702806953669
    }
  }
}