{
  "generated_at": "2026-07-19T06:02:53.348407+00:00",
  "source": "JPL Horizons",
  "planets": {
    "Mercúrio": {
      "id": 199,
      "radius": 2440,
      "orbit_km": 57909045.66974,
      "period_days": 87.96904648842664,
      "eccentricity": 0.2056368095387354,
      "perihelion_arg_deg": 29.20167525828177,
      "a_AU": 0.3870980609467993,
      "i_deg": 7.003371443704766,
      "raan_deg": 48.29751453021295,
      "argp_deg": 29.20167525828177,
      "M_deg": 252.0233511487785
    },
    "Vênus": {
      "id": 299,
      "radius": 6052,
      "orbit_km": 108207981.00416322,
      "period_days": 224.6977470867742,
      "eccentricity": 0.006780524314005728,
      "perihelion_arg_deg": 54.84122055722849,
      "a_AU": 0.7233256763470981,
      "i_deg": 3.39437070016309,
      "raan_deg": 76.60655786376739,
      "argp_deg": 54.84122055722849,
      "M_deg": 103.9890188905825
    },
    "Terra": {
      "id": 399,
      "radius": 6371,
      "orbit_km": 149671740.8124997,
      "period_days": 365.5269237591266,
      "eccentricity": 0.01626237060931327,
      "perihelion_arg_deg": 251.2700874089965,
      "a_AU": 1.000493791202736,
      "i_deg": 0.003022263718690243,
      "raan_deg": 210.2383838849877,
      "argp_deg": 251.2700874089965,
      "M_deg": 194.9667101316314
    },
    "Marte": {
      "id": 499,
      "radius": 3390,
      "orbit_km": 227926673.9574901,
      "period_days": 686.9149497911584,
      "eccentricity": 0.093425995868648,
      "perihelion_arg_deg": 286.6090464674961,
      "a_AU": 1.523595709557717,
      "i_deg": 1.847483003645132,
      "raan_deg": 49.48120910519314,
      "argp_deg": 286.6090464674961,
      "M_deg": 60.12343785359376
    },
    "Júpiter": {
      "id": 599,
      "radius": 69911,
      "orbit_km": 778291655.9882007,
      "period_days": 4332.281636273283,
      "eccentricity": 0.04828463862208823,
      "perihelion_arg_deg": 273.5666866767422,
      "a_AU": 5.20255838098771,
      "i_deg": 1.303595280995698,
      "raan_deg": 100.5180542014843,
      "argp_deg": 273.5666866767422,
      "M_deg": 105.8930320890837
    },
    "Saturno": {
      "id": 699,
      "radius": 58232,
      "orbit_km": 1427408006.5118852,
      "period_days": 10763.91962989746,
      "eccentricity": 0.0551688526786256,
      "perihelion_arg_deg": 338.5023665473367,
      "a_AU": 9.541633178552221,
      "i_deg": 2.488756590352164,
      "raan_deg": 113.7033404633809,
      "argp_deg": 338.5023665473367,
      "M_deg": 282.343071630339
    },
    "Urano": {
      "id": 799,
      "radius": 25362,
      "orbit_km": 2882689163.7521744,
      "period_days": 30895.66533583436,
      "eccentricity": 0.04736261618488515,
      "perihelion_arg_deg": 92.14904178745526,
      "a_AU": 19.26958686152058,
      "i_deg": 0.7737008597190758,
      "raan_deg": 74.00143564602502,
      "argp_deg": 92.14904178745526,
      "M_deg": 260.9594249676899
    },
    "Netuno": {
      "id": 899,
      "radius": 24622,
      "orbit_km": 4499109617.232189,
      "period_days": 60240.55815512737,
      "eccentricity": 0.01001165667520616,
      "perihelion_arg_deg": 280.330750256506,
      "a_AU": 30.07469020902441,
      "i_deg": 1.775582905132561,
      "raan_deg": 131.9955889665187,
      "argp_deg": 280.330750256506,
      "M_deg": 310.7635552061782
    }
  },
  "moons": {
    "Lua": {
      "id": 301,
      "planet": "Terra",
      "radius": 1737,
      "eccentricity": 0.06900125785087469,
      "orbit_km": 381661.4880895168,
      "period_days": 26.99355747964243
    },
    "Io": {
      "id": 501,
      "planet": "Júpiter",
      "radius": 1821,
      "eccentricity": 0.004424261320058331,
      "orbit_km": 422031.06712837087,
      "period_days": 1.771361984165663
    },
    "Europa": {
      "id": 502,
      "planet": "Júpiter",
      "radius": 1560,
      "eccentricity": 0.009654885994768988,
      "orbit_km": 671228.7721819158,
      "period_days": 3.553049508459603
    },
    "Ganymede": {
      "id": 503,
      "planet": "Júpiter",
      "radius": 2634,
      "eccentricity": 0.001923242338811752,
      "orbit_km": 1070575.1590180486,
      "period_days": 7.156648671831574
    },
    "Callisto": {
      "id": 504,
      "planet": "Júpiter",
      "radius": 2410,
      "eccentricity": 0.007148817599006246,
      "orbit_km": 1882549.3831927886,
      "period_days": 16.68814878583822
    },
    "Titan": {
      "id": 606,
      "planet": "Saturno",
      "radius": 2575,
      "eccentricity": 0.02867179445494946,
      "orbit_km": 1221945.451978121,
      "period_days": 15.94755601695541
    }
  }
}