{
  "generated_at": "2026-04-10T05:30:03.673063+00:00",
  "source": "JPL Horizons",
  "planets": {
    "Mercúrio": {
      "id": 199,
      "radius": 2440,
      "orbit_km": 57909170.35105761,
      "period_days": 87.96933059177533,
      "eccentricity": 0.2056341684847118,
      "perihelion_arg_deg": 29.20117960357329,
      "a_AU": 0.3870988943899294,
      "i_deg": 7.003388632963063,
      "raan_deg": 48.29802403701046,
      "argp_deg": 29.20117960357329,
      "M_deg": 202.7896712868742
    },
    "Vênus": {
      "id": 299,
      "radius": 6052,
      "orbit_km": 108208495.85839853,
      "period_days": 224.6993507585637,
      "eccentricity": 0.006790355563551756,
      "perihelion_arg_deg": 54.93014049730884,
      "a_AU": 0.7233291179350892,
      "i_deg": 3.394385382216097,
      "raan_deg": 76.60688266008215,
      "argp_deg": 54.93014049730884,
      "M_deg": 303.6857713166071
    },
    "Terra": {
      "id": 399,
      "radius": 6371,
      "orbit_km": 149596668.3387636,
      "period_days": 365.2519463087142,
      "eccentricity": 0.01702755961563845,
      "perihelion_arg_deg": 305.4940673662328,
      "a_AU": 0.999991962711563,
      "i_deg": 0.002370363316352849,
      "raan_deg": 157.5722453455166,
      "argp_deg": 305.4940673662328,
      "M_deg": 94.7651681044436
    },
    "Marte": {
      "id": 499,
      "radius": 3390,
      "orbit_km": 227934831.17291963,
      "period_days": 686.9518258833481,
      "eccentricity": 0.0934551275453387,
      "perihelion_arg_deg": 286.6191462807313,
      "a_AU": 1.523650237174931,
      "i_deg": 1.847483963133473,
      "raan_deg": 49.48145142801095,
      "argp_deg": 286.6191462807313,
      "M_deg": 7.705899808320285
    },
    "Júpiter": {
      "id": 599,
      "radius": 69911,
      "orbit_km": 778463812.3217634,
      "period_days": 4333.719151938187,
      "eccentricity": 0.04820850692001551,
      "perihelion_arg_deg": 273.8203592893675,
      "a_AU": 5.20370917499806,
      "i_deg": 1.303276371986479,
      "raan_deg": 100.5139704187378,
      "argp_deg": 273.8203592893675,
      "M_deg": 97.33783542264469
    },
    "Saturno": {
      "id": 699,
      "radius": 58232,
      "orbit_km": 1427343440.6947389,
      "period_days": 10763.18931305284,
      "eccentricity": 0.0551970552250158,
      "perihelion_arg_deg": 338.6652687981522,
      "a_AU": 9.541201582722387,
      "i_deg": 2.487403688912309,
      "raan_deg": 113.5982698935542,
      "argp_deg": 338.6652687981522,
      "M_deg": 278.9445122651119
    },
    "Urano": {
      "id": 799,
      "radius": 25362,
      "orbit_km": 2883570914.617531,
      "period_days": 30909.84187093471,
      "eccentricity": 0.04712528630609959,
      "perihelion_arg_deg": 91.78887421115637,
      "a_AU": 19.27548100200019,
      "i_deg": 0.7719606243982511,
      "raan_deg": 74.0308205392547,
      "argp_deg": 91.78887421115637,
      "M_deg": 260.1054894275164
    },
    "Netuno": {
      "id": 899,
      "radius": 24622,
      "orbit_km": 4501728056.674093,
      "period_days": 60293.1549618605,
      "eccentricity": 0.01049157074590461,
      "perihelion_arg_deg": 278.4058657231636,
      "a_AU": 30.0921933955982,
      "i_deg": 1.775427607356652,
      "raan_deg": 131.9857176796625,
      "argp_deg": 278.4058657231636,
      "M_deg": 312.1164584090225
    }
  },
  "moons": {
    "Lua": {
      "id": 301,
      "planet": "Terra",
      "radius": 1737,
      "eccentricity": 0.06695286854879522,
      "orbit_km": 379810.9644731702,
      "period_days": 26.79747422822535
    },
    "Io": {
      "id": 501,
      "planet": "Júpiter",
      "radius": 1821,
      "eccentricity": 0.003506331547405364,
      "orbit_km": 422021.09930388565,
      "period_days": 1.771299228639555
    },
    "Europa": {
      "id": 502,
      "planet": "Júpiter",
      "radius": 1560,
      "eccentricity": 0.009564216095863713,
      "orbit_km": 671272.6425880434,
      "period_days": 3.553397846339933
    },
    "Ganymede": {
      "id": 503,
      "planet": "Júpiter",
      "radius": 2634,
      "eccentricity": 0.001550674459570248,
      "orbit_km": 1070866.3437358337,
      "period_days": 7.159568665444026
    },
    "Callisto": {
      "id": 504,
      "planet": "Júpiter",
      "radius": 2410,
      "eccentricity": 0.007204143598738671,
      "orbit_km": 1882357.9440696454,
      "period_days": 16.68560328819213
    },
    "Titan": {
      "id": 606,
      "planet": "Saturno",
      "radius": 2575,
      "eccentricity": 0.02876658649744147,
      "orbit_km": 1221919.1843154428,
      "period_days": 15.94704179256424
    }
  }
}