{
  "generated_at": "2026-07-23T06:05:15.319234+00:00",
  "source": "JPL Horizons",
  "planets": {
    "Mercúrio": {
      "id": 199,
      "radius": 2440,
      "orbit_km": 57909024.72474165,
      "period_days": 87.96899876242773,
      "eccentricity": 0.2056367243530094,
      "perihelion_arg_deg": 29.20182318194161,
      "a_AU": 0.3870979209381331,
      "i_deg": 7.003371232660495,
      "raan_deg": 48.29747600812664,
      "argp_deg": 29.20182318194161,
      "M_deg": 268.3926110547051
    },
    "Vênus": {
      "id": 299,
      "radius": 6052,
      "orbit_km": 108208048.3655534,
      "period_days": 224.6979569043148,
      "eccentricity": 0.006780099691282377,
      "perihelion_arg_deg": 54.84562532757718,
      "a_AU": 0.7233261266301794,
      "i_deg": 3.394369716780698,
      "raan_deg": 76.60656297810897,
      "argp_deg": 54.84562532757718,
      "M_deg": 110.3932432659047
    },
    "Terra": {
      "id": 399,
      "radius": 6371,
      "orbit_km": 149567082.07726446,
      "period_days": 365.1435959150322,
      "eccentricity": 0.01695338553773154,
      "perihelion_arg_deg": 278.48435494491,
      "a_AU": 0.9997941907689497,
      "i_deg": 0.003319307077970979,
      "raan_deg": 183.5873326421427,
      "argp_deg": 278.48435494491,
      "M_deg": 198.3494306722598
    },
    "Marte": {
      "id": 499,
      "radius": 3390,
      "orbit_km": 227926870.50328985,
      "period_days": 686.9158383024169,
      "eccentricity": 0.09342593324815904,
      "perihelion_arg_deg": 286.6096423762182,
      "a_AU": 1.523597023385239,
      "i_deg": 1.847482143462195,
      "raan_deg": 49.48121019220576,
      "argp_deg": 286.6096423762182,
      "M_deg": 62.21921731290285
    },
    "Júpiter": {
      "id": 599,
      "radius": 69911,
      "orbit_km": 778206143.7909518,
      "period_days": 4331.567663414385,
      "eccentricity": 0.04833890448573881,
      "perihelion_arg_deg": 273.4448659406768,
      "a_AU": 5.201986767255184,
      "i_deg": 1.303766477174507,
      "raan_deg": 100.5215573285485,
      "argp_deg": 273.4448659406768,
      "M_deg": 106.3416698806921
    },
    "Saturno": {
      "id": 699,
      "radius": 58232,
      "orbit_km": 1427374791.710773,
      "period_days": 10763.54392858967,
      "eccentricity": 0.05534475006369617,
      "perihelion_arg_deg": 338.6073598302008,
      "a_AU": 9.541411151320439,
      "i_deg": 2.488275001144957,
      "raan_deg": 113.6627442104434,
      "argp_deg": 338.6073598302008,
      "M_deg": 282.4333011104862
    },
    "Urano": {
      "id": 799,
      "radius": 25362,
      "orbit_km": 2882468010.7510033,
      "period_days": 30892.11004197025,
      "eccentricity": 0.0473801441190299,
      "perihelion_arg_deg": 92.21207771225365,
      "a_AU": 19.2681085450169,
      "i_deg": 0.7719334299557656,
      "raan_deg": 74.02969531739215,
      "argp_deg": 92.21207771225365,
      "M_deg": 260.9148504849197
    },
    "Netuno": {
      "id": 899,
      "radius": 24622,
      "orbit_km": 4500943095.098629,
      "period_days": 60277.38576924297,
      "eccentricity": 0.01026296175352889,
      "perihelion_arg_deg": 278.8020436370046,
      "a_AU": 30.08694625155938,
      "i_deg": 1.768666040783608,
      "raan_deg": 131.7256276927178,
      "argp_deg": 278.8020436370046,
      "M_deg": 312.5837070291781
    }
  },
  "moons": {
    "Lua": {
      "id": 301,
      "planet": "Terra",
      "radius": 1737,
      "eccentricity": 0.06560366757886318,
      "orbit_km": 380565.02255886595,
      "period_days": 26.87731741384857
    },
    "Io": {
      "id": 501,
      "planet": "Júpiter",
      "radius": 1821,
      "eccentricity": 0.003538189798673207,
      "orbit_km": 422020.0523307147,
      "period_days": 1.771292637138717
    },
    "Europa": {
      "id": 502,
      "planet": "Júpiter",
      "radius": 1560,
      "eccentricity": 0.009466482367808851,
      "orbit_km": 671264.0541883208,
      "period_days": 3.553329652207932
    },
    "Ganymede": {
      "id": 503,
      "planet": "Júpiter",
      "radius": 2634,
      "eccentricity": 0.001809152555669122,
      "orbit_km": 1070446.6994139894,
      "period_days": 7.155360608118869
    },
    "Callisto": {
      "id": 504,
      "planet": "Júpiter",
      "radius": 2410,
      "eccentricity": 0.007043170152539945,
      "orbit_km": 1883409.8432046939,
      "period_days": 16.699591613475
    },
    "Titan": {
      "id": 606,
      "planet": "Saturno",
      "radius": 2575,
      "eccentricity": 0.02871236640573167,
      "orbit_km": 1221970.7105350634,
      "period_days": 15.94805049197395
    }
  }
}