{
  "generated_at": "2026-05-15T06:36:37.878293+00:00",
  "source": "JPL Horizons",
  "planets": {
    "Mercúrio": {
      "id": 199,
      "radius": 2440,
      "orbit_km": 57909064.9294361,
      "period_days": 87.9690903742451,
      "eccentricity": 0.2056332331471029,
      "perihelion_arg_deg": 29.2019366521776,
      "a_AU": 0.3870981896899159,
      "i_deg": 7.003386705411391,
      "raan_deg": 48.29789714866205,
      "argp_deg": 29.2019366521776,
      "M_deg": 346.0207995614903
    },
    "Vênus": {
      "id": 299,
      "radius": 6052,
      "orbit_km": 108208842.71265678,
      "period_days": 224.70043114493,
      "eccentricity": 0.006790708429132468,
      "perihelion_arg_deg": 54.87554989555056,
      "a_AU": 0.7233314365125973,
      "i_deg": 3.394374553841507,
      "raan_deg": 76.6067748923796,
      "argp_deg": 54.87554989555056,
      "M_deg": 359.8146360568363
    },
    "Terra": {
      "id": 399,
      "radius": 6371,
      "orbit_km": 149725591.4612461,
      "period_days": 365.7242118272168,
      "eccentricity": 0.01625177993943513,
      "perihelion_arg_deg": 311.5048630225882,
      "a_AU": 1.000853760555872,
      "i_deg": 0.002895095786474822,
      "raan_deg": 154.0672081601535,
      "argp_deg": 311.5048630225882,
      "M_deg": 126.7815313386557
    },
    "Marte": {
      "id": 499,
      "radius": 3390,
      "orbit_km": 227930295.4712306,
      "period_days": 686.9313213840546,
      "eccentricity": 0.09343871800105255,
      "perihelion_arg_deg": 286.6143682160584,
      "a_AU": 1.52361991788183,
      "i_deg": 1.847491488157043,
      "raan_deg": 49.48112135269229,
      "argp_deg": 286.6143682160584,
      "M_deg": 26.05290749037744
    },
    "Júpiter": {
      "id": 599,
      "radius": 69911,
      "orbit_km": 778333363.149057,
      "period_days": 4332.629878965473,
      "eccentricity": 0.04836115017870804,
      "perihelion_arg_deg": 273.6440988091145,
      "a_AU": 5.202837176138076,
      "i_deg": 1.30365930693074,
      "raan_deg": 100.5190731265748,
      "argp_deg": 273.6440988091145,
      "M_deg": 100.4028862291399
    },
    "Saturno": {
      "id": 699,
      "radius": 58232,
      "orbit_km": 1427557233.133299,
      "period_days": 10765.60762520017,
      "eccentricity": 0.05517585354064819,
      "perihelion_arg_deg": 338.4168370639547,
      "a_AU": 9.542630696904025,
      "i_deg": 2.488624715347296,
      "raan_deg": 113.684669237012,
      "argp_deg": 338.4168370639547,
      "M_deg": 280.2729860334223
    },
    "Urano": {
      "id": 799,
      "radius": 25362,
      "orbit_km": 2883319623.0587335,
      "period_days": 30905.8014571477,
      "eccentricity": 0.04721860985875249,
      "perihelion_arg_deg": 91.89728168347212,
      "a_AU": 19.27380122168232,
      "i_deg": 0.773080421539652,
      "raan_deg": 74.01122844376107,
      "argp_deg": 91.89728168347212,
      "M_deg": 260.4329459702094
    },
    "Netuno": {
      "id": 899,
      "radius": 24622,
      "orbit_km": 4501032251.290006,
      "period_days": 60279.17676942088,
      "eccentricity": 0.01033647608090789,
      "perihelion_arg_deg": 278.782320648344,
      "a_AU": 30.08754222388812,
      "i_deg": 1.77509390338024,
      "raan_deg": 131.9743194452754,
      "argp_deg": 278.782320648344,
      "M_deg": 311.9521720890447
    }
  },
  "moons": {
    "Lua": {
      "id": 301,
      "planet": "Terra",
      "radius": 1737,
      "eccentricity": 0.07229136481881437,
      "orbit_km": 385125.3064965353,
      "period_days": 27.36186529564191
    },
    "Io": {
      "id": 501,
      "planet": "Júpiter",
      "radius": 1821,
      "eccentricity": 0.003883574738594714,
      "orbit_km": 422028.78420793306,
      "period_days": 1.771347611267589
    },
    "Europa": {
      "id": 502,
      "planet": "Júpiter",
      "radius": 1560,
      "eccentricity": 0.009384830626744377,
      "orbit_km": 671302.711080764,
      "period_days": 3.55363660144548
    },
    "Ganymede": {
      "id": 503,
      "planet": "Júpiter",
      "radius": 2634,
      "eccentricity": 0.001604478019887715,
      "orbit_km": 1070874.6874636307,
      "period_days": 7.159652342004786
    },
    "Callisto": {
      "id": 504,
      "planet": "Júpiter",
      "radius": 2410,
      "eccentricity": 0.007050872122818715,
      "orbit_km": 1882430.26205002,
      "period_days": 16.68656485933585
    },
    "Titan": {
      "id": 606,
      "planet": "Saturno",
      "radius": 2575,
      "eccentricity": 0.0286781595471109,
      "orbit_km": 1221966.7669671883,
      "period_days": 15.94797329024361
    }
  }
}